person_id,person_name,election_date,ward_name,votes_received,is_elected,party_name,source_url
87bdc834130099cb,Ali Wajad,2018-05-03,Acocks Green Ward,525,False,Conservative Party Candidate,https://www.birmingham.gov.uk/info/50381/past_election_results/1685/local_government_election_results_may_2018
6711b70b9f075c6c,Baker Amanda Caroline,2018-05-03,Acocks Green Ward,201,False,Green Party,https://www.birmingham.gov.uk/info/50381/past_election_results/1685/local_government_election_results_may_2018
6656f6900b5a826e,"Flynn, Eamonn Kevin",2018-05-03,Acocks Green Ward,71,False,Trade Unionist and Socialist Coalition,https://www.birmingham.gov.uk/info/50381/past_election_results/1685/local_government_election_results_may_2018
1063309d855b9d74,O'Shea John,2018-05-03,Acocks Green Ward,2249,True,Labour Party,https://www.birmingham.gov.uk/info/50381/past_election_results/1685/local_government_election_results_may_2018
e17641be8b013eb1,Penny Wagg,2018-05-03,Acocks Green Ward,1737,False,Liberal Democrat,https://www.birmingham.gov.uk/info/50381/past_election_results/1685/local_government_election_results_may_2018
839951214549804d,Roger Harmer,2018-05-03,Acocks Green Ward,1857,True,Liberal Democrat,https://www.birmingham.gov.uk/info/50381/past_election_results/1685/local_government_election_results_may_2018
23d4e8c557060b1b,Watson Luke,2018-05-03,Acocks Green Ward,329,False,Conservative Party Candidate,https://www.birmingham.gov.uk/info/50381/past_election_results/1685/local_government_election_results_may_2018
43cf005b16da0200,"Williams, Fiona",2018-05-03,Acocks Green Ward,1521,False,Labour Party,https://www.birmingham.gov.uk/info/50381/past_election_results/1685/local_government_election_results_may_2018
8dd86ab2bbdb8264,Beck Peter Charles,2018-05-03,Allens Cross Ward,52,False,Green Party,https://www.birmingham.gov.uk/info/50381/past_election_results/1685/local_government_election_results_may_2018
9657547e2df4d589,Bedser Steve,2018-05-03,Allens Cross Ward,974,False,Labour and Co-operative Party,https://www.birmingham.gov.uk/info/50381/past_election_results/1685/local_government_election_results_may_2018
102f733614311601,Eddie Freeman,2018-05-03,Allens Cross Ward,1023,True,The Conservative Party,https://www.birmingham.gov.uk/info/50381/past_election_results/1685/local_government_election_results_may_2018
693fdd0bc1b4876a,Fielden Claire Alexandra,2018-05-03,Allens Cross Ward,63,False,Liberal Democrat,https://www.birmingham.gov.uk/info/50381/past_election_results/1685/local_government_election_results_may_2018
bcd5ac33c6b4f38f,Rodgers Dick,2018-05-03,Allens Cross Ward,72,False,Common Good,https://www.birmingham.gov.uk/info/50381/past_election_results/1685/local_government_election_results_may_2018
874bd90b9aef0aea,Brookes-Bland,2018-05-03,Alum Rock Ward,215,False,Conservative Party Candidate,https://www.birmingham.gov.uk/info/50381/past_election_results/1685/local_government_election_results_may_2018
4f8039f4354d0a85,"Idrees, Mohammed",2018-05-03,Alum Rock Ward,4910,True,Labour Party,https://www.birmingham.gov.uk/info/50381/past_election_results/1685/local_government_election_results_may_2018
0884495a333756fc,Khan Amil,2018-05-03,Alum Rock Ward,214,False,Conservative Party Candidate,https://www.birmingham.gov.uk/info/50381/past_election_results/1685/local_government_election_results_may_2018
b8c7734b79830807,"Khan, Mariam",2018-05-03,Alum Rock Ward,4464,True,Labour Party,https://www.birmingham.gov.uk/info/50381/past_election_results/1685/local_government_election_results_may_2018
8b6712271721b5d4,Lister Thomas,2018-05-03,Alum Rock Ward,296,False,Liberal Democrat,https://www.birmingham.gov.uk/info/50381/past_election_results/1685/local_government_election_results_may_2018
fce658ccddc1c090,Ross Colin,2018-05-03,Alum Rock Ward,187,False,Liberal Democrat,https://www.birmingham.gov.uk/info/50381/past_election_results/1685/local_government_election_results_may_2018
3f449d7ad171322a,Afzal Muhammad,2018-05-03,Aston Ward,2902,True,Labour Party,https://www.birmingham.gov.uk/info/50381/past_election_results/1685/local_government_election_results_may_2018
4dfd250770731f8f,Aziz Abdul,2018-05-03,Aston Ward,1134,False,Independent,https://www.birmingham.gov.uk/info/50381/past_election_results/1685/local_government_election_results_may_2018
fe57d2cee50421a9,Bennett Margaret Sandra,2018-05-03,Aston Ward,328,False,Conservative Party Candidate,https://www.birmingham.gov.uk/info/50381/past_election_results/1685/local_government_election_results_may_2018
65e0fbf328afac45,Choudhury Jahid Ahmed,2018-05-03,Aston Ward,891,False,Conservative Party Candidate,https://www.birmingham.gov.uk/info/50381/past_election_results/1685/local_government_election_results_may_2018
d5fa29fb1a267444,Kauser Nagina,2018-05-03,Aston Ward,2793,True,Labour Party,https://www.birmingham.gov.uk/info/50381/past_election_results/1685/local_government_election_results_may_2018
19738e5d1cef6c1b,Khan Ayoub,2018-05-03,Aston Ward,2252,False,Liberal Democrat,https://www.birmingham.gov.uk/info/50381/past_election_results/1685/local_government_election_results_may_2018
a387574ad953eff0,Rana Vijay,2018-05-03,Aston Ward,160,False,Green Party,https://www.birmingham.gov.uk/info/50381/past_election_results/1685/local_government_election_results_may_2018
cb09f9b7ad504681,Uddin Sham,2018-05-03,Aston Ward,1546,False,Liberal Democrat,https://www.birmingham.gov.uk/info/50381/past_election_results/1685/local_government_election_results_may_2018
4cf8506e3947c530,Fazel Ali,2018-05-03,Balsall Heath West Ward,139,False,The Conservative Party Candidate,https://www.birmingham.gov.uk/info/50381/past_election_results/1685/local_government_election_results_may_2018
d0ca44ba6fa31be0,"Guest, Martin John",2018-05-03,Balsall Heath West Ward,98,False,Green Party,https://www.birmingham.gov.uk/info/50381/past_election_results/1685/local_government_election_results_may_2018
af727a896275d356,Ibrahem Sammi,2018-05-03,Balsall Heath West Ward,156,False,Birmingham Worker,https://www.birmingham.gov.uk/info/50381/past_election_results/1685/local_government_election_results_may_2018
256b83a673b841f4,Issa Islam Ahmed,2018-05-03,Balsall Heath West Ward,204,False,Liberal Democrat,https://www.birmingham.gov.uk/info/50381/past_election_results/1685/local_government_election_results_may_2018
4b130b5f20d17e89,"Malik, Zhor",2018-05-03,Balsall Heath West Ward,1938,True,Labour Party,https://www.birmingham.gov.uk/info/50381/past_election_results/1685/local_government_election_results_may_2018
b736dab60c7c7a71,Lines John,2018-05-03,Bartley Green Ward,2626,True,Conservative Party Candidate,https://www.birmingham.gov.uk/info/50381/past_election_results/1685/local_government_election_results_may_2018
9eaf33340104d356,"Lines, Bruce John",2018-05-03,Bartley Green Ward,2627,True,Conservative Party Candidate,https://www.birmingham.gov.uk/info/50381/past_election_results/1685/local_government_election_results_may_2018
b79823f3229eacad,Osborne David,2018-05-03,Bartley Green Ward,113,False,Liberal Democrat,https://www.birmingham.gov.uk/info/50381/past_election_results/1685/local_government_election_results_may_2018
6c2a098e3d3bd9ca,Osborne Maureen Ada,2018-05-03,Bartley Green Ward,110,False,Liberal Democrat,https://www.birmingham.gov.uk/info/50381/past_election_results/1685/local_government_election_results_may_2018
74eec6fb3a52a98d,Preston Paul,2018-05-03,Bartley Green Ward,1296,False,Labour Party,https://www.birmingham.gov.uk/info/50381/past_election_results/1685/local_government_election_results_may_2018
ed199f894a938b68,"Robertson, James",2018-05-03,Bartley Green Ward,188,False,Green Party,https://www.birmingham.gov.uk/info/50381/past_election_results/1685/local_government_election_results_may_2018
812e78af540c445f,"Shemmans, Joanne",2018-05-03,Bartley Green Ward,1197,False,Labour Party,https://www.birmingham.gov.uk/info/50381/past_election_results/1685/local_government_election_results_may_2018
a3bb997e3748dc6f,Davis Phil,2018-05-03,Billesley Ward,2537,True,Labour Party,https://www.birmingham.gov.uk/info/50381/past_election_results/1685/local_government_election_results_may_2018
0446202d1d70e0b8,Gaussen David,2018-05-03,Billesley Ward,139,False,Green Party,https://www.birmingham.gov.uk/info/50381/past_election_results/1685/local_government_election_results_may_2018
47d6d1fff4c3fe1f,"Grant, Robert Andrew",2018-05-03,Billesley Ward,232,False,Green Party,https://www.birmingham.gov.uk/info/50381/past_election_results/1685/local_government_election_results_may_2018
9488d43672b3fc34,Huxley Tom,2018-05-03,Billesley Ward,2037,False,Conservative Party Candidate,https://www.birmingham.gov.uk/info/50381/past_election_results/1685/local_government_election_results_may_2018
3898a3816eb5a6c3,James Jane,2018-05-03,Billesley Ward,2035,False,Conservative Party Candidate,https://www.birmingham.gov.uk/info/50381/past_election_results/1685/local_government_election_results_may_2018
bf12b9b4423e1942,Morrow Alan,2018-05-03,Billesley Ward,220,False,Liberal Democrat,https://www.birmingham.gov.uk/info/50381/past_election_results/1685/local_government_election_results_may_2018
bf790498d2a48eeb,Seymour-Smith Lucy Emma,2018-05-03,Billesley Ward,2309,True,Labour Party,https://www.birmingham.gov.uk/info/50381/past_election_results/1685/local_government_election_results_may_2018
d3581c602cbdeef4,Wagg Philip Richard Charles,2018-05-03,Billesley Ward,110,False,Liberal Democrat,https://www.birmingham.gov.uk/info/50381/past_election_results/1685/local_government_election_results_may_2018
ee5ec4d691b17863,Billah Rezaul,2018-05-03,Birchfield Ward,155,False,Liberal Democrat,https://www.birmingham.gov.uk/info/50381/past_election_results/1685/local_government_election_results_may_2018
8ea6dfca9efc824f,Hussain Mahmood,2018-05-03,Birchfield Ward,1905,True,Labour Party,https://www.birmingham.gov.uk/info/50381/past_election_results/1685/local_government_election_results_may_2018
ba7ad2aac72ff44f,Khan Raja Shahpal,2018-05-03,Birchfield Ward,217,False,The Conservative Party Candidate,https://www.birmingham.gov.uk/info/50381/past_election_results/1685/local_government_election_results_may_2018
e7e8f304a95fff9b,Clawley Alan,2018-05-03,Bordesley Green Ward,84,False,Green Party,https://www.birmingham.gov.uk/info/50381/past_election_results/1685/local_government_election_results_may_2018
78c507e13cbf2546,Mohammed Saeed,2018-05-03,Bordesley Green Ward,540,False,Liberal Democrat,https://www.birmingham.gov.uk/info/50381/past_election_results/1685/local_government_election_results_may_2018
f7b0cddad62d7b44,Rashid Chauhdry,2018-05-03,Bordesley Green Ward,1664,True,Labour Party,https://www.birmingham.gov.uk/info/50381/past_election_results/1685/local_government_election_results_may_2018
5a41b350ba76a80f,Tifow Ayan,2018-05-03,Bordesley Green Ward,109,False,The Conservative Party Candidate,https://www.birmingham.gov.uk/info/50381/past_election_results/1685/local_government_election_results_may_2018
d5cfd3e7d44e2f37,Iliff Daniel James,2018-05-03,Bordesley and Highgate Ward,120,False,Liberal Democrat,https://www.birmingham.gov.uk/info/50381/past_election_results/1685/local_government_election_results_may_2018
c0c0f54c047af5ca,Jenkins Tom,2018-05-03,Bordesley and Highgate Ward,90,False,Green Party,https://www.birmingham.gov.uk/info/50381/past_election_results/1685/local_government_election_results_may_2018
0e522192c744910f,Mackey Julia,2018-05-03,Bordesley and Highgate Ward,113,False,The Conservative Party Candidate,https://www.birmingham.gov.uk/info/50381/past_election_results/1685/local_government_election_results_may_2018
32606fe94344d82b,Mosquito Yvonne Maria,2018-05-03,Bordesley and Highgate Ward,1176,True,Labour Party,https://www.birmingham.gov.uk/info/50381/past_election_results/1685/local_government_election_results_may_2018
fb01e9eb18b4e219,Calcutt Jake,2018-05-03,Bournbrook and Selly Park Ward,476,False,Liberal Democrat,https://www.birmingham.gov.uk/info/50381/past_election_results/1685/local_government_election_results_may_2018
37d0bc5665690e15,Gillan Angus Fraser,2018-05-03,Bournbrook and Selly Park Ward,411,False,Conservative Party Candidate,https://www.birmingham.gov.uk/info/50381/past_election_results/1685/local_government_election_results_may_2018
b2ff0757fa8d6514,"Hardie, Monica Catherine",2018-05-03,Bournbrook and Selly Park Ward,423,False,Conservative Party Candidate,https://www.birmingham.gov.uk/info/50381/past_election_results/1685/local_government_election_results_may_2018
5b4982d865bbba2e,Jones Brigid,2018-05-03,Bournbrook and Selly Park Ward,1884,True,Labour and Co-operative Party,https://www.birmingham.gov.uk/info/50381/past_election_results/1685/local_government_election_results_may_2018
bdf1231e4322f7a3,Kiff Alice Jean,2018-05-03,Bournbrook and Selly Park Ward,266,False,Green Party,https://www.birmingham.gov.uk/info/50381/past_election_results/1685/local_government_election_results_may_2018
21d165db4ec38848,Mabbett Benjamin,2018-05-03,Bournbrook and Selly Park Ward,123,False,Green Party,https://www.birmingham.gov.uk/info/50381/past_election_results/1685/local_government_election_results_may_2018
261b23a348daf30f,"McCarthy, Karen Teresa",2018-05-03,Bournbrook and Selly Park Ward,1773,True,Labour and Co-operative Party,https://www.birmingham.gov.uk/info/50381/past_election_results/1685/local_government_election_results_may_2018
b29b41bb030de319,Thornton Sophie,2018-05-03,Bournbrook and Selly Park Ward,413,False,Liberal Democrat,https://www.birmingham.gov.uk/info/50381/past_election_results/1685/local_government_election_results_may_2018
43ef19df2cf4df5c,Witts Sam,2018-05-03,Bournbrook and Selly Park Ward,82,False,Trade Unionist and Socialist Coalition,https://www.birmingham.gov.uk/info/50381/past_election_results/1685/local_government_election_results_may_2018
5ccfbe8e025e9069,Clements Liz,2018-05-03,Bournville Ward,2809,True,Labour Party,https://www.birmingham.gov.uk/info/50381/past_election_results/1685/local_government_election_results_may_2018
8651a0d08230797e,Douglas Osborn Peter Ernest,2018-05-03,Bournville Ward,1899,False,Conservative Party Candidate,https://www.birmingham.gov.uk/info/50381/past_election_results/1685/local_government_election_results_may_2018
d7b678b344afd3f3,Grindrod Fred,2018-05-03,Bournville Ward,2505,True,Labour Party,https://www.birmingham.gov.uk/info/50381/past_election_results/1685/local_government_election_results_may_2018
c84815032bb293c4,"Hammond, Claire Marie",2018-05-03,Bournville Ward,371,False,Green Party,https://www.birmingham.gov.uk/info/50381/past_election_results/1685/local_government_election_results_may_2018
250af6464d8e3645,Masters Anna,2018-05-03,Bournville Ward,410,False,Green Party,https://www.birmingham.gov.uk/info/50381/past_election_results/1685/local_government_election_results_may_2018
26145382626305ff,"Radcliffe, David Stephen",2018-05-03,Bournville Ward,284,False,Liberal Democrat,https://www.birmingham.gov.uk/info/50381/past_election_results/1685/local_government_election_results_may_2018
ab02d070e341a8cc,Sealey Rob,2018-05-03,Bournville Ward,2065,False,Conservative Party Candidate,https://www.birmingham.gov.uk/info/50381/past_election_results/1685/local_government_election_results_may_2018
ed444aedbf198d6d,Stimpson Timothy Matthew,2018-05-03,Bournville Ward,194,False,Liberal Democrat,https://www.birmingham.gov.uk/info/50381/past_election_results/1685/local_government_election_results_may_2018
dc1c72b6b5fdaedd,Walder Clive Richard,2018-05-03,Bournville Ward,41,False,Trade Unionist and Socialist Coalition,https://www.birmingham.gov.uk/info/50381/past_election_results/1685/local_government_election_results_may_2018
2ab41682745b0b2f,Burgess Chris,2018-05-03,Brandwood and Kings Heath Ward,479,False,Liberal Democrat,https://www.birmingham.gov.uk/info/50381/past_election_results/1685/local_government_election_results_may_2018
e664620a1d1689ba,Cox Patrick,2018-05-03,Brandwood and Kings Heath Ward,658,False,Green Party,https://www.birmingham.gov.uk/info/50381/past_election_results/1685/local_government_election_results_may_2018
88539a497902ac41,Cremer Katherine,2018-05-03,Brandwood and Kings Heath Ward,95,False,Birmingham Worker,https://www.birmingham.gov.uk/info/50381/past_election_results/1685/local_government_election_results_may_2018
ddc9a8ecd59385f0,Franks Gordon John,2018-05-03,Brandwood and Kings Heath Ward,1122,False,Conservative Party Candidate,https://www.birmingham.gov.uk/info/50381/past_election_results/1685/local_government_election_results_may_2018
51bee26e2d3019b1,Gilliam Rob,2018-05-03,Brandwood and Kings Heath Ward,293,False,Liberal Democrat,https://www.birmingham.gov.uk/info/50381/past_election_results/1685/local_government_election_results_may_2018
631907493c5cfcc3,Kaya Julie,2018-05-03,Brandwood and Kings Heath Ward,392,False,Green Party,https://www.birmingham.gov.uk/info/50381/past_election_results/1685/local_government_election_results_may_2018
615b87ff4fffa214,Leddy Mike,2018-05-03,Brandwood and Kings Heath Ward,3350,True,Labour Party,https://www.birmingham.gov.uk/info/50381/past_election_results/1685/local_government_election_results_may_2018
5e7c134b3ac31704,Mackenzie-Lawrie Joshua Duncan,2018-05-03,Brandwood and Kings Heath Ward,829,False,Conservative Party Candidate,https://www.birmingham.gov.uk/info/50381/past_election_results/1685/local_government_election_results_may_2018
7e8fea23e71ac9fb,Murray Bill,2018-05-03,Brandwood and Kings Heath Ward,78,False,Trade Unionist and Socialist Coalition,https://www.birmingham.gov.uk/info/50381/past_election_results/1685/local_government_election_results_may_2018
4dd69b60f0f22d86,"Trickett, Lisa",2018-05-03,Brandwood and Kings Heath Ward,3395,True,Labour Party,https://www.birmingham.gov.uk/info/50381/past_election_results/1685/local_government_election_results_may_2018
d33c39b3b4851240,Diane Donaldson,2018-05-03,Bromford and Hodge Hill Ward,2435,True,Labour Party,https://www.birmingham.gov.uk/info/50381/past_election_results/1685/local_government_election_results_may_2018
30e7e31d089263a0,Majid Mahmood,2018-05-03,Bromford and Hodge Hill Ward,2569,True,Labour Party,https://www.birmingham.gov.uk/info/50381/past_election_results/1685/local_government_election_results_may_2018
2cb871d066b6e360,"Mehmood, Asad",2018-05-03,Bromford and Hodge Hill Ward,254,False,Liberal Democrat,https://www.birmingham.gov.uk/info/50381/past_election_results/1685/local_government_election_results_may_2018
09178100c21fc61a,Neilly Gwyn,2018-05-03,Bromford and Hodge Hill Ward,424,False,Liberal Democrat,https://www.birmingham.gov.uk/info/50381/past_election_results/1685/local_government_election_results_may_2018
0b2eac5073d16fad,Rahman Aminur,2018-05-03,Bromford and Hodge Hill Ward,721,False,Conservative Party Candidate,https://www.birmingham.gov.uk/info/50381/past_election_results/1685/local_government_election_results_may_2018
7b0f9752c736c788,Tudor Bogdan,2018-05-03,Bromford and Hodge Hill Ward,617,False,Conservative Party Candidate,https://www.birmingham.gov.uk/info/50381/past_election_results/1685/local_government_election_results_may_2018
a562d3f77ab2c8bc,Clinton Lynda,2018-05-03,Castle Vale Ward,640,False,Labour Party,https://www.birmingham.gov.uk/info/50381/past_election_results/1685/local_government_election_results_may_2018/2
5a0c66c962221b24,Holtom Trevor,2018-05-03,Castle Vale Ward,35,False,Liberal Democrat,https://www.birmingham.gov.uk/info/50381/past_election_results/1685/local_government_election_results_may_2018/2
d629c9c289717bfa,Sucilla-O'Sullivan Kris,2018-05-03,Castle Vale Ward,34,False,Trade Unionist and Socialist Coalition,https://www.birmingham.gov.uk/info/50381/past_election_results/1685/local_government_election_results_may_2018/2
b21581a73462cc83,Webb Suzanne,2018-05-03,Castle Vale Ward,731,True,The Conservative Party Candidate,https://www.birmingham.gov.uk/info/50381/past_election_results/1685/local_government_election_results_may_2018/2
5a8dcb8bc7afc7ed,Brittain Ben Ashley,2018-05-03,Druids Heath and Monyhull Ward,688,False,The Conservative Party Candidate,https://www.birmingham.gov.uk/info/50381/past_election_results/1685/local_government_election_results_may_2018/2
3d5e017c2d6fc411,Cox Emily Rohaise,2018-05-03,Druids Heath and Monyhull Ward,27,False,Liberal Democrat,https://www.birmingham.gov.uk/info/50381/past_election_results/1685/local_government_election_results_may_2018/2
ef1dae00a2b407d9,Julien Pritchard,2018-05-03,Druids Heath and Monyhull Ward,1201,True,Green Party,https://www.birmingham.gov.uk/info/50381/past_election_results/1685/local_government_election_results_may_2018/2
dbb678b5fcc2d69e,Quinn Victoria,2018-05-03,Druids Heath and Monyhull Ward,725,False,Labour Party,https://www.birmingham.gov.uk/info/50381/past_election_results/1685/local_government_election_results_may_2018/2
9e800954d0211a8e,Chamberlain Daniel Murray,2018-05-03,Edgbaston Ward,259,False,Liberal Democrat,https://www.birmingham.gov.uk/info/50381/past_election_results/1685/local_government_election_results_may_2018/2
0dcb543c3f319b7d,Deirdre Alden,2018-05-03,Edgbaston Ward,2067,True,Conservative Party Candidate,https://www.birmingham.gov.uk/info/50381/past_election_results/1685/local_government_election_results_may_2018/2
cf3a7bf9f6af592d,Marcus Bernasconi,2018-05-03,Edgbaston Ward,1470,False,Labour Party,https://www.birmingham.gov.uk/info/50381/past_election_results/1685/local_government_election_results_may_2018/2
04e7b6e7c6c1883d,Matt Bennett,2018-05-03,Edgbaston Ward,1969,True,Conservative Party Candidate,https://www.birmingham.gov.uk/info/50381/past_election_results/1685/local_government_election_results_may_2018/2
1eb5d325e57d4c5c,Nettle Alexander,2018-05-03,Edgbaston Ward,279,False,Green Party,https://www.birmingham.gov.uk/info/50381/past_election_results/1685/local_government_election_results_may_2018/2
b782eeea56f219b9,Nolan Jenny,2018-05-03,Edgbaston Ward,1571,False,Labour Party,https://www.birmingham.gov.uk/info/50381/past_election_results/1685/local_government_election_results_may_2018/2
9667ba5d5c379dec,Scott Jamie Christian,2018-05-03,Edgbaston Ward,222,False,Liberal Democrat,https://www.birmingham.gov.uk/info/50381/past_election_results/1685/local_government_election_results_may_2018/2
70028b3208a462d6,Collins Rebecca,2018-05-03,Erdington Ward,259,False,Green Party,https://www.birmingham.gov.uk/info/50381/past_election_results/1685/local_government_election_results_may_2018/2
e8a73b39bc3827a9,Gareth Moore,2018-05-03,Erdington Ward,2456,True,Conservative Party Candidate,https://www.birmingham.gov.uk/info/50381/past_election_results/1685/local_government_election_results_may_2018/2
0b5f30c049daa6b8,Hooper Vic,2018-05-03,Erdington Ward,1837,False,Labour and Co-operative Party,https://www.birmingham.gov.uk/info/50381/past_election_results/1685/local_government_election_results_may_2018/2
bf35309592fe9f7b,Hunt Tom,2018-05-03,Erdington Ward,126,False,Liberal Democrat,https://www.birmingham.gov.uk/info/50381/past_election_results/1685/local_government_election_results_may_2018/2
4868238ef7398916,Reilly Callum Lewis,2018-05-03,Erdington Ward,132,False,Liberal Democrat,https://www.birmingham.gov.uk/info/50381/past_election_results/1685/local_government_election_results_may_2018/2
567f63894f876fa2,Robert Alden,2018-05-03,Erdington Ward,2727,True,Conservative Party Candidate,https://www.birmingham.gov.uk/info/50381/past_election_results/1685/local_government_election_results_may_2018/2
1bf9b67a97cedb68,Smyth Dee,2018-05-03,Erdington Ward,1666,False,Labour and Co-operative Party,https://www.birmingham.gov.uk/info/50381/past_election_results/1685/local_government_election_results_may_2018/2
ecaa036d5a220c40,Cartwright Andrew,2018-05-03,Frankley Great Park Ward,904,False,Labour Party,https://www.birmingham.gov.uk/info/50381/past_election_results/1685/local_government_election_results_may_2018/2
3d4384c0cda2f59c,Jerome Gerard,2018-05-03,Frankley Great Park Ward,78,False,Liberal Democrat,https://www.birmingham.gov.uk/info/50381/past_election_results/1685/local_government_election_results_may_2018/2
37a897fcecf62d99,"Morrall, Simon",2018-05-03,Frankley Great Park Ward,1019,True,The Conservative Party Candidate,https://www.birmingham.gov.uk/info/50381/past_election_results/1685/local_government_election_results_may_2018/2
8d25586a2959be41,Conn Simon Elliot,2018-05-03,Garretts Green Ward,151,False,The Conservative Party Candidate,https://www.birmingham.gov.uk/info/50381/past_election_results/1685/local_government_election_results_may_2018/2
15ef9c4d37f87364,Jones Carol,2018-05-03,Garretts Green Ward,824,False,Liberal Democrat,https://www.birmingham.gov.uk/info/50381/past_election_results/1685/local_government_election_results_may_2018/2
cb64786b9ff3b219,Saddak Miah,2018-05-03,Garretts Green Ward,961,True,Labour Party,https://www.birmingham.gov.uk/info/50381/past_election_results/1685/local_government_election_results_may_2018/2
828f3ec20973105d,"Bridle, Marje",2018-05-03,Glebe Farm and Tile Cross Ward,2302,True,Labour Party,https://www.birmingham.gov.uk/info/50381/past_election_results/1685/local_government_election_results_may_2018/2
a7e4b01ed45173c0,Clayton Paul,2018-05-03,Glebe Farm and Tile Cross Ward,366,False,Independent,https://www.birmingham.gov.uk/info/50381/past_election_results/1685/local_government_election_results_may_2018/2
e58baedc3ea586ca,"Cotton, John",2018-05-03,Glebe Farm and Tile Cross Ward,2102,True,Labour Party,https://www.birmingham.gov.uk/info/50381/past_election_results/1685/local_government_election_results_may_2018/2
8777ac06e9ff2118,Gasson Rosemary Elisabeth,2018-05-03,Glebe Farm and Tile Cross Ward,518,False,Conservative Party Candidate,https://www.birmingham.gov.uk/info/50381/past_election_results/1685/local_government_election_results_may_2018/2
518d11388816be9d,Rahman Rafiqur,2018-05-03,Glebe Farm and Tile Cross Ward,256,False,Liberal Democrat,https://www.birmingham.gov.uk/info/50381/past_election_results/1685/local_government_election_results_may_2018/2
007c55bdf1362704,Rehman Shamsur,2018-05-03,Glebe Farm and Tile Cross Ward,244,False,Liberal Democrat,https://www.birmingham.gov.uk/info/50381/past_election_results/1685/local_government_election_results_may_2018/2
656b512a61b24089,"Robinson, Fergus David",2018-05-03,Glebe Farm and Tile Cross Ward,456,False,Conservative Party Candidate,https://www.birmingham.gov.uk/info/50381/past_election_results/1685/local_government_election_results_may_2018/2
f6644831c60fe01b,Mick Brown,2018-05-03,Gravelly Hill Ward,1238,True,Labour and Co-operative Party,https://www.birmingham.gov.uk/info/50381/past_election_results/1685/local_government_election_results_may_2018/2
dd8bfcfc761a8473,Nawaz Luqmaan,2018-05-03,Gravelly Hill Ward,297,False,The Conservative Party Candidate,https://www.birmingham.gov.uk/info/50381/past_election_results/1685/local_government_election_results_may_2018/2
17696c6f02019f97,Philip Mills,2018-05-03,Gravelly Hill Ward,133,False,Liberal Democrat,https://www.birmingham.gov.uk/info/50381/past_election_results/1685/local_government_election_results_may_2018/2
2708117e78764bf1,"Ahmed, Akhlaq",2018-05-03,Hall Green North Ward,2989,True,Labour Party,https://www.birmingham.gov.uk/info/50381/past_election_results/1685/local_government_election_results_may_2018/3
2c74a5a82f376800,Courage Gareth,2018-05-03,Hall Green North Ward,341,False,Green Party,https://www.birmingham.gov.uk/info/50381/past_election_results/1685/local_government_election_results_may_2018/3
fde46f01873a6239,Harvey Bob,2018-05-03,Hall Green North Ward,1098,False,Independent,https://www.birmingham.gov.uk/info/50381/past_election_results/1685/local_government_election_results_may_2018/3
cfcea7e8564deada,Hussain Tukeer,2018-05-03,Hall Green North Ward,529,False,Conservative Party Candidate,https://www.birmingham.gov.uk/info/50381/past_election_results/1685/local_government_election_results_may_2018/3
1b3f387558051a80,Robson Lou,2018-05-03,Hall Green North Ward,2922,True,Labour Party,https://www.birmingham.gov.uk/info/50381/past_election_results/1685/local_government_election_results_may_2018/3
89d49970068ca7da,Singh Sohan,2018-05-03,Hall Green North Ward,687,False,Conservative Party Candidate,https://www.birmingham.gov.uk/info/50381/past_election_results/1685/local_government_election_results_may_2018/3
73d96befb8bb3fb3,Spruce Andrew James,2018-05-03,Hall Green North Ward,386,False,Liberal Democrat,https://www.birmingham.gov.uk/info/50381/past_election_results/1685/local_government_election_results_may_2018/3
be795fc98c1b6db9,Spruce Stephanie Louise,2018-05-03,Hall Green North Ward,345,False,Liberal Democrat,https://www.birmingham.gov.uk/info/50381/past_election_results/1685/local_government_election_results_may_2018/3
3913f7301f66bac8,"Evans, Jerry",2018-05-03,Hall Green South Ward,154,False,Liberal Democrat,https://www.birmingham.gov.uk/info/50381/past_election_results/1685/local_government_election_results_may_2018/3
e1a34292eb46b02a,Grant Ulla,2018-05-03,Hall Green South Ward,124,False,Green Party,https://www.birmingham.gov.uk/info/50381/past_election_results/1685/local_government_election_results_may_2018/3
717d1c5fc33e42d7,"Huxtable, Tim",2018-05-03,Hall Green South Ward,1744,True,The Conservative Party Candidate,https://www.birmingham.gov.uk/info/50381/past_election_results/1685/local_government_election_results_may_2018/3
8aafb2c18a5221eb,Khan Changese,2018-05-03,Hall Green South Ward,885,False,Labour and Co-operative Party,https://www.birmingham.gov.uk/info/50381/past_election_results/1685/local_government_election_results_may_2018/3
f4915666da033e1f,Douglas Kingsley Seymour,2018-05-03,Handsworth Ward,80,False,Liberal Democrat,https://www.birmingham.gov.uk/info/50381/past_election_results/1685/local_government_election_results_may_2018/3
a18b4a6a3b7b7637,Green Susan,2018-05-03,Handsworth Ward,146,False,Green Party,https://www.birmingham.gov.uk/info/50381/past_election_results/1685/local_government_election_results_may_2018/3
d5bf5ab3b922799b,Quinnen Hendrina,2018-05-03,Handsworth Ward,1726,True,Labour Party,https://www.birmingham.gov.uk/info/50381/past_election_results/1685/local_government_election_results_may_2018/3
5d6628049dec36ae,Rahman Enam-Ur Abu Sala Mohammed,2018-05-03,Handsworth Ward,455,False,The Conservative Party Candidate,https://www.birmingham.gov.uk/info/50381/past_election_results/1685/local_government_election_results_may_2018/3
5d2f0c14a4be48d1,Aathouli-Singh PG,2018-05-03,Handsworth Wood Ward,64,False,Independent,https://www.birmingham.gov.uk/info/50381/past_election_results/1685/local_government_election_results_may_2018/3
c220218df4233c7e,Ali Rizwan,2018-05-03,Handsworth Wood Ward,200,False,Liberal Democrat,https://www.birmingham.gov.uk/info/50381/past_election_results/1685/local_government_election_results_may_2018/3
7a21854756e71e6c,Atwal Gurdial Singh,2018-05-03,Handsworth Wood Ward,2509,True,Labour Party,https://www.birmingham.gov.uk/info/50381/past_election_results/1685/local_government_election_results_may_2018/3
691e65d87820ea9c,Chumber Ravi,2018-05-03,Handsworth Wood Ward,679,False,Conservative Party Candidate,https://www.birmingham.gov.uk/info/50381/past_election_results/1685/local_government_election_results_may_2018/3
fdff633abc70bf36,Fairclough Eric Wyn,2018-05-03,Handsworth Wood Ward,283,False,Green Party,https://www.birmingham.gov.uk/info/50381/past_election_results/1685/local_government_election_results_may_2018/3
c7fc46e38149c515,Jenkins Rachel Mary,2018-05-03,Handsworth Wood Ward,134,False,Trade Unionist and Socialist Coalition,https://www.birmingham.gov.uk/info/50381/past_election_results/1685/local_government_election_results_may_2018/3
5b2edf2638a4b9fe,Jolliffe Nicholas Mabin,2018-05-03,Handsworth Wood Ward,245,False,Liberal Democrat,https://www.birmingham.gov.uk/info/50381/past_election_results/1685/local_government_election_results_may_2018/3
1df08592aff597ef,Narinder Kaur Kooner OBE,2018-05-03,Handsworth Wood Ward,2606,True,Labour Party,https://www.birmingham.gov.uk/info/50381/past_election_results/1685/local_government_election_results_may_2018/3
35248bd34d1ff947,White Steve,2018-05-03,Handsworth Wood Ward,693,False,Conservative Party Candidate,https://www.birmingham.gov.uk/info/50381/past_election_results/1685/local_government_election_results_may_2018/3
d17fd25d4540d0fa,Fowler Peter John,2018-05-03,Harborne Ward,2533,True,Conservative Party Candidate,https://www.birmingham.gov.uk/info/50381/past_election_results/1685/local_government_election_results_may_2018/3
5ac91d822b1e1d1b,Francis Jayne,2018-05-03,Harborne Ward,2623,True,Labour Party,https://www.birmingham.gov.uk/info/50381/past_election_results/1685/local_government_election_results_may_2018/3
639ed5c3352010e5,"Garrett, Ian Anthony George",2018-05-03,Harborne Ward,646,False,Liberal Democrat,https://www.birmingham.gov.uk/info/50381/past_election_results/1685/local_government_election_results_may_2018/3
7eedbb9bac89af67,"Green, Colin Francis",2018-05-03,Harborne Ward,657,False,Liberal Democrat,https://www.birmingham.gov.uk/info/50381/past_election_results/1685/local_government_election_results_may_2018/3
f7712a674bae6382,Meghani Sundip,2018-05-03,Harborne Ward,2061,False,Labour Party,https://www.birmingham.gov.uk/info/50381/past_election_results/1685/local_government_election_results_may_2018/3
ee6c93ab71623dae,Sidhu Akaal,2018-05-03,Harborne Ward,2390,False,Conservative Party Candidate,https://www.birmingham.gov.uk/info/50381/past_election_results/1685/local_government_election_results_may_2018/3
cd14be4aadeed577,Simpson Phil,2018-05-03,Harborne Ward,650,False,Green Party,https://www.birmingham.gov.uk/info/50381/past_election_results/1685/local_government_election_results_may_2018/3
af7f13b0dd9a6923,Assheton Janet,2018-05-03,Heartlands Ward,59,False,Green Party,https://www.birmingham.gov.uk/info/50381/past_election_results/1685/local_government_election_results_may_2018/3
703e132ad9ea2923,Hussain Aftab,2018-05-03,Heartlands Ward,234,False,Independent,https://www.birmingham.gov.uk/info/50381/past_election_results/1685/local_government_election_results_may_2018/3
a9192492460a9e88,"Mahmood, Faisal",2018-05-03,Heartlands Ward,166,False,Liberal Democrat,https://www.birmingham.gov.uk/info/50381/past_election_results/1685/local_government_election_results_may_2018/3
2f961b5898b9f060,Shafique Shah,2018-05-03,Heartlands Ward,2136,True,Labour Party,https://www.birmingham.gov.uk/info/50381/past_election_results/1685/local_government_election_results_may_2018/3
88576ed5ef1128bd,Storer Mary,2018-05-03,Heartlands Ward,111,False,The Conservative Party Candidate,https://www.birmingham.gov.uk/info/50381/past_election_results/1685/local_government_election_results_may_2018/3
9cf82507e039490f,Adam Higgs,2018-05-03,Highters Heath Ward,1362,True,The Conservative Party Candidate,https://www.birmingham.gov.uk/info/50381/past_election_results/1685/local_government_election_results_may_2018/3
388955b15a506fc6,Bowles Barry,2018-05-03,Highters Heath Ward,709,False,Labour Party,https://www.birmingham.gov.uk/info/50381/past_election_results/1685/local_government_election_results_may_2018/3
4f8d2cbeb00000fa,Jerome Kirsty Anne,2018-05-03,Highters Heath Ward,57,False,Liberal Democrat,https://www.birmingham.gov.uk/info/50381/past_election_results/1685/local_government_election_results_may_2018/3
41230697f06f601e,Thomas Clare,2018-05-03,Highters Heath Ward,79,False,Green Party,https://www.birmingham.gov.uk/info/50381/past_election_results/1685/local_government_election_results_may_2018/3
c769cca8ae1d1f2d,Ahmed Foysol,2018-05-03,Holyhead Ward,257,False,Liberal Democrat,https://www.birmingham.gov.uk/info/50381/past_election_results/1685/local_government_election_results_may_2018/3
6133a596f3c3fe31,Ahmed Mujakkir,2018-05-03,Holyhead Ward,436,False,The Conservative Party Candidate,https://www.birmingham.gov.uk/info/50381/past_election_results/1685/local_government_election_results_may_2018/3
ad90fd32ca4b9170,Hamilton Paulette Adassa,2018-05-03,Holyhead Ward,1646,True,Labour Party,https://www.birmingham.gov.uk/info/50381/past_election_results/1685/local_government_election_results_may_2018/3
add24d8760d39beb,Griffiths Peter,2018-05-03,Kings Norton South Ward,1015,True,Labour Party,https://www.birmingham.gov.uk/info/50381/past_election_results/1685/local_government_election_results_may_2018/3
86edacd24d6d6c65,Lloyd Peter James,2018-05-03,Kings Norton South Ward,106,False,Liberal Democrat,https://www.birmingham.gov.uk/info/50381/past_election_results/1685/local_government_election_results_may_2018/3
70bf16c7f4e67dc5,Wood Barbara Iris,2018-05-03,Kings Norton South Ward,843,False,The Conservative Party Candidate,https://www.birmingham.gov.uk/info/50381/past_election_results/1685/local_government_election_results_may_2018/3
56b88dbbe6964d31,Aitken Alex,2018-05-03,Kings Norton Ward,1341,True,Labour Party,https://www.birmingham.gov.uk/info/50381/past_election_results/1685/local_government_election_results_may_2018/3
87cd5f729c20ad18,Jevon Simon David Alan,2018-05-03,Kings Norton Ward,1237,False,The Conservative Party Candidate,https://www.birmingham.gov.uk/info/50381/past_election_results/1685/local_government_election_results_may_2018/3
dd47529554b7ddb5,Peace Brian Alec,2018-05-03,Kings Norton Ward,95,False,Liberal Democrat,https://www.birmingham.gov.uk/info/50381/past_election_results/1685/local_government_election_results_may_2018/3
3c27554558aa51fd,"Hughes, Des",2018-05-03,Kingstanding Ward,1465,False,Labour Party,https://www.birmingham.gov.uk/info/50381/past_election_results/1685/local_government_election_results_may_2018/3
42cfc518edb3117c,Jones Jane,2018-05-03,Kingstanding Ward,1459,False,Labour Party,https://www.birmingham.gov.uk/info/50381/past_election_results/1685/local_government_election_results_may_2018/3
99ad8314ba40b65a,"Mendez, Violaine",2018-05-03,Kingstanding Ward,97,False,Liberal Democrat,https://www.birmingham.gov.uk/info/50381/past_election_results/1685/local_government_election_results_may_2018/3
4a68ccac62465e4a,"Perrott, James",2018-05-03,Kingstanding Ward,89,False,Liberal Democrat,https://www.birmingham.gov.uk/info/50381/past_election_results/1685/local_government_election_results_may_2018/3
1e2b7993fc2fb87a,Sambrook Gary William,2018-05-03,Kingstanding Ward,1745,True,Conservative Party Candidate,https://www.birmingham.gov.uk/info/50381/past_election_results/1685/local_government_election_results_may_2018/3
1418702d9ac93f5f,"Storer, Ron",2018-05-03,Kingstanding Ward,1577,True,Conservative Party Candidate,https://www.birmingham.gov.uk/info/50381/past_election_results/1685/local_government_election_results_may_2018/3
3209833fcef538ee,Bore Albert,2018-05-03,Ladywood Ward,1631,True,Labour Party,https://www.birmingham.gov.uk/info/50381/past_election_results/1685/local_government_election_results_may_2018/4
26c00f00a58d37c3,Dargue Lee James,2018-05-03,Ladywood Ward,340,False,Liberal Democrat,https://www.birmingham.gov.uk/info/50381/past_election_results/1685/local_government_election_results_may_2018/4
caabb0b4d1e819e1,Hartley Kath,2018-05-03,Ladywood Ward,1639,True,Labour Party,https://www.birmingham.gov.uk/info/50381/past_election_results/1685/local_government_election_results_may_2018/4
fe5fda58b18c2e93,Jones Robert,2018-05-03,Ladywood Ward,342,False,Green Party,https://www.birmingham.gov.uk/info/50381/past_election_results/1685/local_government_election_results_may_2018/4
d542fc9067e9ffe9,Lambert Stephen James,2018-05-03,Ladywood Ward,278,False,Liberal Democrat,https://www.birmingham.gov.uk/info/50381/past_election_results/1685/local_government_election_results_may_2018/4
4e3e7afbeeb780ef,"Morris, Kenneth Oliver",2018-05-03,Ladywood Ward,489,False,Conservative Party Candidate,https://www.birmingham.gov.uk/info/50381/past_election_results/1685/local_government_election_results_may_2018/4
e1949fc32cf95fb6,Qazi Nayaz Ahmed Omar,2018-05-03,Ladywood Ward,388,False,Conservative Party Candidate,https://www.birmingham.gov.uk/info/50381/past_election_results/1685/local_government_election_results_may_2018/4
5b1117729220b432,Clancy Debbie,2018-05-03,Longbridge and West Heath Ward,2174,True,Conservative Party Candidate,https://www.birmingham.gov.uk/info/50381/past_election_results/1685/local_government_election_results_may_2018/4
1e32f51ede468a15,Corrigan Carmel,2018-05-03,Longbridge and West Heath Ward,1863,False,Labour Party,https://www.birmingham.gov.uk/info/50381/past_election_results/1685/local_government_election_results_may_2018/4
8f825d3a01a28879,Duffy Hubert Joseph,2018-05-03,Longbridge and West Heath Ward,101,False,Liberal Democrat,https://www.birmingham.gov.uk/info/50381/past_election_results/1685/local_government_election_results_may_2018/4
99d8dd3598866ab7,"Knight, Graham",2018-05-03,Longbridge and West Heath Ward,1911,False,Conservative Party Candidate,https://www.birmingham.gov.uk/info/50381/past_election_results/1685/local_government_election_results_may_2018/4
4a7094b21c48c998,O'Reilly Brett,2018-05-03,Longbridge and West Heath Ward,1925,True,Labour Party,https://www.birmingham.gov.uk/info/50381/past_election_results/1685/local_government_election_results_may_2018/4
d69a6ec34991b3c7,Pearce Susan,2018-05-03,Longbridge and West Heath Ward,290,False,Green Party,https://www.birmingham.gov.uk/info/50381/past_election_results/1685/local_government_election_results_may_2018/4
a04a80933245bde9,Whorwood James Edward,2018-05-03,Longbridge and West Heath Ward,89,False,Liberal Democrat,https://www.birmingham.gov.uk/info/50381/past_election_results/1685/local_government_election_results_may_2018/4
25b51e03b01623b2,Hussain Moshud Sadek,2018-05-03,Lozells Ward,395,False,Liberal Democrat,https://www.birmingham.gov.uk/info/50381/past_election_results/1685/local_government_election_results_may_2018/4
68819fa096dded2f,Khalique Abdul,2018-05-03,Lozells Ward,745,False,The Conservative Party Candidate,https://www.birmingham.gov.uk/info/50381/past_election_results/1685/local_government_election_results_may_2018/4
9b7421fe4b71908d,Zaffar Waseem,2018-05-03,Lozells Ward,2071,True,Labour Party,https://www.birmingham.gov.uk/info/50381/past_election_results/1685/local_government_election_results_may_2018/4
8e6a77a8ca4aee5d,Farrow David Arthur,2018-05-03,Moseley Ward,1494,False,Liberal Democrat,https://www.birmingham.gov.uk/info/50381/past_election_results/1685/local_government_election_results_may_2018/4
00ac5f010ac61a9e,Izzy Knowles BEM,2018-05-03,Moseley Ward,2211,False,Liberal Democrat,https://www.birmingham.gov.uk/info/50381/past_election_results/1685/local_government_election_results_may_2018/4
7acab9ae086f7ac4,Jenkins Kerry Shaunna,2018-05-03,Moseley Ward,3123,True,Labour Party,https://www.birmingham.gov.uk/info/50381/past_election_results/1685/local_government_election_results_may_2018/4
a15d2af1159510e9,O'Callaghan Dominic Bernard Paul Hutton,2018-05-03,Moseley Ward,547,False,Conservative Party Candidate,https://www.birmingham.gov.uk/info/50381/past_election_results/1685/local_government_election_results_may_2018/4
d15d7f56cb7d8790,Straker Welds Martin Gladstone,2018-05-03,Moseley Ward,3114,True,Labour Party,https://www.birmingham.gov.uk/info/50381/past_election_results/1685/local_government_election_results_may_2018/4
4d6dd1eab862c67e,Turner John Robert,2018-05-03,Moseley Ward,579,False,Conservative Party Candidate,https://www.birmingham.gov.uk/info/50381/past_election_results/1685/local_government_election_results_may_2018/4
089d31859a0383ba,Xerri-Brooks Rachel Ruana,2018-05-03,Moseley Ward,608,False,Green Party,https://www.birmingham.gov.uk/info/50381/past_election_results/1685/local_government_election_results_may_2018/4
a5a35ec20ff9a86b,Ali Tahir,2018-05-03,Nechells Ward,1237,True,Labour Party,https://www.birmingham.gov.uk/info/50381/past_election_results/1685/local_government_election_results_may_2018/4
72a18bb7f2841e71,Iqbal Shazad,2018-05-03,Nechells Ward,123,False,Liberal Democrat,https://www.birmingham.gov.uk/info/50381/past_election_results/1685/local_government_election_results_may_2018/4
9e2b4d204cb2882e,Shastri-Hurst Neil,2018-05-03,Nechells Ward,164,False,The Conservative Party Candidate,https://www.birmingham.gov.uk/info/50381/past_election_results/1685/local_government_election_results_may_2018/4
02bb1b586a26367c,Ahmed Sultan,2018-05-03,Newtown Ward,76,False,Liberal Democrat,https://www.birmingham.gov.uk/info/50381/past_election_results/1685/local_government_election_results_may_2018/4
fa5ddba70bf0f486,"Islam, Ziaul",2018-05-03,Newtown Ward,1319,True,Labour Party,https://www.birmingham.gov.uk/info/50381/past_election_results/1685/local_government_election_results_may_2018/4
2483dec1a1aa831a,"Jaddoo, Desmond Gustavus",2018-05-03,Newtown Ward,310,False,The Conservative Party Candidate,https://www.birmingham.gov.uk/info/50381/past_election_results/1685/local_government_election_results_may_2018/4
29352f76dfc9f071,Bellavia Gino,2018-05-03,North Edgbaston Ward,227,False,Independent,https://www.birmingham.gov.uk/info/50381/past_election_results/1685/local_government_election_results_may_2018/4
f36bf7c649c3dd73,Hilton Edward Patrick,2018-05-03,North Edgbaston Ward,180,False,Liberal Democrat,https://www.birmingham.gov.uk/info/50381/past_election_results/1685/local_government_election_results_may_2018/4
b329febe2e3ef76a,Hood Jonathan Paul,2018-05-03,North Edgbaston Ward,241,False,Liberal Democrat,https://www.birmingham.gov.uk/info/50381/past_election_results/1685/local_government_election_results_may_2018/4
b959e4fe25d11501,Padda Raj,2018-05-03,North Edgbaston Ward,962,False,Conservative Party Candidate,https://www.birmingham.gov.uk/info/50381/past_election_results/1685/local_government_election_results_may_2018/4
23c65a415ff928ef,Rice Carl Joseph,2018-05-03,North Edgbaston Ward,2854,True,Labour Party,https://www.birmingham.gov.uk/info/50381/past_election_results/1685/local_government_election_results_may_2018/4
be62ebb5b00fc427,Sidhu Dal,2018-05-03,North Edgbaston Ward,1254,False,Conservative Party Candidate,https://www.birmingham.gov.uk/info/50381/past_election_results/1685/local_government_election_results_may_2018/4
a187181acc10abfe,Thompson Sharon,2018-05-03,North Edgbaston Ward,2383,True,Labour Party,https://www.birmingham.gov.uk/info/50381/past_election_results/1685/local_government_election_results_may_2018/4
4eb1cb09e7eb1585,Armstrong Olly,2018-05-03,Northfield Ward,1635,True,Labour Party,https://www.birmingham.gov.uk/info/50381/past_election_results/1685/local_government_election_results_may_2018/4
65067f78a2be3d2e,Brew Randal Anthony Maddock,2018-05-03,Northfield Ward,1257,False,The Conservative Party Candidate,https://www.birmingham.gov.uk/info/50381/past_election_results/1685/local_government_election_results_may_2018/4
9e268145e0112d2c,Moles Andrew William,2018-05-03,Northfield Ward,81,False,Liberal Democrat,https://www.birmingham.gov.uk/info/50381/past_election_results/1685/local_government_election_results_may_2018/4
354e06c0b7889896,Okole Anne Margaret,2018-05-03,Northfield Ward,84,False,Green Party,https://www.birmingham.gov.uk/info/50381/past_election_results/1685/local_government_election_results_may_2018/4
3b285f18ec903223,Coffey Tom,2018-05-03,Oscott Ward,1407,False,Conservative Party Candidate,https://www.birmingham.gov.uk/info/50381/past_election_results/1685/local_government_election_results_may_2018/4
fe50e6e3e32bfc6e,"Dring, Barbara",2018-05-03,Oscott Ward,1705,True,Labour Party,https://www.birmingham.gov.uk/info/50381/past_election_results/1685/local_government_election_results_may_2018/4
0d1d3eac08252ce6,Eyles Harry,2018-05-03,Oscott Ward,132,False,Green Party,https://www.birmingham.gov.uk/info/50381/past_election_results/1685/local_government_election_results_may_2018/4
d97beb4f20ec6ac7,Fullylove Andrew James,2018-05-03,Oscott Ward,147,False,Liberal Democrat,https://www.birmingham.gov.uk/info/50381/past_election_results/1685/local_government_election_results_may_2018/4
a451d9e3635b015a,Hunt Marcia,2018-05-03,Oscott Ward,131,False,Liberal Democrat,https://www.birmingham.gov.uk/info/50381/past_election_results/1685/local_government_election_results_may_2018/4
1a3bd5a487e11d25,Leung Leona,2018-05-03,Oscott Ward,1245,False,Conservative Party Candidate,https://www.birmingham.gov.uk/info/50381/past_election_results/1685/local_government_election_results_may_2018/4
3444f5ded08e93d1,Linnecor Keith William,2018-05-03,Oscott Ward,1794,True,Labour Party,https://www.birmingham.gov.uk/info/50381/past_election_results/1685/local_government_election_results_may_2018/4
ee251508b5c08ef3,Coffey Janet May,2018-05-03,Perry Barr Ward,361,False,Conservative Party Candidate,https://www.birmingham.gov.uk/info/50381/past_election_results/1685/local_government_election_results_may_2018/5
96c6ff1a19872d50,"Hanif, Mohammed",2018-05-03,Perry Barr Ward,1887,False,Labour Party,https://www.birmingham.gov.uk/info/50381/past_election_results/1685/local_government_election_results_may_2018/5
8b5abd993f6a5c41,Hunt Jon,2018-05-03,Perry Barr Ward,2957,True,Liberal Democrat Focus Team,https://www.birmingham.gov.uk/info/50381/past_election_results/1685/local_government_election_results_may_2018/5
f560d217ef676dc3,Kaur Sukhi,2018-05-03,Perry Barr Ward,1662,False,Labour Party,https://www.birmingham.gov.uk/info/50381/past_election_results/1685/local_government_election_results_may_2018/5
aed313001844a0ca,Morriam Jan,2018-05-03,Perry Barr Ward,2398,True,Liberal Democrat Focus Team,https://www.birmingham.gov.uk/info/50381/past_election_results/1685/local_government_election_results_may_2018/5
01f3cf96b5dc7e47,Rashid Tariq,2018-05-03,Perry Barr Ward,190,False,Conservative Party Candidate,https://www.birmingham.gov.uk/info/50381/past_election_results/1685/local_government_election_results_may_2018/5
53f28aaabd3dfba2,Ward Corinthia Joy,2018-05-03,Perry Barr Ward,78,False,Trade Unionist and Socialist Coalition,https://www.birmingham.gov.uk/info/50381/past_election_results/1685/local_government_election_results_may_2018/5
13a624e0c17f7d91,"Allsop, Stephen Richard",2018-05-03,Perry Common Ward,84,False,Liberal Democrat,https://www.birmingham.gov.uk/info/50381/past_election_results/1685/local_government_election_results_may_2018/5
4cb24530d066b829,Beauchamp Bob,2018-05-03,Perry Common Ward,1007,True,The Conservative Party Candidate,https://www.birmingham.gov.uk/info/50381/past_election_results/1685/local_government_election_results_may_2018/5
f9eebaf1e16ee392,"Ward, Anita",2018-05-03,Perry Common Ward,955,False,Labour and Co-operative Party,https://www.birmingham.gov.uk/info/50381/past_election_results/1685/local_government_election_results_may_2018/5
a4e7c825d35ada1b,Bentley John,2018-05-03,Pype Hayes Ward,58,False,Green Party,https://www.birmingham.gov.uk/info/50381/past_election_results/1685/local_government_election_results_may_2018/5
2def351e40099944,Holtom Ann,2018-05-03,Pype Hayes Ward,109,False,Liberal Democrat,https://www.birmingham.gov.uk/info/50381/past_election_results/1685/local_government_election_results_may_2018/5
5348ed4b6df217c4,Sharpe Michael John,2018-05-03,Pype Hayes Ward,851,True,Labour Party,https://www.birmingham.gov.uk/info/50381/past_election_results/1685/local_government_election_results_may_2018/5
f1b87d9045e89f06,"Welch, Clifton Frederick",2018-05-03,Pype Hayes Ward,835,False,The Conservative Party Candidate,https://www.birmingham.gov.uk/info/50381/past_election_results/1685/local_government_election_results_may_2018/5
960dd3b2f6d35bfa,Bolton James,2018-05-03,Quinton Ward,344,False,Green Party,https://www.birmingham.gov.uk/info/50381/past_election_results/1685/local_government_election_results_may_2018/5
8f2be1480966da78,Booth Kate,2018-05-03,Quinton Ward,2332,True,Labour and Co-operative Party,https://www.birmingham.gov.uk/info/50381/past_election_results/1685/local_government_election_results_may_2018/5
b3b5998f3aa8c7a6,Chandler Georgina,2018-05-03,Quinton Ward,2206,False,Conservative Party Candidate,https://www.birmingham.gov.uk/info/50381/past_election_results/1685/local_government_election_results_may_2018/5
dcaf3e88c96d6be8,Clancy John Michael,2018-05-03,Quinton Ward,2307,True,Labour and Co-operative Party,https://www.birmingham.gov.uk/info/50381/past_election_results/1685/local_government_election_results_may_2018/5
9947c48430c9d55d,Garrett Julia Franceska,2018-05-03,Quinton Ward,343,False,Liberal Democrat,https://www.birmingham.gov.uk/info/50381/past_election_results/1685/local_government_election_results_may_2018/5
48055f51109dd66d,Okello Rachel Judith,2018-05-03,Quinton Ward,1919,False,Conservative Party Candidate,https://www.birmingham.gov.uk/info/50381/past_election_results/1685/local_government_election_results_may_2018/5
f9463237fd0dadf3,Walker Joanna Mary,2018-05-03,Quinton Ward,146,False,Liberal Democrat,https://www.birmingham.gov.uk/info/50381/past_election_results/1685/local_government_election_results_may_2018/5
5c1bfec3734ba0b6,Ball Robert,2018-05-03,Rubery and Rednal Ward,89,False,Green Party,https://www.birmingham.gov.uk/info/50381/past_election_results/1685/local_government_election_results_may_2018/5
51caa964faf3ac50,"Delaney, Adrian Joseph",2018-05-03,Rubery and Rednal Ward,969,True,The Conservative Party Candidate,https://www.birmingham.gov.uk/info/50381/past_election_results/1685/local_government_election_results_may_2018/5
c9bc02bc4c85ac9a,Griffiths Carole Lesley,2018-05-03,Rubery and Rednal Ward,706,False,Labour Party,https://www.birmingham.gov.uk/info/50381/past_election_results/1685/local_government_election_results_may_2018/5
d3be8051cd22b969,Hannon Kevin Francis,2018-05-03,Rubery and Rednal Ward,52,False,Liberal Democrat,https://www.birmingham.gov.uk/info/50381/past_election_results/1685/local_government_election_results_may_2018/5
5662586b61bc5832,Alden John Edward Cambray,2018-05-03,Shard End Ward,371,False,The Conservative Party Candidate,https://www.birmingham.gov.uk/info/50381/past_election_results/1685/local_government_election_results_may_2018/6
44e183309726be95,Andrews Mark David,2018-05-03,Shard End Ward,28,False,Trade Unionist and Socialist Coalition,https://www.birmingham.gov.uk/info/50381/past_election_results/1685/local_government_election_results_may_2018/6
bf5db5206a393933,"Barber, Christopher Francis",2018-05-03,Shard End Ward,66,False,Liberal Democrat,https://www.birmingham.gov.uk/info/50381/past_election_results/1685/local_government_election_results_may_2018/6
e1145a465b1c9215,Harrison Michael John,2018-05-03,Shard End Ward,61,False,Green Party,https://www.birmingham.gov.uk/info/50381/past_election_results/1685/local_government_election_results_may_2018/6
7156236880d78e61,Scroggie James Patrick,2018-05-03,Shard End Ward,61,False,-,https://www.birmingham.gov.uk/info/50381/past_election_results/1685/local_government_election_results_may_2018/6
8bf3fb4fd4664365,Ward Ian Antony,2018-05-03,Shard End Ward,911,True,Labour Party,https://www.birmingham.gov.uk/info/50381/past_election_results/1685/local_government_election_results_may_2018/6
46a9c8cea4ae1f92,Ali Suhel,2018-05-03,Sheldon Ward,452,False,Conservative Party Candidate,https://www.birmingham.gov.uk/info/50381/past_election_results/1685/local_government_election_results_may_2018/6
0bc0b5b6b8b2b070,Collins Bob,2018-05-03,Sheldon Ward,900,False,Labour Party,https://www.birmingham.gov.uk/info/50381/past_election_results/1685/local_government_election_results_may_2018/6
7582c9b250bd3209,Harrison Kevin,2018-05-03,Sheldon Ward,131,False,Green Party,https://www.birmingham.gov.uk/info/50381/past_election_results/1685/local_government_election_results_may_2018/6
4681b89e9a25cbb9,Larden Julia,2018-05-03,Sheldon Ward,880,False,Labour Party,https://www.birmingham.gov.uk/info/50381/past_election_results/1685/local_government_election_results_may_2018/6
4cae8fa6cd63997c,Psirides Nicholas,2018-05-03,Sheldon Ward,474,False,Conservative Party Candidate,https://www.birmingham.gov.uk/info/50381/past_election_results/1685/local_government_election_results_may_2018/6
c0bee63ec5589ae2,"Tilsley, Paul Calvin",2018-05-03,Sheldon Ward,2565,True,Liberal Democrat,https://www.birmingham.gov.uk/info/50381/past_election_results/1685/local_government_election_results_may_2018/6
a76218957dae40a1,"Ward, Mike",2018-05-03,Sheldon Ward,2342,True,Liberal Democrat,https://www.birmingham.gov.uk/info/50381/past_election_results/1685/local_government_election_results_may_2018/6
05b09e7afa3a1d00,Ahmed Shaaky,2018-05-03,Small Heath Ward,604,False,Independent,https://www.birmingham.gov.uk/info/50381/past_election_results/1685/local_government_election_results_may_2018/6
0c74f9427458b86b,Akhtar Pervez,2018-05-03,Small Heath Ward,547,False,Conservative Party Candidate,https://www.birmingham.gov.uk/info/50381/past_election_results/1685/local_government_election_results_may_2018/6
982a990bf3083a78,Akhtar Safia Alif Noor,2018-05-03,Small Heath Ward,3196,True,Labour Party,https://www.birmingham.gov.uk/info/50381/past_election_results/1685/local_government_election_results_may_2018/6
65a962b554fdad8e,Clawley Hazel Marjorie,2018-05-03,Small Heath Ward,149,False,Green Party,https://www.birmingham.gov.uk/info/50381/past_election_results/1685/local_government_election_results_may_2018/6
a2825937d51e5a2b,Khan Zaheer,2018-05-03,Small Heath Ward,3270,True,Labour Party,https://www.birmingham.gov.uk/info/50381/past_election_results/1685/local_government_election_results_may_2018/6
462606f455ea2663,"Moynihan, Gerry",2018-05-03,Small Heath Ward,1017,False,Liberal Democrat,https://www.birmingham.gov.uk/info/50381/past_election_results/1685/local_government_election_results_may_2018/6
795e8d6d311c3d6e,Shaukat Ali Khan,2018-05-03,Small Heath Ward,1738,False,Liberal Democrat,https://www.birmingham.gov.uk/info/50381/past_election_results/1685/local_government_election_results_may_2018/6
272f3605c3bde07b,Uddin Kabir,2018-05-03,Small Heath Ward,655,False,Conservative Party Candidate,https://www.birmingham.gov.uk/info/50381/past_election_results/1685/local_government_election_results_may_2018/6
c8eafd1f8d32747b,Choudhury Janatul Thamanna,2018-05-03,Soho and Jewellery Quarter Ward,644,False,Conservative Party Candidate,https://www.birmingham.gov.uk/info/50381/past_election_results/1685/local_government_election_results_may_2018/6
b24dcd3aaa9c239a,Dennis Kefentse,2018-05-03,Soho and Jewellery Quarter Ward,272,False,Green Party,https://www.birmingham.gov.uk/info/50381/past_election_results/1685/local_government_election_results_may_2018/6
b46405a9c69a0ac9,Hardy Gareth Andrew,2018-05-03,Soho and Jewellery Quarter Ward,566,False,Liberal Democrat,https://www.birmingham.gov.uk/info/50381/past_election_results/1685/local_government_election_results_may_2018/6
1e3f967cd3416cf5,Islam Mohammed Kaisarul,2018-05-03,Soho and Jewellery Quarter Ward,460,False,Conservative Party Candidate,https://www.birmingham.gov.uk/info/50381/past_election_results/1685/local_government_election_results_may_2018/6
4b2438d9be639d64,"Lal, Chaman",2018-05-03,Soho and Jewellery Quarter Ward,2365,True,Labour Party,https://www.birmingham.gov.uk/info/50381/past_election_results/1685/local_government_election_results_may_2018/6
9285fd3a6e418019,Maxwell Richard William,2018-05-03,Soho and Jewellery Quarter Ward,373,False,Liberal Democrat,https://www.birmingham.gov.uk/info/50381/past_election_results/1685/local_government_election_results_may_2018/6
4baf0c3aa1c3431b,Spence Sybil,2018-05-03,Soho and Jewellery Quarter Ward,2097,True,Labour Party,https://www.birmingham.gov.uk/info/50381/past_election_results/1685/local_government_election_results_may_2018/6
d08ebf5893ad03d9,Axford Susan,2018-05-03,South Yardley Ward,344,False,The Conservative Party Candidate,https://www.birmingham.gov.uk/info/50381/past_election_results/1685/local_government_election_results_may_2018/6
64ed5faa73aae6b1,Garghan Christopher,2018-05-03,South Yardley Ward,43,False,Green Party,https://www.birmingham.gov.uk/info/50381/past_election_results/1685/local_government_election_results_may_2018/6
47db6ac51d75cd5a,Welburn David Arthur,2018-05-03,South Yardley Ward,601,False,Labour Party,https://www.birmingham.gov.uk/info/50381/past_election_results/1685/local_government_election_results_may_2018/6
8179ac58da309b54,Zaker Choudhry,2018-05-03,South Yardley Ward,1507,True,Liberal Democrat,https://www.birmingham.gov.uk/info/50381/past_election_results/1685/local_government_election_results_may_2018/6
686db484f66820b4,Abedin Md Joynal,2018-05-03,Sparkbrook and Balsall Heath East Ward,201,False,Liberal Democrat,https://www.birmingham.gov.uk/info/50381/past_election_results/1685/local_government_election_results_may_2018/6
34243f456ed7a1b3,"Abu, Nowshed",2018-05-03,Sparkbrook and Balsall Heath East Ward,701,False,Conservative Party Candidate,https://www.birmingham.gov.uk/info/50381/past_election_results/1685/local_government_election_results_may_2018/6
69742611131a7fec,Azim Mohammed,2018-05-03,Sparkbrook and Balsall Heath East Ward,4257,True,Labour Party,https://www.birmingham.gov.uk/info/50381/past_election_results/1685/local_government_election_results_may_2018/6
b84732bf5092bfe1,"Hussain, Shabrana",2018-05-03,Sparkbrook and Balsall Heath East Ward,3950,True,Labour Party,https://www.birmingham.gov.uk/info/50381/past_election_results/1685/local_government_election_results_may_2018/6
122aac77fe903062,Roxanne Green,2018-05-03,Sparkbrook and Balsall Heath East Ward,237,False,Green Party,https://www.birmingham.gov.uk/info/50381/past_election_results/1685/local_government_election_results_may_2018/6
fb3a6c1167e85d5a,Singh Satwinder,2018-05-03,Sparkbrook and Balsall Heath East Ward,159,False,Liberal Democrat,https://www.birmingham.gov.uk/info/50381/past_election_results/1685/local_government_election_results_may_2018/6
a1abdb4ccb2e3c76,Sweet Mohammed Choudhury,2018-05-03,Sparkbrook and Balsall Heath East Ward,665,False,Conservative Party Candidate,https://www.birmingham.gov.uk/info/50381/past_election_results/1685/local_government_election_results_may_2018/6
5fd65531d753ffb3,"Choudhry, Tanveer",2018-05-03,Sparkhill Ward,1295,False,Liberal Democrat,https://www.birmingham.gov.uk/info/50381/past_election_results/1685/local_government_election_results_may_2018/6
f4991248187d8eb5,Fazal Mohammed,2018-05-03,Sparkhill Ward,3140,True,Labour Party,https://www.birmingham.gov.uk/info/50381/past_election_results/1685/local_government_election_results_may_2018/6
63ded36ceb9e9fa7,"Hussain, Tassawar",2018-05-03,Sparkhill Ward,1178,False,Liberal Democrat,https://www.birmingham.gov.uk/info/50381/past_election_results/1685/local_government_election_results_may_2018/6
9b90e62926f7e3d2,Mohammed Murad,2018-05-03,Sparkhill Ward,453,False,Conservative Party Candidate,https://www.birmingham.gov.uk/info/50381/past_election_results/1685/local_government_election_results_may_2018/6
dfa474b1a12da0e5,Nicky Brennan,2018-05-03,Sparkhill Ward,2971,True,Labour Party,https://www.birmingham.gov.uk/info/50381/past_election_results/1685/local_government_election_results_may_2018/6
60c6ea6cfbbc4dc9,Talukder Mohammed Zia Uddin,2018-05-03,Sparkhill Ward,440,False,Conservative Party Candidate,https://www.birmingham.gov.uk/info/50381/past_election_results/1685/local_government_election_results_may_2018/6
8e4ba3e35e608b8d,"Banting, Philip Andrew",2018-05-03,Stirchley Ward,141,False,Liberal Democrat,https://www.birmingham.gov.uk/info/50381/past_election_results/1685/local_government_election_results_may_2018/6
adf1be3426180ded,Lawrence Reuben,2018-05-03,Stirchley Ward,45,False,Birmingham Worker,https://www.birmingham.gov.uk/info/50381/past_election_results/1685/local_government_election_results_may_2018/6
7dd884c1540296fa,"Locke, Mary",2018-05-03,Stirchley Ward,1856,True,Labour and Co-operative Party,https://www.birmingham.gov.uk/info/50381/past_election_results/1685/local_government_election_results_may_2018/6
021b0e17dabdd1db,"Stanton, Elly",2018-05-03,Stirchley Ward,155,False,Green Party,https://www.birmingham.gov.uk/info/50381/past_election_results/1685/local_government_election_results_may_2018/6
84f3717422ce3006,Williams Owen Vaughan,2018-05-03,Stirchley Ward,576,False,The Conservative Party Candidate,https://www.birmingham.gov.uk/info/50381/past_election_results/1685/local_government_election_results_may_2018/6
3ba220d750afdd5c,Harmer Joseph Benjamin,2018-05-03,Stockland Green Ward,238,False,Liberal Democrat,https://www.birmingham.gov.uk/info/50381/past_election_results/1685/local_government_election_results_may_2018/6
094a0f44c50ee292,Holbrook Penny,2018-05-03,Stockland Green Ward,2536,True,Labour Party,https://www.birmingham.gov.uk/info/50381/past_election_results/1685/local_government_election_results_may_2018/6
14eddb4aa3cf0a67,Jones Josh,2018-05-03,Stockland Green Ward,2259,True,Labour Party,https://www.birmingham.gov.uk/info/50381/past_election_results/1685/local_government_election_results_may_2018/6
5ff72d811f4c5a4b,Kayani Mohammad Shahnawaz,2018-05-03,Stockland Green Ward,726,False,Conservative Party Candidate,https://www.birmingham.gov.uk/info/50381/past_election_results/1685/local_government_election_results_may_2018/6
4f3de31d0d83a2b4,"Mehmood, Asif",2018-05-03,Stockland Green Ward,686,False,Conservative Party Candidate,https://www.birmingham.gov.uk/info/50381/past_election_results/1685/local_government_election_results_may_2018/6
888ae821342d73f0,Syed Riz,2018-05-03,Stockland Green Ward,149,False,Liberal Democrat,https://www.birmingham.gov.uk/info/50381/past_election_results/1685/local_government_election_results_may_2018/6
8a66678054ec316b,"Woodley, Ted",2018-05-03,Stockland Green Ward,127,False,Trade Unionist and Socialist Coalition,https://www.birmingham.gov.uk/info/50381/past_election_results/1685/local_government_election_results_may_2018/6
3a48081de295bc2e,"Barley, Roger",2018-05-03,Sutton Four Oaks Ward,340,False,Labour Party,https://www.birmingham.gov.uk/info/50381/past_election_results/1685/local_government_election_results_may_2018/6
189084bebee3a0d8,Cornish Maureen,2018-05-03,Sutton Four Oaks Ward,1957,True,The Conservative Party Candidate,https://www.birmingham.gov.uk/info/50381/past_election_results/1685/local_government_election_results_may_2018/6
e5b6a2dcece0adf1,Nunan Fiona,2018-05-03,Sutton Four Oaks Ward,100,False,Green Party,https://www.birmingham.gov.uk/info/50381/past_election_results/1685/local_government_election_results_may_2018/6
9cd3a54607e87a06,"Willett, David Michael",2018-05-03,Sutton Four Oaks Ward,141,False,Liberal Democrat,https://www.birmingham.gov.uk/info/50381/past_election_results/1685/local_government_election_results_may_2018/6
6a2243f5421d570f,Brindley Ian,2018-05-03,Sutton Mere Green Ward,462,False,Labour Party,https://www.birmingham.gov.uk/info/50381/past_election_results/1685/local_government_election_results_may_2018/6
21ebe63df7eac4b4,Mayner Jonny,2018-05-03,Sutton Mere Green Ward,194,False,Liberal Democrat,https://www.birmingham.gov.uk/info/50381/past_election_results/1685/local_government_election_results_may_2018/6
7c0f87203f7d8201,Meirion Jenkins,2018-05-03,Sutton Mere Green Ward,2062,True,The Conservative Party Candidate,https://www.birmingham.gov.uk/info/50381/past_election_results/1685/local_government_election_results_may_2018/6
68a1e4d207c6bfe5,Ratcliff David Martin,2018-05-03,Sutton Mere Green Ward,153,False,Green Party,https://www.birmingham.gov.uk/info/50381/past_election_results/1685/local_government_election_results_may_2018/6
e7b795712fac9260,Cotterill Stewart James,2018-05-03,Sutton Reddicap Ward,111,False,UK Independence Party (UKIP),https://www.birmingham.gov.uk/info/50381/past_election_results/1685/local_government_election_results_may_2018/6
0be2b4efe91b0242,"Cotterill, Timothy James",2018-05-03,Sutton Reddicap Ward,121,False,Liberal Democrat,https://www.birmingham.gov.uk/info/50381/past_election_results/1685/local_government_election_results_may_2018/6
e685ca5686d48925,Hodivala Charlotte,2018-05-03,Sutton Reddicap Ward,1008,True,The Conservative Party Candidate,https://www.birmingham.gov.uk/info/50381/past_election_results/1685/local_government_election_results_may_2018/6
624755c9fc48b523,Preston Judy,2018-05-03,Sutton Reddicap Ward,537,False,Labour Party,https://www.birmingham.gov.uk/info/50381/past_election_results/1685/local_government_election_results_may_2018/6
f834b2a1ba61e4f6,Greaves Will,2018-05-03,Sutton Roughley Ward,140,False,Green Party,https://www.birmingham.gov.uk/info/50381/past_election_results/1685/local_government_election_results_may_2018/6
836177dbe2ef931f,Mackey Ewan,2018-05-03,Sutton Roughley Ward,1809,True,The Conservative Party Candidate,https://www.birmingham.gov.uk/info/50381/past_election_results/1685/local_government_election_results_may_2018/6
687582583c84dadd,Potter Kate,2018-05-03,Sutton Roughley Ward,215,False,Liberal Democrat,https://www.birmingham.gov.uk/info/50381/past_election_results/1685/local_government_election_results_may_2018/6
ac6bc7f362f25707,Tomlinson Paul,2018-05-03,Sutton Roughley Ward,521,False,Labour Party,https://www.birmingham.gov.uk/info/50381/past_election_results/1685/local_government_election_results_may_2018/6
d42709ea64998f9c,David Pears,2018-05-03,Sutton Trinity Ward,1355,True,The Conservative Party Candidate,https://www.birmingham.gov.uk/info/50381/past_election_results/1685/local_government_election_results_may_2018/6
055757fce0314dac,French Peter Robert,2018-05-03,Sutton Trinity Ward,593,False,Labour Party,https://www.birmingham.gov.uk/info/50381/past_election_results/1685/local_government_election_results_may_2018/6
04288151cb3ab210,Madden Sean,2018-05-03,Sutton Trinity Ward,124,False,Green Party,https://www.birmingham.gov.uk/info/50381/past_election_results/1685/local_government_election_results_may_2018/6
99cc987eac634fd0,"Wilkinson, Jenny",2018-05-03,Sutton Trinity Ward,299,False,Liberal Democrat,https://www.birmingham.gov.uk/info/50381/past_election_results/1685/local_government_election_results_may_2018/6
825cf1a1ad9dac74,Cairns Janet,2018-05-03,Sutton Vesey Ward,2354,False,Conservative Party Candidate,https://www.birmingham.gov.uk/info/50381/past_election_results/1685/local_government_election_results_may_2018/6
eaf6c4db95c691d2,Gibson Matthew James,2018-05-03,Sutton Vesey Ward,271,False,Liberal Democrat,https://www.birmingham.gov.uk/info/50381/past_election_results/1685/local_government_election_results_may_2018/6
4514641fd8f53f88,Khalid Mohammed,2018-05-03,Sutton Vesey Ward,110,False,Liberal Democrat,https://www.birmingham.gov.uk/info/50381/past_election_results/1685/local_government_election_results_may_2018/6
87b01e7414708019,Marriott Colin,2018-05-03,Sutton Vesey Ward,297,False,Green Party,https://www.birmingham.gov.uk/info/50381/past_election_results/1685/local_government_election_results_may_2018/6
0f3f83d8cd06332b,Passey Louise,2018-05-03,Sutton Vesey Ward,2182,False,Conservative Party Candidate,https://www.birmingham.gov.uk/info/50381/past_election_results/1685/local_government_election_results_may_2018/6
7fa44f64bf8018b5,"Pocock, Rob",2018-05-03,Sutton Vesey Ward,3377,True,Labour Party,https://www.birmingham.gov.uk/info/50381/past_election_results/1685/local_government_election_results_may_2018/6
e0184d29f136179f,Scott Kath,2018-05-03,Sutton Vesey Ward,2458,True,Labour Party,https://www.birmingham.gov.uk/info/50381/past_election_results/1685/local_government_election_results_may_2018/6
f7be5491f25dc8fc,"Auton, Ben",2018-05-03,Sutton Walmley and Minworth Ward,336,False,Green Party,https://www.birmingham.gov.uk/info/50381/past_election_results/1685/local_government_election_results_may_2018/6
b37e9dd005007858,Barrie David Stuart,2018-05-03,Sutton Walmley and Minworth Ward,2445,True,Conservative Party Candidate,https://www.birmingham.gov.uk/info/50381/past_election_results/1685/local_government_election_results_may_2018/6
922ea744268dabb3,"Cooke, David",2018-05-03,Sutton Walmley and Minworth Ward,236,False,Liberal Democrat,https://www.birmingham.gov.uk/info/50381/past_election_results/1685/local_government_election_results_may_2018/6
914b9d4e175349b9,Coxall Katy,2018-05-03,Sutton Walmley and Minworth Ward,696,False,Labour Party,https://www.birmingham.gov.uk/info/50381/past_election_results/1685/local_government_election_results_may_2018/6
4d1b1078b92a230e,Finnegan Paul,2018-05-03,Sutton Walmley and Minworth Ward,574,False,Labour Party,https://www.birmingham.gov.uk/info/50381/past_election_results/1685/local_government_election_results_may_2018/6
e9257652a3078537,Garrington James Austin,2018-05-03,Sutton Walmley and Minworth Ward,179,False,Liberal Democrat,https://www.birmingham.gov.uk/info/50381/past_election_results/1685/local_government_election_results_may_2018/6
fecc48b84224e02c,Ken Wood,2018-05-03,Sutton Walmley and Minworth Ward,1869,True,Conservative Party Candidate,https://www.birmingham.gov.uk/info/50381/past_election_results/1685/local_government_election_results_may_2018/6
c93fb7f3cbab7ddc,O'Hagan David Michael,2018-05-03,Sutton Walmley and Minworth Ward,646,False,Independents for Sutton,https://www.birmingham.gov.uk/info/50381/past_election_results/1685/local_government_election_results_may_2018/6
a3beeb3c6a10648a,Alex Yip,2018-05-03,Sutton Wylde Green Ward,1806,True,The Conservative Party Candidate,https://www.birmingham.gov.uk/info/50381/past_election_results/1685/local_government_election_results_may_2018/6
7c90b8902e044071,Challenor Zoe,2018-05-03,Sutton Wylde Green Ward,142,False,Green Party,https://www.birmingham.gov.uk/info/50381/past_election_results/1685/local_government_election_results_may_2018/6
c68efa3f1e080b2e,Johnson Terry,2018-05-03,Sutton Wylde Green Ward,644,False,Labour Party,https://www.birmingham.gov.uk/info/50381/past_election_results/1685/local_government_election_results_may_2018/6
be7cc0811de4b427,Spencer John Malcolm,2018-05-03,Sutton Wylde Green Ward,162,False,Liberal Democrat,https://www.birmingham.gov.uk/info/50381/past_election_results/1685/local_government_election_results_may_2018/6
db5e17fb3c0d46a2,Ali Syed Jamshed,2018-05-03,Tyseley and Hay Mills Ward,306,False,Liberal Democrat,https://www.birmingham.gov.uk/info/50381/past_election_results/1685/local_government_election_results_may_2018/7
e89ae4da88da15fd,"Iqbal, Zafar",2018-05-03,Tyseley and Hay Mills Ward,1361,True,Labour Party,https://www.birmingham.gov.uk/info/50381/past_election_results/1685/local_government_election_results_may_2018/7
d864752f4269b281,Khan Shafayet Ali,2018-05-03,Tyseley and Hay Mills Ward,208,False,The Conservative Party Candidate,https://www.birmingham.gov.uk/info/50381/past_election_results/1685/local_government_election_results_may_2018/7
0ec0fc9eb4f60d29,Sheridan Mike,2018-05-03,Tyseley and Hay Mills Ward,170,False,The Liberal Party Candidate,https://www.birmingham.gov.uk/info/50381/past_election_results/1685/local_government_election_results_may_2018/7
8c1fed6516f53982,"Aikhlaq, Mohammed",2018-05-03,Ward End Ward,1663,True,Labour Party,https://www.birmingham.gov.uk/info/50381/past_election_results/1685/local_government_election_results_may_2018/7
2b265f7abe27bd10,Ali Nazabit,2018-05-03,Ward End Ward,909,False,Liberal Democrat,https://www.birmingham.gov.uk/info/50381/past_election_results/1685/local_government_election_results_may_2018/7
64fac60cc770465b,Hamblin Joseph David John,2018-05-03,Ward End Ward,166,False,The Conservative Party Candidate,https://www.birmingham.gov.uk/info/50381/past_election_results/1685/local_government_election_results_may_2018/7
bb653d125745a51a,Hussain Wajid,2018-05-03,Ward End Ward,331,False,Independent,https://www.birmingham.gov.uk/info/50381/past_election_results/1685/local_government_election_results_may_2018/7
209d84193bed00e3,Chatfield Tristan John Freeston,2018-05-03,Weoley and Selly Oak Ward,2035,True,Labour Party,https://www.birmingham.gov.uk/info/50381/past_election_results/1685/local_government_election_results_may_2018/7
33e916b3b8972266,Flood Des,2018-05-03,Weoley and Selly Oak Ward,1878,False,Conservative Party Candidate,https://www.birmingham.gov.uk/info/50381/past_election_results/1685/local_government_election_results_may_2018/7
00b6b3c5e5997a14,"Hardie, Andrew David",2018-05-03,Weoley and Selly Oak Ward,1885,False,Conservative Party Candidate,https://www.birmingham.gov.uk/info/50381/past_election_results/1685/local_government_election_results_may_2018/7
83c04565739c5cc7,Hart Nick,2018-05-03,Weoley and Selly Oak Ward,77,False,Trade Unionist and Socialist Coalition,https://www.birmingham.gov.uk/info/50381/past_election_results/1685/local_government_election_results_may_2018/7
897aaa742f140622,Johnson Julie,2018-05-03,Weoley and Selly Oak Ward,2080,True,Labour Party,https://www.birmingham.gov.uk/info/50381/past_election_results/1685/local_government_election_results_may_2018/7
8f5240e69c261416,Masters Eleanor Jane,2018-05-03,Weoley and Selly Oak Ward,410,False,Green Party,https://www.birmingham.gov.uk/info/50381/past_election_results/1685/local_government_election_results_may_2018/7
523a9aa2d3fe227a,Sword Trevor Peter,2018-05-03,Weoley and Selly Oak Ward,329,False,Liberal Democrat,https://www.birmingham.gov.uk/info/50381/past_election_results/1685/local_government_election_results_may_2018/7
da01d2e00ecc3b18,"Wright, Robert Ian",2018-05-03,Weoley and Selly Oak Ward,274,False,Liberal Democrat,https://www.birmingham.gov.uk/info/50381/past_election_results/1685/local_government_election_results_may_2018/7
4d1697a9e2cc939c,Caldecott Edwin Luke Charles,2018-05-03,Yardley East Ward,140,False,The Conservative Party Candidate,https://www.birmingham.gov.uk/info/50381/past_election_results/1685/local_government_election_results_may_2018/7
2c4670367cda072a,Eustace Neil Anthony,2018-05-03,Yardley East Ward,1856,True,Liberal Democrat,https://www.birmingham.gov.uk/info/50381/past_election_results/1685/local_government_election_results_may_2018/7
795bc179f61b7aeb,Wackett Ann Ruth,2018-05-03,Yardley East Ward,863,False,Labour Party,https://www.birmingham.gov.uk/info/50381/past_election_results/1685/local_government_election_results_may_2018/7
d11bc87b7ab61509,Ali Mothin,2018-05-03,Yardley West and Stechford Ward,133,False,The Conservative Party Candidate,https://www.birmingham.gov.uk/info/50381/past_election_results/1685/local_government_election_results_may_2018/7
761ddcccf898c5d4,Baber Baz,2018-05-03,Yardley West and Stechford Ward,1505,True,Liberal Democrat,https://www.birmingham.gov.uk/info/50381/past_election_results/1685/local_government_election_results_may_2018/7
47e139434522b339,Dad Basharat,2018-05-03,Yardley West and Stechford Ward,1285,False,Labour Party,https://www.birmingham.gov.uk/info/50381/past_election_results/1685/local_government_election_results_may_2018/7
6711b70b9f075c6c,Baker Amanda Caroline,2022-05-05,Acocks Green Ward,258,False,Green Party,https://www.birmingham.gov.uk/directory_record/370699/acocks_green_ward_results
6656f6900b5a826e,"Flynn, Eamonn Kevin",2022-05-05,Acocks Green Ward,84,False,Trade Unionist and Socialist Coalition,https://www.birmingham.gov.uk/directory_record/370699/acocks_green_ward_results
32d3bfcbc7c319ca,Iqbal Malik Zafar,2022-05-05,Acocks Green Ward,288,False,Local Conservatives,https://www.birmingham.gov.uk/directory_record/370699/acocks_green_ward_results
abd529b603e2c273,Makrinov Ninna Isabel,2022-05-05,Acocks Green Ward,1531,False,Labour Party,https://www.birmingham.gov.uk/directory_record/370699/acocks_green_ward_results
3a01c2e08fd28d2c,"O'Shea, John Anthony",2022-05-05,Acocks Green Ward,1679,False,Labour Party,https://www.birmingham.gov.uk/directory_record/370699/acocks_green_ward_results
e17641be8b013eb1,Penny Wagg,2022-05-05,Acocks Green Ward,1856,False,Liberal Democrats,https://www.birmingham.gov.uk/directory_record/370699/acocks_green_ward_results
839951214549804d,Roger Harmer,2022-05-05,Acocks Green Ward,2225,False,Liberal Democrats,https://www.birmingham.gov.uk/directory_record/370699/acocks_green_ward_results
4be78cf9e0432ac4,Shingadia Sunil,2022-05-05,Acocks Green Ward,239,False,Local Conservatives,https://www.birmingham.gov.uk/directory_record/370699/acocks_green_ward_results
a1d46b1c249795c6,Deakin Jack,2022-05-05,Allens Cross Ward,922,False,Labour and Co-operative Party,https://www.birmingham.gov.uk/directory_record/370700/allens_cross_ward_results
102f733614311601,Eddie Freeman,2022-05-05,Allens Cross Ward,908,False,The Conservative Party Candidate,https://www.birmingham.gov.uk/directory_record/370700/allens_cross_ward_results
693fdd0bc1b4876a,Fielden Claire Alexandra,2022-05-05,Allens Cross Ward,62,False,Liberal Democrats,https://www.birmingham.gov.uk/directory_record/370700/allens_cross_ward_results
532fb2962d37342f,Rust Daniel Brian,2022-05-05,Allens Cross Ward,112,False,Green Party,https://www.birmingham.gov.uk/directory_record/370700/allens_cross_ward_results
3913f7301f66bac8,"Evans, Jerry",2022-05-05,Alum Rock Ward,501,False,Liberal Democrats,https://www.birmingham.gov.uk/directory_record/370701/alum_rock_ward_results
807939639bb33ccd,Hussain Ishraq,2022-05-05,Alum Rock Ward,751,False,Liberal Democrats,https://www.birmingham.gov.uk/directory_record/370701/alum_rock_ward_results
4f8039f4354d0a85,"Idrees, Mohammed",2022-05-05,Alum Rock Ward,3751,False,Labour Party,https://www.birmingham.gov.uk/directory_record/370701/alum_rock_ward_results
b8c7734b79830807,"Khan, Mariam",2022-05-05,Alum Rock Ward,3442,False,Labour Party,https://www.birmingham.gov.uk/directory_record/370701/alum_rock_ward_results
06f5a1e72b9eac2a,Rani Farhat,2022-05-05,Alum Rock Ward,175,False,Local Conservatives,https://www.birmingham.gov.uk/directory_record/370701/alum_rock_ward_results
c6c720661f90ad1a,Yousaf Wasim,2022-05-05,Alum Rock Ward,177,False,Local Conservatives,https://www.birmingham.gov.uk/directory_record/370701/alum_rock_ward_results
3f449d7ad171322a,Afzal Muhammad,2022-05-05,Aston Ward,2463,False,Labour Party,https://www.birmingham.gov.uk/directory_record/370702/aston_ward_results
b37667c08af35648,Choudhury Jahid,2022-05-05,Aston Ward,216,False,Local Conservatives,https://www.birmingham.gov.uk/directory_record/370702/aston_ward_results
abcd3e0d6ebd4d66,Coke Raymond George,2022-05-05,Aston Ward,127,False,We Matter Party,https://www.birmingham.gov.uk/directory_record/370702/aston_ward_results
bee1d8f477dbf4ec,"Gerald, Dorothy Elizabeth",2022-05-05,Aston Ward,148,False,We Matter Party,https://www.birmingham.gov.uk/directory_record/370702/aston_ward_results
46e061b269ec70dd,Hakim Lokman,2022-05-05,Aston Ward,177,False,Local Conservatives,https://www.birmingham.gov.uk/directory_record/370702/aston_ward_results
d5fa29fb1a267444,Kauser Nagina,2022-05-05,Aston Ward,2223,False,Labour Party,https://www.birmingham.gov.uk/directory_record/370702/aston_ward_results
19738e5d1cef6c1b,Khan Ayoub,2022-05-05,Aston Ward,3012,False,Liberal Democrats,https://www.birmingham.gov.uk/directory_record/370702/aston_ward_results
925d796a0dae9e7b,Meah Nazma Begum,2022-05-05,Aston Ward,265,False,Breakthrough Party,https://www.birmingham.gov.uk/directory_record/370702/aston_ward_results
6fe24a23d7cbdc47,Mumtaz Hussain,2022-05-05,Aston Ward,2542,False,Liberal Democrats,https://www.birmingham.gov.uk/directory_record/370702/aston_ward_results
1a2e7d457cd1ed89,"Guest, Carol",2022-05-05,Balsall Heath West Ward,121,False,Green Party,https://www.birmingham.gov.uk/directory_record/370704/balsall_heath_west_ward_results
9c4e2d8c03f4eace,Khatoon Haleema,2022-05-05,Balsall Heath West Ward,151,False,Liberal Democrats,https://www.birmingham.gov.uk/directory_record/370704/balsall_heath_west_ward_results
4b130b5f20d17e89,"Malik, Zhor",2022-05-05,Balsall Heath West Ward,710,False,Local Conservatives,https://www.birmingham.gov.uk/directory_record/370704/balsall_heath_west_ward_results
48fbd60a5250aa54,Moledina Shehla,2022-05-05,Balsall Heath West Ward,1150,False,Labour Party,https://www.birmingham.gov.uk/directory_record/370704/balsall_heath_west_ward_results
b8e42bd21c6330ad,"Scrivens, Paul Jonathan",2022-05-05,Balsall Heath West Ward,88,False,Workers Party - Birmingham,https://www.birmingham.gov.uk/directory_record/370704/balsall_heath_west_ward_results
13f0ea0e1f10a347,"Brewer, Kerry",2022-05-05,Bartley Green Ward,1672,False,Local Conservatives,https://www.birmingham.gov.uk/directory_record/370705/bartley_green_ward_results
155a885eac5d2a37,Hook Elaine,2022-05-05,Bartley Green Ward,1624,False,Labour and Co-operative Party,https://www.birmingham.gov.uk/directory_record/370705/bartley_green_ward_results
4aabb03a05c9f417,Knowles Martin John,2022-05-05,Bartley Green Ward,151,False,Liberal Democrats,https://www.birmingham.gov.uk/directory_record/370705/bartley_green_ward_results
9eaf33340104d356,"Lines, Bruce John",2022-05-05,Bartley Green Ward,1814,False,Local Conservatives,https://www.birmingham.gov.uk/directory_record/370705/bartley_green_ward_results
b733f2520b58b52b,Morrow Jacob,2022-05-05,Bartley Green Ward,132,False,Liberal Democrats,https://www.birmingham.gov.uk/directory_record/370705/bartley_green_ward_results
9164c316750b9285,"Preston, Paul Simon",2022-05-05,Bartley Green Ward,1511,False,Labour and Co-operative Party,https://www.birmingham.gov.uk/directory_record/370705/bartley_green_ward_results
ed199f894a938b68,"Robertson, James",2022-05-05,Bartley Green Ward,259,False,Green Party,https://www.birmingham.gov.uk/directory_record/370705/bartley_green_ward_results
0395e3dc7c458a14,Bishop Ian,2022-05-05,Billesley Ward,93,False,Reform UK,https://www.birmingham.gov.uk/directory_record/370709/billesley_ward_results
a3bb997e3748dc6f,Davis Phil,2022-05-05,Billesley Ward,2153,False,Labour Party,https://www.birmingham.gov.uk/directory_record/370709/billesley_ward_results
9d560965b100b121,Iroh Katherine,2022-05-05,Billesley Ward,2000,False,Labour Party,https://www.birmingham.gov.uk/directory_record/370709/billesley_ward_results
6d66e2b6da0f41d0,Maguire Clare,2022-05-05,Billesley Ward,279,False,Liberal Democrats,https://www.birmingham.gov.uk/directory_record/370709/billesley_ward_results
28e5ee117cdb8ea4,McLernan Michael James Alexander,2022-05-05,Billesley Ward,1310,False,Local Conservatives,https://www.birmingham.gov.uk/directory_record/370709/billesley_ward_results
d88f989bbb1d4e36,"Neal, Ian",2022-05-05,Billesley Ward,183,False,Liberal Democrats,https://www.birmingham.gov.uk/directory_record/370709/billesley_ward_results
f2a313d6dfd6fbac,Peacock Hilary Clare,2022-05-05,Billesley Ward,392,False,Green Party,https://www.birmingham.gov.uk/directory_record/370709/billesley_ward_results
acb5616ba6ea3ebb,Peacock Joseph Michael,2022-05-05,Billesley Ward,223,False,Green Party,https://www.birmingham.gov.uk/directory_record/370709/billesley_ward_results
3b35b1d3f7300001,"Qazi, Nayaz",2022-05-05,Billesley Ward,1261,False,Local Conservatives,https://www.birmingham.gov.uk/directory_record/370709/billesley_ward_results
d05ba9eb5e4ac96f,Anton Christopher Stephen,2022-05-05,Birchfield Ward,159,False,Liberal Democrats,https://www.birmingham.gov.uk/directory_record/370710/birchfield_ward_results
2349366b0fcb7116,Chanda Alak,2022-05-05,Birchfield Ward,211,False,Local Conservatives,https://www.birmingham.gov.uk/directory_record/370710/birchfield_ward_results
8ea6dfca9efc824f,Hussain Mahmood,2022-05-05,Birchfield Ward,1391,False,Labour Party,https://www.birmingham.gov.uk/directory_record/370710/birchfield_ward_results
4124daabaa8c4f50,"Aziz, Raqeeb",2022-05-05,Bordesley Green Ward,1489,False,Labour Party,https://www.birmingham.gov.uk/directory_record/370717/bordesley_green_ward_results
9b95f0cf538e8ee6,Burkey Wajad,2022-05-05,Bordesley Green Ward,397,False,Local Conservatives,https://www.birmingham.gov.uk/directory_record/370717/bordesley_green_ward_results
462606f455ea2663,"Moynihan, Gerry",2022-05-05,Bordesley Green Ward,309,False,Liberal Democrats,https://www.birmingham.gov.uk/directory_record/370717/bordesley_green_ward_results
d0ca44ba6fa31be0,"Guest, Martin John",2022-05-05,Bordesley and Highgate Ward,132,False,Green Party,https://www.birmingham.gov.uk/directory_record/370716/bordesley_and_highgate_ward_results
32606fe94344d82b,Mosquito Yvonne Maria,2022-05-05,Bordesley and Highgate Ward,925,False,Labour Party,https://www.birmingham.gov.uk/directory_record/370716/bordesley_and_highgate_ward_results
7efc042f17bd1e4d,Talukder Zia,2022-05-05,Bordesley and Highgate Ward,311,False,Local Conservatives,https://www.birmingham.gov.uk/directory_record/370716/bordesley_and_highgate_ward_results
20a6ebb99c9b876b,Woollard Ed,2022-05-05,Bordesley and Highgate Ward,247,False,Workers Party - Birmingham,https://www.birmingham.gov.uk/directory_record/370716/bordesley_and_highgate_ward_results
05fd175a3d752828,Curtis Robert Turner,2022-05-05,Bournbrook and Selly Park Ward,202,False,Liberal Democrats,https://www.birmingham.gov.uk/directory_record/370722/bournbrook_and_selly_park_ward_results
ce0d15f4a19365af,Gilbert Patrick Wiliam,2022-05-05,Bournbrook and Selly Park Ward,243,False,Liberal Democrats,https://www.birmingham.gov.uk/directory_record/370722/bournbrook_and_selly_park_ward_results
910cf69c4ff82b2a,Green Tom,2022-05-05,Bournbrook and Selly Park Ward,142,False,Trade Unionist and Socialist Coalition,https://www.birmingham.gov.uk/directory_record/370722/bournbrook_and_selly_park_ward_results
5b4982d865bbba2e,Jones Brigid,2022-05-05,Bournbrook and Selly Park Ward,1942,False,Labour and Co-operative Party,https://www.birmingham.gov.uk/directory_record/370722/bournbrook_and_selly_park_ward_results
261b23a348daf30f,"McCarthy, Karen Teresa",2022-05-05,Bournbrook and Selly Park Ward,1935,False,Labour and Co-operative Party,https://www.birmingham.gov.uk/directory_record/370722/bournbrook_and_selly_park_ward_results
e66bc16ef1f55722,"Nela, Musa",2022-05-05,Bournbrook and Selly Park Ward,301,False,Local Conservatives,https://www.birmingham.gov.uk/directory_record/370722/bournbrook_and_selly_park_ward_results
fc305d2a10b0647e,Nelson Jane Elizabeth,2022-05-05,Bournbrook and Selly Park Ward,546,False,Green Party,https://www.birmingham.gov.uk/directory_record/370722/bournbrook_and_selly_park_ward_results
82213ed78b566fbe,Neville Mathew John,2022-05-05,Bournbrook and Selly Park Ward,237,False,Green Party,https://www.birmingham.gov.uk/directory_record/370722/bournbrook_and_selly_park_ward_results
01f3cf96b5dc7e47,Rashid Tariq,2022-05-05,Bournbrook and Selly Park Ward,273,False,Local Conservatives,https://www.birmingham.gov.uk/directory_record/370722/bournbrook_and_selly_park_ward_results
5ccfbe8e025e9069,Clements Liz,2022-05-05,Bournville and Cotteridge Ward,3069,False,Labour Party,https://www.birmingham.gov.uk/directory_record/370715/bournville_and_cotteridge_ward_results
554f31c315414240,Dawkins Nigel,2022-05-05,Bournville and Cotteridge Ward,1489,False,Local Conservatives,https://www.birmingham.gov.uk/directory_record/370715/bournville_and_cotteridge_ward_results
c350b6c176dda5d3,"Dixon, Jack",2022-05-05,Bournville and Cotteridge Ward,1228,False,Local Conservatives,https://www.birmingham.gov.uk/directory_record/370715/bournville_and_cotteridge_ward_results
d7b678b344afd3f3,Grindrod Fred,2022-05-05,Bournville and Cotteridge Ward,2739,False,Labour Party,https://www.birmingham.gov.uk/directory_record/370715/bournville_and_cotteridge_ward_results
6afb52c221d84fa8,Hentsch Phillippa Mary Elizabeth,2022-05-05,Bournville and Cotteridge Ward,383,False,Liberal Democrats,https://www.birmingham.gov.uk/directory_record/370715/bournville_and_cotteridge_ward_results
3e55fd5b68214173,Mabbett Ben,2022-05-05,Bournville and Cotteridge Ward,382,False,Green Party,https://www.birmingham.gov.uk/directory_record/370715/bournville_and_cotteridge_ward_results
f9821224d61ed716,Masters Rob,2022-05-05,Bournville and Cotteridge Ward,470,False,Green Party,https://www.birmingham.gov.uk/directory_record/370715/bournville_and_cotteridge_ward_results
2e15cfccfe630c8a,Radciffe David Stephen,2022-05-05,Bournville and Cotteridge Ward,275,False,Liberal Democrats,https://www.birmingham.gov.uk/directory_record/370715/bournville_and_cotteridge_ward_results
7145a9c4bb19fd27,Barker David Seán,2022-05-05,Brandwood and Kings Heath Ward,2769,False,Labour and Co-operative Party,https://www.birmingham.gov.uk/directory_record/370714/brandwood_and_kings_heath_ward_results
7c3d8cbe6c29f2c5,Bevin Phil,2022-05-05,Brandwood and Kings Heath Ward,111,False,Workers Party - Birmingham,https://www.birmingham.gov.uk/directory_record/370714/brandwood_and_kings_heath_ward_results
4b06b1a5035298c9,Cox Patrick Hugo Anthony,2022-05-05,Brandwood and Kings Heath Ward,615,False,Green Party,https://www.birmingham.gov.uk/directory_record/370714/brandwood_and_kings_heath_ward_results
137079c5cd545335,Hudson Mark,2022-05-05,Brandwood and Kings Heath Ward,485,False,Independent,https://www.birmingham.gov.uk/directory_record/370714/brandwood_and_kings_heath_ward_results
b2883d74f1037b64,"Hussain, Asia",2022-05-05,Brandwood and Kings Heath Ward,968,False,Local Conservatives,https://www.birmingham.gov.uk/directory_record/370714/brandwood_and_kings_heath_ward_results
ca812292b4bbd90a,Mullaney Martin James Paul,2022-05-05,Brandwood and Kings Heath Ward,1093,False,Liberal Democrats,https://www.birmingham.gov.uk/directory_record/370714/brandwood_and_kings_heath_ward_results
0c57a422def54791,Stanley Chris,2022-05-05,Brandwood and Kings Heath Ward,802,False,Liberal Democrats,https://www.birmingham.gov.uk/directory_record/370714/brandwood_and_kings_heath_ward_results
793d64131ae252d4,Trickett Lisa Stephanie,2022-05-05,Brandwood and Kings Heath Ward,2704,False,Labour and Co-operative Party,https://www.birmingham.gov.uk/directory_record/370714/brandwood_and_kings_heath_ward_results
2ae93e1683e7714e,Voigt Astrid Gisela Margarete,2022-05-05,Brandwood and Kings Heath Ward,488,False,Green Party,https://www.birmingham.gov.uk/directory_record/370714/brandwood_and_kings_heath_ward_results
301a958e109e4ea0,Whitby Harvey Stuart,2022-05-05,Brandwood and Kings Heath Ward,850,False,Local Conservatives,https://www.birmingham.gov.uk/directory_record/370714/brandwood_and_kings_heath_ward_results
116a59d1015dadec,Wilson Lauren Elisse,2022-05-05,Brandwood and Kings Heath Ward,120,False,Workers Party - Birmingham,https://www.birmingham.gov.uk/directory_record/370714/brandwood_and_kings_heath_ward_results
d33c39b3b4851240,Diane Donaldson,2022-05-05,Bromford and Hodge Hill Ward,2405,False,Labour Party,https://www.birmingham.gov.uk/directory_record/370706/bromford_and_hodge_hill_ward_results
7131481606beaa8f,Higgs James,2022-05-05,Bromford and Hodge Hill Ward,515,False,Local Conservatives,https://www.birmingham.gov.uk/directory_record/370706/bromford_and_hodge_hill_ward_results
7ccfdaa543de8c82,"Khan, Javed",2022-05-05,Bromford and Hodge Hill Ward,152,False,Liberal Democrats,https://www.birmingham.gov.uk/directory_record/370706/bromford_and_hodge_hill_ward_results
30e7e31d089263a0,Majid Mahmood,2022-05-05,Bromford and Hodge Hill Ward,2434,False,Labour Party,https://www.birmingham.gov.uk/directory_record/370706/bromford_and_hodge_hill_ward_results
2cb871d066b6e360,"Mehmood, Asad",2022-05-05,Bromford and Hodge Hill Ward,155,False,Liberal Democrats,https://www.birmingham.gov.uk/directory_record/370706/bromford_and_hodge_hill_ward_results
b9ea7ecf248cc10b,Phillpotts Jack Andrew,2022-05-05,Bromford and Hodge Hill Ward,210,False,Green Party,https://www.birmingham.gov.uk/directory_record/370706/bromford_and_hodge_hill_ward_results
dd7d816beb17c1f3,Zychon James John Francis,2022-05-05,Bromford and Hodge Hill Ward,384,False,Local Conservatives,https://www.birmingham.gov.uk/directory_record/370706/bromford_and_hodge_hill_ward_results
f8ba95b044a59a2c,"Macefield, John Dell",2022-05-05,Castle Vale Ward,478,False,Green Party,https://www.birmingham.gov.uk/directory_record/370732/castle_vale_ward_results
db03b4f3af52f392,Ray Goodwin,2022-05-05,Castle Vale Ward,522,False,Labour Party,https://www.birmingham.gov.uk/directory_record/370732/castle_vale_ward_results
3221331c8bcdb259,Romain Tyrese Raymond Kingsley,2022-05-05,Castle Vale Ward,279,False,Local Conservatives,https://www.birmingham.gov.uk/directory_record/370732/castle_vale_ward_results
d629c9c289717bfa,Sucilla-O'Sullivan Kris,2022-05-05,Castle Vale Ward,11,False,Trade Unionist and Socialist Coalition,https://www.birmingham.gov.uk/directory_record/370732/castle_vale_ward_results
9274dec1a7b5a72b,"Bertram, Christopher John",2022-05-05,Druids Heath and Monyhull Ward,24,False,Liberal Democrats,https://www.birmingham.gov.uk/directory_record/370733/druids_heath_and_monyhull_ward_results
cb7bfdc5f5b300a7,Fuller Andrew Michael,2022-05-05,Druids Heath and Monyhull Ward,163,False,Local Conservatives,https://www.birmingham.gov.uk/directory_record/370733/druids_heath_and_monyhull_ward_results
ef1dae00a2b407d9,Julien Pritchard,2022-05-05,Druids Heath and Monyhull Ward,1890,False,Green Party,https://www.birmingham.gov.uk/directory_record/370733/druids_heath_and_monyhull_ward_results
615b87ff4fffa214,Leddy Mike,2022-05-05,Druids Heath and Monyhull Ward,454,False,Labour Party,https://www.birmingham.gov.uk/directory_record/370733/druids_heath_and_monyhull_ward_results
9a8ead56ffbed65f,Awasthi Ashish,2022-05-05,Edgbaston Ward,392,False,Green Party,https://www.birmingham.gov.uk/directory_record/370734/edgbaston_ward_results
5b1c49a38c0a019a,Bryant James Liam,2022-05-05,Edgbaston Ward,243,False,Liberal Democrats,https://www.birmingham.gov.uk/directory_record/370734/edgbaston_ward_results
0dcb543c3f319b7d,Deirdre Alden,2022-05-05,Edgbaston Ward,1710,False,Local Conservatives,https://www.birmingham.gov.uk/directory_record/370734/edgbaston_ward_results
f1de3bd8920bf86f,Hill Marie Joann,2022-05-05,Edgbaston Ward,1465,False,Labour Party,https://www.birmingham.gov.uk/directory_record/370734/edgbaston_ward_results
657d1f5da5bd7408,Kaur Bal Baljit,2022-05-05,Edgbaston Ward,1474,False,Labour Party,https://www.birmingham.gov.uk/directory_record/370734/edgbaston_ward_results
04e7b6e7c6c1883d,Matt Bennett,2022-05-05,Edgbaston Ward,1548,False,Local Conservatives,https://www.birmingham.gov.uk/directory_record/370734/edgbaston_ward_results
9667ba5d5c379dec,Scott Jamie Christian,2022-05-05,Edgbaston Ward,251,False,Liberal Democrats,https://www.birmingham.gov.uk/directory_record/370734/edgbaston_ward_results
e7364e230b9bcda9,"Amin, Mohammed",2022-05-05,Erdington Ward,86,False,Liberal Democrats,https://www.birmingham.gov.uk/directory_record/370735/erdington_ward_results
f70b1253cfb7592a,Bi Suryiah,2022-05-05,Erdington Ward,1624,False,Labour Party,https://www.birmingham.gov.uk/directory_record/370735/erdington_ward_results
65a962b554fdad8e,Clawley Hazel Marjorie,2022-05-05,Erdington Ward,220,False,Green Party,https://www.birmingham.gov.uk/directory_record/370735/erdington_ward_results
47e139434522b339,Dad Basharat,2022-05-05,Erdington Ward,1643,False,Labour Party,https://www.birmingham.gov.uk/directory_record/370735/erdington_ward_results
08ba11fe6c00200d,Ferguson Andrew McKenzie,2022-05-05,Erdington Ward,161,False,Green Party,https://www.birmingham.gov.uk/directory_record/370735/erdington_ward_results
e8a73b39bc3827a9,Gareth Moore,2022-05-05,Erdington Ward,2047,False,Local Conservatives,https://www.birmingham.gov.uk/directory_record/370735/erdington_ward_results
474ef6c750796e38,Green James Richard,2022-05-05,Erdington Ward,118,False,Liberal Democrats,https://www.birmingham.gov.uk/directory_record/370735/erdington_ward_results
567f63894f876fa2,Robert Alden,2022-05-05,Erdington Ward,2469,False,Local Conservatives,https://www.birmingham.gov.uk/directory_record/370735/erdington_ward_results
53f28aaabd3dfba2,Ward Corinthia Joy,2022-05-05,Erdington Ward,95,False,Trade Unionist and Socialist Coalition Party,https://www.birmingham.gov.uk/directory_record/370735/erdington_ward_results
8dd86ab2bbdb8264,Beck Peter Charles,2022-05-05,Frankley Great Park Ward,86,False,Green Party,https://www.birmingham.gov.uk/directory_record/370736/frankley_great_park_ward_results
4faa5ae4e89f7e9e,"Haynes, Steve",2022-05-05,Frankley Great Park Ward,711,False,Labour and Co-operative Party,https://www.birmingham.gov.uk/directory_record/370736/frankley_great_park_ward_results
86edacd24d6d6c65,Lloyd Peter James,2022-05-05,Frankley Great Park Ward,71,False,Liberal Democrats,https://www.birmingham.gov.uk/directory_record/370736/frankley_great_park_ward_results
37a897fcecf62d99,"Morrall, Simon",2022-05-05,Frankley Great Park Ward,1356,False,Local Conservatives,https://www.birmingham.gov.uk/directory_record/370736/frankley_great_park_ward_results
ee8313db14c4637e,"Hall, Daphne Claire",2022-05-05,Garretts Green Ward,191,False,Local Conservatives,https://www.birmingham.gov.uk/directory_record/370737/garretts_green_ward_results
cb64786b9ff3b219,Saddak Miah,2022-05-05,Garretts Green Ward,1301,False,Labour Party,https://www.birmingham.gov.uk/directory_record/370737/garretts_green_ward_results
795e8d6d311c3d6e,Shaukat Ali Khan,2022-05-05,Garretts Green Ward,436,False,Liberal Democrats,https://www.birmingham.gov.uk/directory_record/370737/garretts_green_ward_results
828f3ec20973105d,"Bridle, Marje",2022-05-05,Glebe Farm and Tile Cross Ward,1862,False,Labour Party,https://www.birmingham.gov.uk/directory_record/370738/glebe_farm_and_tile_cross_ward_results
e3bd0f615ad2355a,Cotton John Leslie Barton,2022-05-05,Glebe Farm and Tile Cross Ward,1704,False,Labour Party,https://www.birmingham.gov.uk/directory_record/370738/glebe_farm_and_tile_cross_ward_results
ea49d62576a07d71,Fox Matthew,2022-05-05,Glebe Farm and Tile Cross Ward,562,False,Local Conservatives,https://www.birmingham.gov.uk/directory_record/370738/glebe_farm_and_tile_cross_ward_results
8254dda37125996a,"Hussain, Iftekhar",2022-05-05,Glebe Farm and Tile Cross Ward,567,False,Liberal Democrats,https://www.birmingham.gov.uk/directory_record/370738/glebe_farm_and_tile_cross_ward_results
a9192492460a9e88,"Mahmood, Faisal",2022-05-05,Glebe Farm and Tile Cross Ward,486,False,Local Conservatives,https://www.birmingham.gov.uk/directory_record/370738/glebe_farm_and_tile_cross_ward_results
a9c29330c28939c4,Norman Elizabeth Anne,2022-05-05,Glebe Farm and Tile Cross Ward,306,False,Liberal Democrats,https://www.birmingham.gov.uk/directory_record/370738/glebe_farm_and_tile_cross_ward_results
8354048d044af9eb,Lusk David,2022-05-05,Gravelly Hill Ward,34,False,Liberal Democrats,https://www.birmingham.gov.uk/directory_record/370739/gravelly_hill_ward_results
4f3de31d0d83a2b4,"Mehmood, Asif",2022-05-05,Gravelly Hill Ward,328,False,Local Conservatives,https://www.birmingham.gov.uk/directory_record/370739/gravelly_hill_ward_results
f6644831c60fe01b,Mick Brown,2022-05-05,Gravelly Hill Ward,807,False,Labour and Co-operative Party,https://www.birmingham.gov.uk/directory_record/370739/gravelly_hill_ward_results
31ff2893009fe0b6,Patrick Thomas,2022-05-05,Gravelly Hill Ward,25,False,Trade Unionist and Socialist Coalition,https://www.birmingham.gov.uk/directory_record/370739/gravelly_hill_ward_results
4dbfbc6f28657c76,Siobhan Harper-Nunes,2022-05-05,Gravelly Hill Ward,363,False,Green Party,https://www.birmingham.gov.uk/directory_record/370739/gravelly_hill_ward_results
2708117e78764bf1,"Ahmed, Akhlaq",2022-05-05,Hall Green North Ward,2271,False,Labour Party,https://www.birmingham.gov.uk/directory_record/370744/hall_green_north_ward_results
5fd65531d753ffb3,"Choudhry, Tanveer",2022-05-05,Hall Green North Ward,1287,False,Local Conservatives,https://www.birmingham.gov.uk/directory_record/370744/hall_green_north_ward_results
602fba8b88861b34,Courage Gareth William,2022-05-05,Hall Green North Ward,374,False,Green Party,https://www.birmingham.gov.uk/directory_record/370744/hall_green_north_ward_results
2d0f72101dc52923,Hemming Alexender John Arthur,2022-05-05,Hall Green North Ward,415,False,Liberal Democrats,https://www.birmingham.gov.uk/directory_record/370744/hall_green_north_ward_results
73fe70d0f0553a51,Iqbal Malik,2022-05-05,Hall Green North Ward,1134,False,Local Conservatives,https://www.birmingham.gov.uk/directory_record/370744/hall_green_north_ward_results
8d9b1dacaea69ca5,Spruce Andy,2022-05-05,Hall Green North Ward,430,False,Liberal Democrats,https://www.birmingham.gov.uk/directory_record/370744/hall_green_north_ward_results
363bb13877226285,"Suleman, Saima",2022-05-05,Hall Green North Ward,2182,False,Labour Party,https://www.birmingham.gov.uk/directory_record/370744/hall_green_north_ward_results
48fca75e39f1c493,"Ahmed, Shafaq",2022-05-05,Hall Green South Ward,1071,False,Labour Party,https://www.birmingham.gov.uk/directory_record/370745/hall_green_south_ward_results
e63a8b0fc6e7b9ed,Lickiss David Alan Nigel,2022-05-05,Hall Green South Ward,118,False,Liberal Democrats,https://www.birmingham.gov.uk/directory_record/370745/hall_green_south_ward_results
8077ec088f88d10f,Parker David James,2022-05-05,Hall Green South Ward,148,False,Green Party,https://www.birmingham.gov.uk/directory_record/370745/hall_green_south_ward_results
650e7ddcfbf8b41a,Timothy Huxtable,2022-05-05,Hall Green South Ward,1427,False,Local Conservatives,https://www.birmingham.gov.uk/directory_record/370745/hall_green_south_ward_results
bab88b6831993ba2,Ed Freshwater,2022-05-05,Handsworth Ward,95,False,Green Party,https://www.birmingham.gov.uk/directory_record/370740/handsworth_ward_results
f65f21191415c915,Okae Fosu George Michael,2022-05-05,Handsworth Ward,67,False,Liberal Democrats,https://www.birmingham.gov.uk/directory_record/370740/handsworth_ward_results
d5bf5ab3b922799b,Quinnen Hendrina,2022-05-05,Handsworth Ward,1397,False,Labour Party,https://www.birmingham.gov.uk/directory_record/370740/handsworth_ward_results
b410c3e536f00773,"Surti, Devia",2022-05-05,Handsworth Ward,116,False,Local Conservatives,https://www.birmingham.gov.uk/directory_record/370740/handsworth_ward_results
7a21854756e71e6c,Atwal Gurdial Singh,2022-05-05,Handsworth Wood Ward,2318,False,Labour Party,https://www.birmingham.gov.uk/directory_record/370742/handsworth_wood_ward_results
f9d853d76f8b9b77,Burgess Christopher James Foster,2022-05-05,Handsworth Wood Ward,361,False,Liberal Democrats,https://www.birmingham.gov.uk/directory_record/370742/handsworth_wood_ward_results
ce23c2220b69bc9a,"Chumber, Ravinder Singh",2022-05-05,Handsworth Wood Ward,723,False,Local Conservatives,https://www.birmingham.gov.uk/directory_record/370742/handsworth_wood_ward_results
3d5e017c2d6fc411,Cox Emily Rohaise,2022-05-05,Handsworth Wood Ward,373,False,Liberal Democrats,https://www.birmingham.gov.uk/directory_record/370742/handsworth_wood_ward_results
1df08592aff597ef,Narinder Kaur Kooner OBE,2022-05-05,Handsworth Wood Ward,2237,False,Labour Party,https://www.birmingham.gov.uk/directory_record/370742/handsworth_wood_ward_results
cb09f9b7ad504681,Uddin Sham,2022-05-05,Handsworth Wood Ward,551,False,Local Conservatives,https://www.birmingham.gov.uk/directory_record/370742/handsworth_wood_ward_results
90de8e1c56fede82,"Brooks, Martin John",2022-05-05,Harborne Ward,2923,False,Labour and Co-operative Party,https://www.birmingham.gov.uk/directory_record/370741/harborne_ward_results
d194591979c1fe32,Crisp Alistair,2022-05-05,Harborne Ward,628,False,Green Party,https://www.birmingham.gov.uk/directory_record/370741/harborne_ward_results
3ca1cb17d62442b4,Fowler Peter,2022-05-05,Harborne Ward,1919,False,Local Conservatives,https://www.birmingham.gov.uk/directory_record/370741/harborne_ward_results
5ac91d822b1e1d1b,Francis Jayne,2022-05-05,Harborne Ward,2815,False,Labour and Co-operative Party,https://www.birmingham.gov.uk/directory_record/370741/harborne_ward_results
639ed5c3352010e5,"Garrett, Ian Anthony George",2022-05-05,Harborne Ward,455,False,Liberal Democrats,https://www.birmingham.gov.uk/directory_record/370741/harborne_ward_results
3ba220d750afdd5c,Harmer Joseph Benjamin,2022-05-05,Harborne Ward,532,False,Liberal Democrats,https://www.birmingham.gov.uk/directory_record/370741/harborne_ward_results
3241c2f05fb4d33b,"O'Hara, Harriet Rose",2022-05-05,Harborne Ward,1703,False,Local Conservatives,https://www.birmingham.gov.uk/directory_record/370741/harborne_ward_results
6d65c29d14a1b5c4,Azam Adil,2022-05-05,Heartlands Ward,284,False,Local Conservatives,https://www.birmingham.gov.uk/directory_record/370743/heartlands_ward_results
5a3dd95f2610647e,Ellinor Clair Elieen,2022-05-05,Heartlands Ward,139,False,Liberal Democrats,https://www.birmingham.gov.uk/directory_record/370743/heartlands_ward_results
2f961b5898b9f060,Shafique Shah,2022-05-05,Heartlands Ward,1672,False,Labour Party,https://www.birmingham.gov.uk/directory_record/370743/heartlands_ward_results
9cf82507e039490f,Adam Higgs,2022-05-05,Highters Heath Ward,1094,False,Local Conservatives,https://www.birmingham.gov.uk/directory_record/370746/highters_heath_ward_results
b789f39effec50d8,Thomas Clare Louise,2022-05-05,Highters Heath Ward,109,False,Green Party,https://www.birmingham.gov.uk/directory_record/370746/highters_heath_ward_results
daaf3ade9307cd8a,Waltho Lynda Ellen,2022-05-05,Highters Heath Ward,793,False,Labour and Co-operative Party,https://www.birmingham.gov.uk/directory_record/370746/highters_heath_ward_results
f4915666da033e1f,Douglas Kingsley Seymour,2022-05-05,Holyhead Ward,73,False,Liberal Democrats,https://www.birmingham.gov.uk/directory_record/370747/holyhead_ward_results
3b80f61e9cc163a2,Hardie Andrew,2022-05-05,Holyhead Ward,133,False,Local Conservatives,https://www.birmingham.gov.uk/directory_record/370747/holyhead_ward_results
7edd9cf0f3d09ce7,Rinkal Shergill,2022-05-05,Holyhead Ward,1618,False,Labour Party,https://www.birmingham.gov.uk/directory_record/370747/holyhead_ward_results
d146330e7cfeb72b,Trench Karen Geraldine,2022-05-05,Holyhead Ward,293,False,Independent,https://www.birmingham.gov.uk/directory_record/370747/holyhead_ward_results
56b88dbbe6964d31,Aitken Alex,2022-05-05,Kings Norton North Ward,1353,False,Labour and Co-operative Party,https://www.birmingham.gov.uk/directory_record/370754/kings_norton_north_ward_results
79c5ff09767ddf12,Blissett Marsha,2022-05-05,Kings Norton North Ward,47,False,Liberal Democrats,https://www.birmingham.gov.uk/directory_record/370754/kings_norton_north_ward_results
57ee8ec1c02c1c71,Sorboen Kari Benedikte,2022-05-05,Kings Norton North Ward,92,False,Green Party,https://www.birmingham.gov.uk/directory_record/370754/kings_norton_north_ward_results
70bf16c7f4e67dc5,Wood Barbara Iris,2022-05-05,Kings Norton North Ward,949,False,The Conservative Party Candidate,https://www.birmingham.gov.uk/directory_record/370754/kings_norton_north_ward_results
4a31efd62d5f0ae9,Clancy Robert Joseph,2022-05-05,Kings Norton South Ward,365,False,The Conservative Party Candidate,https://www.birmingham.gov.uk/directory_record/370755/kings_norton_south_ward_results
bf54ea502396f0c6,Kumar Sonia,2022-05-05,Kings Norton South Ward,732,False,Labour and Co-operative Party,https://www.birmingham.gov.uk/directory_record/370755/kings_norton_south_ward_results
721d224beea71820,Rob Grant,2022-05-05,Kings Norton South Ward,1137,False,Green Party,https://www.birmingham.gov.uk/directory_record/370755/kings_norton_south_ward_results
a18ede8f0de343bf,Ambler Doctor Simon John,2022-05-05,Kingstanding Ward,142,False,Liberal Democrats,https://www.birmingham.gov.uk/directory_record/370749/kingstanding_ward_results
4c04798b57b3926b,Brittain Ben,2022-05-05,Kingstanding Ward,1274,False,Local Conservatives,https://www.birmingham.gov.uk/directory_record/370749/kingstanding_ward_results
dabc5fb1f5b5cbe9,"Foster, Joe",2022-05-05,Kingstanding Ward,50,False,Trade Unionist and Socialist Coalition,https://www.birmingham.gov.uk/directory_record/370749/kingstanding_ward_results
3c27554558aa51fd,"Hughes, Des",2022-05-05,Kingstanding Ward,1350,False,Labour Party,https://www.birmingham.gov.uk/directory_record/370749/kingstanding_ward_results
449a895d8f759932,Khan Adam,2022-05-05,Kingstanding Ward,19,False,We Matter Party,https://www.birmingham.gov.uk/directory_record/370749/kingstanding_ward_results
c8c75ee4775480fd,Painter Richard Hugh,2022-05-05,Kingstanding Ward,125,False,Green Party,https://www.birmingham.gov.uk/directory_record/370749/kingstanding_ward_results
7c9bca107adac696,Payne Rick,2022-05-05,Kingstanding Ward,1286,False,Local Conservatives,https://www.birmingham.gov.uk/directory_record/370749/kingstanding_ward_results
c1c5b2bec500d1c9,"Rasheed, Naz",2022-05-05,Kingstanding Ward,1221,False,Labour Party,https://www.birmingham.gov.uk/directory_record/370749/kingstanding_ward_results
79919f3f1c773e9c,Taylor Patricia Susan,2022-05-05,Kingstanding Ward,99,False,Green Party,https://www.birmingham.gov.uk/directory_record/370749/kingstanding_ward_results
d860c9c8aca9f0c2,Axford Kenneth,2022-05-05,Ladywood Ward,422,False,Local Conservatives,https://www.birmingham.gov.uk/directory_record/370756/ladywood_ward_results
3209833fcef538ee,Bore Albert,2022-05-05,Ladywood Ward,1819,False,Labour Party,https://www.birmingham.gov.uk/directory_record/370756/ladywood_ward_results
26c00f00a58d37c3,Dargue Lee James,2022-05-05,Ladywood Ward,278,False,Liberal Democrats,https://www.birmingham.gov.uk/directory_record/370756/ladywood_ward_results
0446202d1d70e0b8,Gaussen David,2022-05-05,Ladywood Ward,413,False,Green Party,https://www.birmingham.gov.uk/directory_record/370756/ladywood_ward_results
caabb0b4d1e819e1,Hartley Kath,2022-05-05,Ladywood Ward,1764,False,Labour Party,https://www.birmingham.gov.uk/directory_record/370756/ladywood_ward_results
b63bdb50117bf16d,"Hordern, Guy",2022-05-05,Ladywood Ward,358,False,Local Conservatives,https://www.birmingham.gov.uk/directory_record/370756/ladywood_ward_results
1d82c63e9177040e,Jeyanayagam Piriyasha,2022-05-05,Ladywood Ward,85,False,Trade Unionist and Socialist Coalition,https://www.birmingham.gov.uk/directory_record/370756/ladywood_ward_results
ef5ac6ef4ff94f6e,Wilson John,2022-05-05,Ladywood Ward,193,False,Liberal Democrats,https://www.birmingham.gov.uk/directory_record/370756/ladywood_ward_results
54c8685bfbfd6ef6,Abdi Muhamed,2022-05-05,Longbridge and West Heath Ward,1366,False,Labour Party,https://www.birmingham.gov.uk/directory_record/370758/longbridge_and_west_heath_ward_results
5b1117729220b432,Clancy Debbie,2022-05-05,Longbridge and West Heath Ward,2138,False,Conservative Party Candidate,https://www.birmingham.gov.uk/directory_record/370758/longbridge_and_west_heath_ward_results
869050f7286e27d0,Kalik Sanja,2022-05-05,Longbridge and West Heath Ward,1340,False,Labour Party,https://www.birmingham.gov.uk/directory_record/370758/longbridge_and_west_heath_ward_results
0d9a02cd8fdc1458,"McKears, Sylvia Jane",2022-05-05,Longbridge and West Heath Ward,294,False,Green Party,https://www.birmingham.gov.uk/directory_record/370758/longbridge_and_west_heath_ward_results
99ad8314ba40b65a,"Mendez, Violaine",2022-05-05,Longbridge and West Heath Ward,180,False,Liberal Democrats,https://www.birmingham.gov.uk/directory_record/370758/longbridge_and_west_heath_ward_results
021b0e17dabdd1db,"Stanton, Elly",2022-05-05,Longbridge and West Heath Ward,290,False,Green Party,https://www.birmingham.gov.uk/directory_record/370758/longbridge_and_west_heath_ward_results
1418702d9ac93f5f,"Storer, Ron",2022-05-05,Longbridge and West Heath Ward,1874,False,Conservative Party Candidate,https://www.birmingham.gov.uk/directory_record/370758/longbridge_and_west_heath_ward_results
318cd197f2e136ae,"Sturt-Joy, Michael",2022-05-05,Longbridge and West Heath Ward,160,False,Liberal Democrats,https://www.birmingham.gov.uk/directory_record/370758/longbridge_and_west_heath_ward_results
dc1c72b6b5fdaedd,Walder Clive Richard,2022-05-05,Longbridge and West Heath Ward,94,False,Trade Unionist and Socialist Coalition,https://www.birmingham.gov.uk/directory_record/370758/longbridge_and_west_heath_ward_results
b24dcd3aaa9c239a,Dennis Kefentse,2022-05-05,Lozells Ward,118,False,Green Party,https://www.birmingham.gov.uk/directory_record/370757/lozells_ward_results
e6b0b312845fa894,Faisal Mohammed,2022-05-05,Lozells Ward,691,False,Local Conservatives,https://www.birmingham.gov.uk/directory_record/370757/lozells_ward_results
9b7421fe4b71908d,Zaffar Waseem,2022-05-05,Lozells Ward,1955,False,Labour and Co-operative Party,https://www.birmingham.gov.uk/directory_record/370757/lozells_ward_results
00ac5f010ac61a9e,Izzy Knowles BEM,2022-05-05,Moseley Ward,3025,False,Liberal Democrats,https://www.birmingham.gov.uk/directory_record/370759/moseley_ward_results
7acab9ae086f7ac4,Jenkins Kerry Shaunna,2022-05-05,Moseley Ward,2497,False,Labour Party,https://www.birmingham.gov.uk/directory_record/370759/moseley_ward_results
6de49c9e66a79709,Khan Abid,2022-05-05,Moseley Ward,407,False,Local Conservatives,https://www.birmingham.gov.uk/directory_record/370759/moseley_ward_results
5a7cf39506985a43,Khan Iqrah,2022-05-05,Moseley Ward,363,False,Local Conservatives,https://www.birmingham.gov.uk/directory_record/370759/moseley_ward_results
ee82f47884872783,"Porteous, Edward",2022-05-05,Moseley Ward,553,False,Green Party,https://www.birmingham.gov.uk/directory_record/370759/moseley_ward_results
31c3c66b5a58ea74,"Russell, Radley",2022-05-05,Moseley Ward,1867,False,Liberal Democrats,https://www.birmingham.gov.uk/directory_record/370759/moseley_ward_results
d15d7f56cb7d8790,Straker Welds Martin Gladstone,2022-05-05,Moseley Ward,2126,False,Labour Party,https://www.birmingham.gov.uk/directory_record/370759/moseley_ward_results
636cc9991cb1fe83,"Babington, Jamie",2022-05-05,Nechells Ward,150,False,Local Conservatives,https://www.birmingham.gov.uk/directory_record/370760/nechells_ward_results
60cdc2b177af4307,Marsham Lee,2022-05-05,Nechells Ward,1194,False,Labour Party,https://www.birmingham.gov.uk/directory_record/370760/nechells_ward_results
a44487634cb543b0,Islam Zia,2022-05-05,Newtown Ward,1031,False,Labour Party,https://www.birmingham.gov.uk/directory_record/370762/newtown_ward_results
2483dec1a1aa831a,"Jaddoo, Desmond Gustavus",2022-05-05,Newtown Ward,212,False,We Matter Party,https://www.birmingham.gov.uk/directory_record/370762/newtown_ward_results
68819fa096dded2f,Khalique Abdul,2022-05-05,Newtown Ward,267,False,Local Conservatives,https://www.birmingham.gov.uk/directory_record/370762/newtown_ward_results
9db6d6f412fc12ec,Ruumi Cabdulqaadir,2022-05-05,Newtown Ward,266,False,Liberal Democrats,https://www.birmingham.gov.uk/directory_record/370762/newtown_ward_results
778d1e40e4c47d80,Burford Timon James,2022-05-05,North Edgbaston Ward,208,False,Liberal Democrats,https://www.birmingham.gov.uk/directory_record/370761/north_edgbaston_ward_results
5d2a8d6973d6d38f,Chaudary Kamran,2022-05-05,North Edgbaston Ward,1043,False,Local Conservatives,https://www.birmingham.gov.uk/directory_record/370761/north_edgbaston_ward_results
133b27f15d9c8ae6,Downs William,2022-05-05,North Edgbaston Ward,108,False,Trade Unionist and Socialist Coalition,https://www.birmingham.gov.uk/directory_record/370761/north_edgbaston_ward_results
cf3a7bf9f6af592d,Marcus Bernasconi,2022-05-05,North Edgbaston Ward,2353,False,Labour Party,https://www.birmingham.gov.uk/directory_record/370761/north_edgbaston_ward_results
721b79918b7ab224,Thompson Sharon Anne-Marie,2022-05-05,North Edgbaston Ward,2178,False,Labour Party,https://www.birmingham.gov.uk/directory_record/370761/north_edgbaston_ward_results
11264c77e8caae24,Ward Michael,2022-05-05,North Edgbaston Ward,274,False,Liberal Democrats,https://www.birmingham.gov.uk/directory_record/370761/north_edgbaston_ward_results
e9ea690f245d7f73,Zaman Wasim,2022-05-05,North Edgbaston Ward,1003,False,Local Conservatives,https://www.birmingham.gov.uk/directory_record/370761/north_edgbaston_ward_results
86db3a9d7f4f5fcb,Kurt-Elli Kirsten,2022-05-05,Northfield Ward,1584,False,Labour Party,https://www.birmingham.gov.uk/directory_record/370763/northfield_ward_results
bf4aaa1fc8838a87,"Moles, Andy",2022-05-05,Northfield Ward,118,False,Liberal Democrats,https://www.birmingham.gov.uk/directory_record/370763/northfield_ward_results
675f8383aa8e3bf9,"Rowe, Keith Alexander",2022-05-05,Northfield Ward,973,False,The Conservative Party Candidate,https://www.birmingham.gov.uk/directory_record/370763/northfield_ward_results
5ff8a18e905456ed,Wilson Trevor Tudor,2022-05-05,Northfield Ward,126,False,Green Party,https://www.birmingham.gov.uk/directory_record/370763/northfield_ward_results
508ce27ea5921036,Bunting Josh,2022-05-05,Oscott Ward,313,False,Liberal Democrats,https://www.birmingham.gov.uk/directory_record/370764/oscott_ward_results
fe50e6e3e32bfc6e,"Dring, Barbara",2022-05-05,Oscott Ward,1502,False,Labour Party,https://www.birmingham.gov.uk/directory_record/370764/oscott_ward_results
0218b10e59176f5c,"Hall, Alex",2022-05-05,Oscott Ward,1477,False,Conservative Party Candidate,https://www.birmingham.gov.uk/directory_record/370764/oscott_ward_results
f489865a9a4d3259,Majahid Haleem,2022-05-05,Oscott Ward,1204,False,Labour Party,https://www.birmingham.gov.uk/directory_record/370764/oscott_ward_results
54c86873e7079aff,Sandhu Darius,2022-05-05,Oscott Ward,1506,False,Conservative Party Candidate,https://www.birmingham.gov.uk/directory_record/370764/oscott_ward_results
346fafd7f0ac40d7,Warnaby Nora Mary Teresa,2022-05-05,Oscott Ward,224,False,Liberal Democrats,https://www.birmingham.gov.uk/directory_record/370764/oscott_ward_results
3ebf90f132c06b6f,Ahmed Jahangir,2022-05-05,Perry Barr Ward,348,False,Local Conservatives,https://www.birmingham.gov.uk/directory_record/370765/perry_barr_ward_results
96c6ff1a19872d50,"Hanif, Mohammed",2022-05-05,Perry Barr Ward,1673,False,Labour and Co-operative Party,https://www.birmingham.gov.uk/directory_record/370765/perry_barr_ward_results
8b5abd993f6a5c41,Hunt Jon,2022-05-05,Perry Barr Ward,2286,False,Liberal Democrats,https://www.birmingham.gov.uk/directory_record/370765/perry_barr_ward_results
85df681ec0831646,Jenkins William,2022-05-05,Perry Barr Ward,291,False,Local Conservatives,https://www.birmingham.gov.uk/directory_record/370765/perry_barr_ward_results
aed313001844a0ca,Morriam Jan,2022-05-05,Perry Barr Ward,1841,False,Liberal Democrats,https://www.birmingham.gov.uk/directory_record/370765/perry_barr_ward_results
87ba6e88c6de4770,Williams Fiona Jocelyn Mair,2022-05-05,Perry Barr Ward,1324,False,Labour and Co-operative Party,https://www.birmingham.gov.uk/directory_record/370765/perry_barr_ward_results
13a624e0c17f7d91,"Allsop, Stephen Richard",2022-05-05,Perry Common Ward,52,False,Liberal Democrats,https://www.birmingham.gov.uk/directory_record/370766/perry_common_ward_results
bfc6c5767d88db99,Bermingham Jillian Joanne,2022-05-05,Perry Common Ward,892,False,Labour Party,https://www.birmingham.gov.uk/directory_record/370766/perry_common_ward_results
42b43ba4a76b3981,"Boyle, Stephanie",2022-05-05,Perry Common Ward,45,False,Green Party,https://www.birmingham.gov.uk/directory_record/370766/perry_common_ward_results
b52bdd2cd230792a,Friel Siobhan,2022-05-05,Perry Common Ward,21,False,Trade Unionist and Socialist Coalition,https://www.birmingham.gov.uk/directory_record/370766/perry_common_ward_results
48055f51109dd66d,Okello Rachel Judith,2022-05-05,Perry Common Ward,684,False,Local Conservatives,https://www.birmingham.gov.uk/directory_record/370766/perry_common_ward_results
1be40970c8bc1e59,Deamer Robert James David,2022-05-05,Pype Hayes Ward,105,False,Green Party,https://www.birmingham.gov.uk/directory_record/370767/pype_hayes_ward_results
fd89fd8441673bd0,Mahmood Basharat,2022-05-05,Pype Hayes Ward,911,False,Labour Party,https://www.birmingham.gov.uk/directory_record/370767/pype_hayes_ward_results
7e8fea23e71ac9fb,Murray Bill,2022-05-05,Pype Hayes Ward,28,False,Trade Unionist and Socialist Coalition,https://www.birmingham.gov.uk/directory_record/370767/pype_hayes_ward_results
1c67f8843c614c99,"Watts, Gerald",2022-05-05,Pype Hayes Ward,45,False,Liberal Democrats,https://www.birmingham.gov.uk/directory_record/370767/pype_hayes_ward_results
f1b87d9045e89f06,"Welch, Clifton Frederick",2022-05-05,Pype Hayes Ward,819,False,Local Conservatives,https://www.birmingham.gov.uk/directory_record/370767/pype_hayes_ward_results
dc9bdee8a6a58bd5,"Anderson, Sue",2022-05-05,Quinton Ward,222,False,Liberal Democrats,https://www.birmingham.gov.uk/directory_record/370768/quinton_ward_results
4d316d9ef5c9fe49,"Bolton, James Liam Pennington",2022-05-05,Quinton Ward,292,False,Green Party,https://www.birmingham.gov.uk/directory_record/370768/quinton_ward_results
86d71f55732cda3c,Garrett Stephanie Larissa,2022-05-05,Quinton Ward,192,False,Liberal Democrats,https://www.birmingham.gov.uk/directory_record/370768/quinton_ward_results
925df295f80d556f,McCormack Connor Brendan,2022-05-05,Quinton Ward,2064,False,Local Conservatives,https://www.birmingham.gov.uk/directory_record/370768/quinton_ward_results
781261ccd5b29933,Rainbow Lauren,2022-05-05,Quinton Ward,2163,False,Labour and Co-operative Party,https://www.birmingham.gov.uk/directory_record/370768/quinton_ward_results
e9bf418946e09a78,Sam Forsyth,2022-05-05,Quinton Ward,2249,False,Labour and Co-operative Party,https://www.birmingham.gov.uk/directory_record/370768/quinton_ward_results
0290f9fa4536670d,Stanford Dominic James,2022-05-05,Quinton Ward,2136,False,Local Conservatives,https://www.birmingham.gov.uk/directory_record/370768/quinton_ward_results
bbfddfe514b0ad7e,Ball Robert Michael,2022-05-05,Rubery and Rednal Ward,117,False,Green Party,https://www.birmingham.gov.uk/directory_record/370769/rubery_and_rednal_ward_results
51caa964faf3ac50,"Delaney, Adrian Joseph",2022-05-05,Rubery and Rednal Ward,918,False,The Conservative Party Candidate,https://www.birmingham.gov.uk/directory_record/370769/rubery_and_rednal_ward_results
e5dd761782daf99c,"Kennedy, Tony",2022-05-05,Rubery and Rednal Ward,776,False,Labour and Co-operative Party,https://www.birmingham.gov.uk/directory_record/370769/rubery_and_rednal_ward_results
241b0ac6e4d81346,Lister Thomas Daniel,2022-05-05,Rubery and Rednal Ward,50,False,Liberal Democrats,https://www.birmingham.gov.uk/directory_record/370769/rubery_and_rednal_ward_results
ddc4916cbe29393d,Allsop Eve,2022-05-05,Shard End Ward,100,False,Green Party,https://www.birmingham.gov.uk/directory_record/370772/shard_end_ward_results
bf5db5206a393933,"Barber, Christopher Francis",2022-05-05,Shard End Ward,80,False,Liberal Democrats,https://www.birmingham.gov.uk/directory_record/370772/shard_end_ward_results
4e16e741e93d1e1e,"Briggs, Tony",2022-05-05,Shard End Ward,371,False,Local Conservatives,https://www.birmingham.gov.uk/directory_record/370772/shard_end_ward_results
8bf3fb4fd4664365,Ward Ian Antony,2022-05-05,Shard End Ward,854,False,Labour Party,https://www.birmingham.gov.uk/directory_record/370772/shard_end_ward_results
628a04b5ff7fc7ce,Abdi Isra,2022-05-05,Sheldon Ward,835,False,Labour Party,https://www.birmingham.gov.uk/directory_record/370773/sheldon_ward_results
44e183309726be95,Andrews Mark David,2022-05-05,Sheldon Ward,89,False,Trade Unionist and Socialist Coalition,https://www.birmingham.gov.uk/directory_record/370773/sheldon_ward_results
d08ebf5893ad03d9,Axford Susan,2022-05-05,Sheldon Ward,564,False,Local Conservatives,https://www.birmingham.gov.uk/directory_record/370773/sheldon_ward_results
7eedbb9bac89af67,"Green, Colin Francis",2022-05-05,Sheldon Ward,1534,False,Liberal Democrats,https://www.birmingham.gov.uk/directory_record/370773/sheldon_ward_results
7582c9b250bd3209,Harrison Kevin,2022-05-05,Sheldon Ward,218,False,Green Party,https://www.birmingham.gov.uk/directory_record/370773/sheldon_ward_results
07df2e4a3310d29b,Jenkins Oliver,2022-05-05,Sheldon Ward,513,False,Local Conservatives,https://www.birmingham.gov.uk/directory_record/370773/sheldon_ward_results
5b0f4fb4cc640365,Piekarz Joseph,2022-05-05,Sheldon Ward,743,False,Labour Party,https://www.birmingham.gov.uk/directory_record/370773/sheldon_ward_results
c0bee63ec5589ae2,"Tilsley, Paul Calvin",2022-05-05,Sheldon Ward,1752,False,Liberal Democrats,https://www.birmingham.gov.uk/directory_record/370773/sheldon_ward_results
34243f456ed7a1b3,"Abu, Nowshed",2022-05-05,Small Heath Ward,1081,False,Local Conservatives,https://www.birmingham.gov.uk/directory_record/370728/small_heath_ward_results
1b59cc197f11d5fe,"Bano, Shabina",2022-05-05,Small Heath Ward,2142,False,Labour Party,https://www.birmingham.gov.uk/directory_record/370728/small_heath_ward_results
703e132ad9ea2923,Hussain Aftab,2022-05-05,Small Heath Ward,800,False,Local Conservatives,https://www.birmingham.gov.uk/directory_record/370728/small_heath_ward_results
82b70e94ca64d93a,Khan Saqib,2022-05-05,Small Heath Ward,2005,False,Labour Party,https://www.birmingham.gov.uk/directory_record/370728/small_heath_ward_results
78c507e13cbf2546,Mohammed Saeed,2022-05-05,Small Heath Ward,1406,False,Liberal Democrats,https://www.birmingham.gov.uk/directory_record/370728/small_heath_ward_results
5f65f9742e75d088,Sadiq Naveed,2022-05-05,Small Heath Ward,1290,False,Liberal Democrats,https://www.birmingham.gov.uk/directory_record/370728/small_heath_ward_results
2d0655910ac19b3d,"Christoffersen, Mette",2022-05-05,Soho and Jewellery Quarter Ward,473,False,Green Party,https://www.birmingham.gov.uk/directory_record/370730/soho_and_jewellery_quarter_ward_results
428c7706cea04410,"Coffey, Janet",2022-05-05,Soho and Jewellery Quarter Ward,391,False,Local Conservatives,https://www.birmingham.gov.uk/directory_record/370730/soho_and_jewellery_quarter_ward_results
b46405a9c69a0ac9,Hardy Gareth Andrew,2022-05-05,Soho and Jewellery Quarter Ward,300,False,Liberal Democrats,https://www.birmingham.gov.uk/directory_record/370730/soho_and_jewellery_quarter_ward_results
c01b07f0d9216b5a,Hashmi Ali,2022-05-05,Soho and Jewellery Quarter Ward,305,False,Local Conservatives,https://www.birmingham.gov.uk/directory_record/370730/soho_and_jewellery_quarter_ward_results
4b2438d9be639d64,"Lal, Chaman",2022-05-05,Soho and Jewellery Quarter Ward,2399,False,Labour Party,https://www.birmingham.gov.uk/directory_record/370730/soho_and_jewellery_quarter_ward_results
4a68ccac62465e4a,"Perrott, James",2022-05-05,Soho and Jewellery Quarter Ward,242,False,Liberal Democrats,https://www.birmingham.gov.uk/directory_record/370730/soho_and_jewellery_quarter_ward_results
f612c342ea0df0df,Spence Sybil Eurlena,2022-05-05,Soho and Jewellery Quarter Ward,2146,False,Labour Party,https://www.birmingham.gov.uk/directory_record/370730/soho_and_jewellery_quarter_ward_results
d331b7dbbcd5b04e,Bashir Anser,2022-05-05,South Yardley Ward,515,False,Labour Party,https://www.birmingham.gov.uk/directory_record/370727/south_yardley_ward_results
a33dc0c3b330d663,Garghan Christopher Paul,2022-05-05,South Yardley Ward,90,False,Green Party,https://www.birmingham.gov.uk/directory_record/370727/south_yardley_ward_results
0e522192c744910f,Mackey Julia,2022-05-05,South Yardley Ward,220,False,Local Conservatives,https://www.birmingham.gov.uk/directory_record/370727/south_yardley_ward_results
92ac21eaa2229dac,Severn Bob,2022-05-05,South Yardley Ward,20,False,Trade Unionist and Socialist Coalition,https://www.birmingham.gov.uk/directory_record/370727/south_yardley_ward_results
8179ac58da309b54,Zaker Choudhry,2022-05-05,South Yardley Ward,1062,False,Liberal Democrats,https://www.birmingham.gov.uk/directory_record/370727/south_yardley_ward_results
69742611131a7fec,Azim Mohammed,2022-05-05,Sparkbrook and Balsall Heath East Ward,2708,False,Labour Party,https://www.birmingham.gov.uk/directory_record/370770/sparkbrook_and_balsall_heath_east_ward_results
22e70baafd7966cb,Bari Abdul,2022-05-05,Sparkbrook and Balsall Heath East Ward,937,False,Local Conservatives,https://www.birmingham.gov.uk/directory_record/370770/sparkbrook_and_balsall_heath_east_ward_results
692c96e6c7bc8888,Bishop Paul,2022-05-05,Sparkbrook and Balsall Heath East Ward,173,False,Liberal Democrats,https://www.birmingham.gov.uk/directory_record/370770/sparkbrook_and_balsall_heath_east_ward_results
ca1b8f3dc745cc1f,Crickmay Maddison Sarah-Jane,2022-05-05,Sparkbrook and Balsall Heath East Ward,131,False,Liberal Democrats,https://www.birmingham.gov.uk/directory_record/370770/sparkbrook_and_balsall_heath_east_ward_results
e1145a465b1c9215,Harrison Michael John,2022-05-05,Sparkbrook and Balsall Heath East Ward,186,False,Green Party,https://www.birmingham.gov.uk/directory_record/370770/sparkbrook_and_balsall_heath_east_ward_results
b84732bf5092bfe1,"Hussain, Shabrana",2022-05-05,Sparkbrook and Balsall Heath East Ward,2417,False,Labour Party,https://www.birmingham.gov.uk/directory_record/370770/sparkbrook_and_balsall_heath_east_ward_results
78188d4680860877,Kabir Md Obaydul,2022-05-05,Sparkbrook and Balsall Heath East Ward,776,False,Local Conservatives,https://www.birmingham.gov.uk/directory_record/370770/sparkbrook_and_balsall_heath_east_ward_results
2e5408e856bbf953,"Al-Haq, Aysan",2022-05-05,Sparkhill Ward,261,False,Liberal Democrats,https://www.birmingham.gov.uk/directory_record/370726/sparkhill_ward_results
caf6688d1a64205d,Asad Aneela,2022-05-05,Sparkhill Ward,537,False,Local Conservatives,https://www.birmingham.gov.uk/directory_record/370726/sparkhill_ward_results
dfa474b1a12da0e5,Nicky Brennan,2022-05-05,Sparkhill Ward,2889,False,Labour Party,https://www.birmingham.gov.uk/directory_record/370726/sparkhill_ward_results
a8cf996c05dde1d4,Rashad Mahmood,2022-05-05,Sparkhill Ward,3020,False,Labour Party,https://www.birmingham.gov.uk/directory_record/370726/sparkhill_ward_results
43051b6301b2a293,Rehman Habib,2022-05-05,Sparkhill Ward,739,False,Local Conservatives,https://www.birmingham.gov.uk/directory_record/370726/sparkhill_ward_results
81f3375c37545874,"Wilkinson, Anthony",2022-05-05,Sparkhill Ward,166,False,Liberal Democrats,https://www.birmingham.gov.uk/directory_record/370726/sparkhill_ward_results
8e4ba3e35e608b8d,"Banting, Philip Andrew",2022-05-05,Stirchley Ward,125,False,Liberal Democrats,https://www.birmingham.gov.uk/directory_record/370721/stirchley_ward_results
99d8dd3598866ab7,"Knight, Graham",2022-05-05,Stirchley Ward,361,False,Local Conservatives,https://www.birmingham.gov.uk/directory_record/370721/stirchley_ward_results
4e0482a9fffbf329,Locke Mary Anne,2022-05-05,Stirchley Ward,1900,False,Labour and Co-operative Party,https://www.birmingham.gov.uk/directory_record/370721/stirchley_ward_results
971403903bad075e,Masters Eleanor,2022-05-05,Stirchley Ward,229,False,Green Party,https://www.birmingham.gov.uk/directory_record/370721/stirchley_ward_results
2f314d3fe8a626b7,Amar Khan,2022-05-05,Stockland Green Ward,1871,False,Labour Party,https://www.birmingham.gov.uk/directory_record/370723/stockland_green_ward_results
af7f13b0dd9a6923,Assheton Janet,2022-05-05,Stockland Green Ward,177,False,Green Party,https://www.birmingham.gov.uk/directory_record/370723/stockland_green_ward_results
f2dda3c1cf6249ff,"Jones, Jane Esther",2022-05-05,Stockland Green Ward,2040,False,Labour Party,https://www.birmingham.gov.uk/directory_record/370723/stockland_green_ward_results
0115d52e8a78e4f8,Kayani Mohammad,2022-05-05,Stockland Green Ward,753,False,Local Conservatives,https://www.birmingham.gov.uk/directory_record/370723/stockland_green_ward_results
a266181f6b6eb295,Moore Charlie,2022-05-05,Stockland Green Ward,159,False,Liberal Democrats,https://www.birmingham.gov.uk/directory_record/370723/stockland_green_ward_results
d5337803c6e0e566,Murphy Estelle Louise,2022-05-05,Stockland Green Ward,757,False,Local Conservatives,https://www.birmingham.gov.uk/directory_record/370723/stockland_green_ward_results
139a2f2cbf0ef331,Norris Joe,2022-05-05,Stockland Green Ward,81,False,Liberal Democrats,https://www.birmingham.gov.uk/directory_record/370723/stockland_green_ward_results
122aac77fe903062,Roxanne Green,2022-05-05,Stockland Green Ward,183,False,Green Party,https://www.birmingham.gov.uk/directory_record/370723/stockland_green_ward_results
8a66678054ec316b,"Woodley, Ted",2022-05-05,Stockland Green Ward,111,False,Trade Unionist and Socialist Coalition,https://www.birmingham.gov.uk/directory_record/370723/stockland_green_ward_results
dd26e150e5be5851,Barley Roger Eric,2022-05-05,Sutton Four Oaks Ward,452,False,Labour Party,https://www.birmingham.gov.uk/directory_record/370771/sutton_four_oaks_ward_results
189084bebee3a0d8,Cornish Maureen,2022-05-05,Sutton Four Oaks Ward,1658,False,The Conservative Party Candidate,https://www.birmingham.gov.uk/directory_record/370771/sutton_four_oaks_ward_results
f8f3611387d95646,Hudson Linda Mary,2022-05-05,Sutton Four Oaks Ward,151,False,Green Party,https://www.birmingham.gov.uk/directory_record/370771/sutton_four_oaks_ward_results
9cd3a54607e87a06,"Willett, David Michael",2022-05-05,Sutton Four Oaks Ward,246,False,Liberal Democrats,https://www.birmingham.gov.uk/directory_record/370771/sutton_four_oaks_ward_results
9ad028efbd1f7307,Mackenzie Max Cameron,2022-05-05,Sutton Mere Green Ward,573,False,Labour Party,https://www.birmingham.gov.uk/directory_record/370729/sutton_mere_green_ward_results
7c0f87203f7d8201,Meirion Jenkins,2022-05-05,Sutton Mere Green Ward,1717,False,The Conservative Party Candidate,https://www.birmingham.gov.uk/directory_record/370729/sutton_mere_green_ward_results
354e06c0b7889896,Okole Anne Margaret,2022-05-05,Sutton Mere Green Ward,151,False,Green Party,https://www.birmingham.gov.uk/directory_record/370729/sutton_mere_green_ward_results
5c120813f832c02f,"Wilber, Regine",2022-05-05,Sutton Mere Green Ward,241,False,Liberal Democrats,https://www.birmingham.gov.uk/directory_record/370729/sutton_mere_green_ward_results
f7be5491f25dc8fc,"Auton, Ben",2022-05-05,Sutton Reddicap Ward,193,False,Green Party,https://www.birmingham.gov.uk/directory_record/370725/sutton_reddicap_ward_results
bf37f9c44bd95033,Jex Parkin,2022-05-05,Sutton Reddicap Ward,1172,False,The Conservative Party Candidate,https://www.birmingham.gov.uk/directory_record/370725/sutton_reddicap_ward_results
09f8eda63725e6fb,Preston Judy Annemarie,2022-05-05,Sutton Reddicap Ward,557,False,Labour Party,https://www.birmingham.gov.uk/directory_record/370725/sutton_reddicap_ward_results
f54f6f7b041ad02f,Mackey Ewan Forbes,2022-05-05,Sutton Roughley Ward,1620,False,The Conservative Party Candidate,https://www.birmingham.gov.uk/directory_record/370724/sutton_roughley_ward_results
fc6feafa9c0a16cc,Masih Brandon,2022-05-05,Sutton Roughley Ward,239,False,Liberal Democrats,https://www.birmingham.gov.uk/directory_record/370724/sutton_roughley_ward_results
4caa7799a1b20917,Mika Pat,2022-05-05,Sutton Roughley Ward,736,False,Labour Party,https://www.birmingham.gov.uk/directory_record/370724/sutton_roughley_ward_results
d42709ea64998f9c,David Pears,2022-05-05,Sutton Trinity Ward,1154,False,The Conservative Party Candidate,https://www.birmingham.gov.uk/directory_record/370720/sutton_trinity_ward_results
b1af42fe2bca256e,McCollin Rachel Emma,2022-05-05,Sutton Trinity Ward,266,False,Green Party,https://www.birmingham.gov.uk/directory_record/370720/sutton_trinity_ward_results
36ea472dee37bdde,Quinn Peter Anthony,2022-05-05,Sutton Trinity Ward,773,False,Labour Party,https://www.birmingham.gov.uk/directory_record/370720/sutton_trinity_ward_results
99cc987eac634fd0,"Wilkinson, Jenny",2022-05-05,Sutton Trinity Ward,210,False,Liberal Democrats,https://www.birmingham.gov.uk/directory_record/370720/sutton_trinity_ward_results
abdf39ff763e43ed,Cairns Jan,2022-05-05,Sutton Vesey Ward,1880,False,The Conservative Party Candidate,https://www.birmingham.gov.uk/directory_record/370719/sutton_vesey_ward_results
488d47092690686a,Eperjesi Frank,2022-05-05,Sutton Vesey Ward,1519,False,The Conservative Party Candidate,https://www.birmingham.gov.uk/directory_record/370719/sutton_vesey_ward_results
6ec3587cfa898ff6,"Lewis, Mark Andrew",2022-05-05,Sutton Vesey Ward,331,False,Liberal Democrats,https://www.birmingham.gov.uk/directory_record/370719/sutton_vesey_ward_results
7fa44f64bf8018b5,"Pocock, Rob",2022-05-05,Sutton Vesey Ward,3335,False,Labour Party,https://www.birmingham.gov.uk/directory_record/370719/sutton_vesey_ward_results
68e10dcb0b93506a,Richardson Doctor Paul Benjamin,2022-05-05,Sutton Vesey Ward,246,False,Liberal Democrats,https://www.birmingham.gov.uk/directory_record/370719/sutton_vesey_ward_results
e0184d29f136179f,Scott Kath,2022-05-05,Sutton Vesey Ward,2748,False,Labour Party,https://www.birmingham.gov.uk/directory_record/370719/sutton_vesey_ward_results
b37e9dd005007858,Barrie David Stuart,2022-05-05,Sutton Walmley and Minworth Ward,2223,False,The Conservative Party Candidate,https://www.birmingham.gov.uk/directory_record/370713/sutton_walmley_and_minworth_ward_results
0df854372f678f4b,Blenkinsop Joseph Anselm,2022-05-05,Sutton Walmley and Minworth Ward,770,False,Labour Party,https://www.birmingham.gov.uk/directory_record/370713/sutton_walmley_and_minworth_ward_results
922ea744268dabb3,"Cooke, David",2022-05-05,Sutton Walmley and Minworth Ward,415,False,Liberal Democrats,https://www.birmingham.gov.uk/directory_record/370713/sutton_walmley_and_minworth_ward_results
e9257652a3078537,Garrington James Austin,2022-05-05,Sutton Walmley and Minworth Ward,382,False,Liberal Democrats,https://www.birmingham.gov.uk/directory_record/370713/sutton_walmley_and_minworth_ward_results
fecc48b84224e02c,Ken Wood,2022-05-05,Sutton Walmley and Minworth Ward,1862,False,The Conservative Party Candidate,https://www.birmingham.gov.uk/directory_record/370713/sutton_walmley_and_minworth_ward_results
98193bd0ead7f4cb,"Marriott, Colin Leslie Fredric",2022-05-05,Sutton Walmley and Minworth Ward,384,False,Green Party,https://www.birmingham.gov.uk/directory_record/370713/sutton_walmley_and_minworth_ward_results
0b939cf6ec9bbc00,Wilde Ruth Anna Jane,2022-05-05,Sutton Walmley and Minworth Ward,656,False,Labour Party,https://www.birmingham.gov.uk/directory_record/370713/sutton_walmley_and_minworth_ward_results
a3beeb3c6a10648a,Alex Yip,2022-05-05,Sutton Wylde Green Ward,1489,False,The Conservative Party Candidate,https://www.birmingham.gov.uk/directory_record/370718/sutton_wylde_green_ward_results
7c90b8902e044071,Challenor Zoe,2022-05-05,Sutton Wylde Green Ward,172,False,Green Party,https://www.birmingham.gov.uk/directory_record/370718/sutton_wylde_green_ward_results
c68efa3f1e080b2e,Johnson Terry,2022-05-05,Sutton Wylde Green Ward,630,False,Labour Party,https://www.birmingham.gov.uk/directory_record/370718/sutton_wylde_green_ward_results
9830e059cb46a121,Spencer Doctor John Malcolm,2022-05-05,Sutton Wylde Green Ward,296,False,Liberal Democrats,https://www.birmingham.gov.uk/directory_record/370718/sutton_wylde_green_ward_results
ca7f471823290575,Amjad Sajad,2022-05-05,Tyseley and Hay Mills Ward,184,False,Liberal Democrats,https://www.birmingham.gov.uk/directory_record/370712/tyseley_and_hay_mills_ward_results
2a9d2e7472f4441e,Begum Najma,2022-05-05,Tyseley and Hay Mills Ward,155,False,Local Conservatives,https://www.birmingham.gov.uk/directory_record/370712/tyseley_and_hay_mills_ward_results
bac7569e001b2658,Hindley Joanna Mae,2022-05-05,Tyseley and Hay Mills Ward,118,False,Green Party,https://www.birmingham.gov.uk/directory_record/370712/tyseley_and_hay_mills_ward_results
e89ae4da88da15fd,"Iqbal, Zafar",2022-05-05,Tyseley and Hay Mills Ward,1332,False,Labour Party,https://www.birmingham.gov.uk/directory_record/370712/tyseley_and_hay_mills_ward_results
f79ab68b34443cfb,Ali Hassan,2022-05-05,Ward End Ward,457,False,Local Conservatives,https://www.birmingham.gov.uk/directory_record/370711/ward_end_ward_results
effb64902e1f662a,"Ali, Naz",2022-05-05,Ward End Ward,938,False,Liberal Democrats,https://www.birmingham.gov.uk/directory_record/370711/ward_end_ward_results
47fd3da32af07e98,Bushra Bi,2022-05-05,Ward End Ward,1186,False,Labour Party,https://www.birmingham.gov.uk/directory_record/370711/ward_end_ward_results
c792acda1b6c492e,"Khan, Imran Ali",2022-05-05,Ward End Ward,136,False,Green Party,https://www.birmingham.gov.uk/directory_record/370711/ward_end_ward_results
4c880829815bbf41,Axe Kirsty Jayne,2022-05-05,Weoley and Selly Oak Ward,326,False,Green Party,https://www.birmingham.gov.uk/directory_record/370708/weoley_and_selly_oak_ward_results
72939e0b39ac69bb,Ellinor Luke,2022-05-05,Weoley and Selly Oak Ward,289,False,Liberal Democrats,https://www.birmingham.gov.uk/directory_record/370708/weoley_and_selly_oak_ward_results
c84815032bb293c4,"Hammond, Claire Marie",2022-05-05,Weoley and Selly Oak Ward,324,False,Green Party,https://www.birmingham.gov.uk/directory_record/370708/weoley_and_selly_oak_ward_results
08344f389b11295f,Perks Miranda Juliet,2022-05-05,Weoley and Selly Oak Ward,2427,False,Labour Party,https://www.birmingham.gov.uk/directory_record/370708/weoley_and_selly_oak_ward_results
17696c6f02019f97,Philip Mills,2022-05-05,Weoley and Selly Oak Ward,246,False,Liberal Democrats,https://www.birmingham.gov.uk/directory_record/370708/weoley_and_selly_oak_ward_results
b1a3505dd33bcad0,Smith Claire Lesley,2022-05-05,Weoley and Selly Oak Ward,1628,False,Conservative Party Candidate,https://www.birmingham.gov.uk/directory_record/370708/weoley_and_selly_oak_ward_results
437baff35b441817,Smith Paul Michael,2022-05-05,Weoley and Selly Oak Ward,1549,False,Conservative Party Candidate,https://www.birmingham.gov.uk/directory_record/370708/weoley_and_selly_oak_ward_results
f3b349c433cd0241,Tennant Jamie,2022-05-05,Weoley and Selly Oak Ward,2254,False,Labour Party,https://www.birmingham.gov.uk/directory_record/370708/weoley_and_selly_oak_ward_results
2d3b3c194bb4b06f,Broadley Ben,2022-05-05,Yardley East Ward,174,False,Local Conservatives,https://www.birmingham.gov.uk/directory_record/370707/yardley_east_ward_results
8316b63ce8adc311,Deborah Harries,2022-05-05,Yardley East Ward,1220,False,Liberal Democrats,https://www.birmingham.gov.uk/directory_record/370707/yardley_east_ward_results
224b1aff6fb9b27d,Khuhro Fayaz Ahmed,2022-05-05,Yardley East Ward,675,False,Labour Party,https://www.birmingham.gov.uk/directory_record/370707/yardley_east_ward_results
761ddcccf898c5d4,Baber Baz,2022-05-05,Yardley West and Stechford Ward,1994,False,Liberal Democrats,https://www.birmingham.gov.uk/directory_record/370703/yardley_west_and_stetchford_ward_results
2695a96bae358970,Hardie Monica,2022-05-05,Yardley West and Stechford Ward,98,False,Local Conservatives,https://www.birmingham.gov.uk/directory_record/370703/yardley_west_and_stetchford_ward_results
aeaa7c4269456bd2,John Yvette,2022-05-05,Yardley West and Stechford Ward,717,False,Labour Party,https://www.birmingham.gov.uk/directory_record/370703/yardley_west_and_stetchford_ward_results
985206d746bf927d,"Baker, A C",2026-05-07,Acocks Green Ward,1106,False,Green Party,https://www.birmingham.gov.uk/info/50385/election_2026_candidates/3196/acocks_green_ward_election_2026
d9e80fbce1bc65b4,"Bhatti, Sajid Mehmood",2026-05-07,Acocks Green Ward,239,False,Workers Party,https://www.birmingham.gov.uk/info/50385/election_2026_candidates/3196/acocks_green_ward_election_2026
2e24c98f44703ef5,"Drennan, Danny",2026-05-07,Acocks Green Ward,1147,False,Reform UK,https://www.birmingham.gov.uk/info/50385/election_2026_candidates/3196/acocks_green_ward_election_2026
6656f6900b5a826e,"Flynn, Eamonn Kevin",2026-05-07,Acocks Green Ward,37,False,Trade Unionist and Socialist Coalition,https://www.birmingham.gov.uk/info/50385/election_2026_candidates/3196/acocks_green_ward_election_2026
6d686ad13a4b6ce3,"Griffiths-Hughes, Tristan Thomas",2026-05-07,Acocks Green Ward,192,False,Local Conservatives,https://www.birmingham.gov.uk/info/50385/election_2026_candidates/3196/acocks_green_ward_election_2026
d790d0bbf94ad525,"Khan, Sadia Mahmood",2026-05-07,Acocks Green Ward,1053,False,Green Party,https://www.birmingham.gov.uk/info/50385/election_2026_candidates/3196/acocks_green_ward_election_2026
73454f4621c7f9a4,"Mehta, Doctor Sanjeev",2026-05-07,Acocks Green Ward,987,False,Reform UK,https://www.birmingham.gov.uk/info/50385/election_2026_candidates/3196/acocks_green_ward_election_2026
3a01c2e08fd28d2c,"O'Shea, John Anthony",2026-05-07,Acocks Green Ward,813,False,Labour Party,https://www.birmingham.gov.uk/info/50385/election_2026_candidates/3196/acocks_green_ward_election_2026
e8c2f8d6b7183050,"O'Shea, Lu",2026-05-07,Acocks Green Ward,577,False,Labour Party,https://www.birmingham.gov.uk/info/50385/election_2026_candidates/3196/acocks_green_ward_election_2026
f2900298b6b6b233,"Patel, Dhiran",2026-05-07,Acocks Green Ward,179,False,Local Conservatives,https://www.birmingham.gov.uk/info/50385/election_2026_candidates/3196/acocks_green_ward_election_2026
e17641be8b013eb1,Penny Wagg,2026-05-07,Acocks Green Ward,1486,True,Liberal Democrats,https://www.birmingham.gov.uk/info/50385/election_2026_candidates/3196/acocks_green_ward_election_2026
d6cf60da5bb696a8,"Robinson, Jae",2026-05-07,Acocks Green Ward,52,False,Independent Trade Union and Socialist Candidate,https://www.birmingham.gov.uk/info/50385/election_2026_candidates/3196/acocks_green_ward_election_2026
839951214549804d,Roger Harmer,2026-05-07,Acocks Green Ward,1952,True,Liberal Democrats,https://www.birmingham.gov.uk/info/50385/election_2026_candidates/3196/acocks_green_ward_election_2026
56d81d8be6bad092,"Tahir, Mohammed Afzal",2026-05-07,Acocks Green Ward,203,False,Workers Party,https://www.birmingham.gov.uk/info/50385/election_2026_candidates/3196/acocks_green_ward_election_2026
102f733614311601,Eddie Freeman,2026-05-07,Allens Cross Ward,949,False,Reform UK,https://www.birmingham.gov.uk/info/50385/election_2026_candidates/3197/allens_cross_ward_election_2026
e2c1a60e8a320dec,"Lovell-Huckle, Seb",2026-05-07,Allens Cross Ward,451,False,Labour Party,https://www.birmingham.gov.uk/info/50385/election_2026_candidates/3197/allens_cross_ward_election_2026
746b987700a76b39,"Rust, Daniel",2026-05-07,Allens Cross Ward,381,False,Green Party,https://www.birmingham.gov.uk/info/50385/election_2026_candidates/3197/allens_cross_ward_election_2026
dc2cf1e98acbadf4,"Smith, Paul",2026-05-07,Allens Cross Ward,651,False,Independent,https://www.birmingham.gov.uk/info/50385/election_2026_candidates/3197/allens_cross_ward_election_2026
1870736a2ff1315c,"Toescu, Emil-Crisan",2026-05-07,Allens Cross Ward,76,False,Liberal Democrats,https://www.birmingham.gov.uk/info/50385/election_2026_candidates/3197/allens_cross_ward_election_2026
e407304848a7e3d8,"Wicking, Theo",2026-05-07,Allens Cross Ward,259,False,Local Conservatives,https://www.birmingham.gov.uk/info/50385/election_2026_candidates/3197/allens_cross_ward_election_2026
f5d7985c1c7f3da2,"Ahamad, Hussain",2026-05-07,Alum Rock Ward,596,False,Green Party,https://www.birmingham.gov.uk/info/50385/election_2026_candidates/3198/alum_rock_ward_election_2026
794865a037f9402b,"Bloxham, David",2026-05-07,Alum Rock Ward,457,False,Green Party,https://www.birmingham.gov.uk/info/50385/election_2026_candidates/3198/alum_rock_ward_election_2026
b2ff0757fa8d6514,"Hardie, Monica Catherine",2026-05-07,Alum Rock Ward,92,False,Local Conservatives,https://www.birmingham.gov.uk/info/50385/election_2026_candidates/3198/alum_rock_ward_election_2026
b2883d74f1037b64,"Hussain, Asia",2026-05-07,Alum Rock Ward,301,False,Liberal Democrats,https://www.birmingham.gov.uk/info/50385/election_2026_candidates/3198/alum_rock_ward_election_2026
b142f87d822ef8f8,"Khan, Ansar Ali",2026-05-07,Alum Rock Ward,2424,False,Labour Party,https://www.birmingham.gov.uk/info/50385/election_2026_candidates/3198/alum_rock_ward_election_2026
b8c7734b79830807,"Khan, Mariam",2026-05-07,Alum Rock Ward,2223,False,Labour Party,https://www.birmingham.gov.uk/info/50385/election_2026_candidates/3198/alum_rock_ward_election_2026
6c770b22618f4703,"M c Pake, Thomas Ian",2026-05-07,Alum Rock Ward,126,False,Reform UK,https://www.birmingham.gov.uk/info/50385/election_2026_candidates/3198/alum_rock_ward_election_2026
e5cef4c30314da6c,"Malhotra, Wajid Bashir",2026-05-07,Alum Rock Ward,227,False,Liberal Democrats,https://www.birmingham.gov.uk/info/50385/election_2026_candidates/3198/alum_rock_ward_election_2026
8126f8dbc49dde8e,Nosheen Khalid,2026-05-07,Alum Rock Ward,3307,True,Independent,https://www.birmingham.gov.uk/info/50385/election_2026_candidates/3198/alum_rock_ward_election_2026
8b9a0ae52301635a,Shaukat Mahmood,2026-05-07,Alum Rock Ward,3266,True,Independent,https://www.birmingham.gov.uk/info/50385/election_2026_candidates/3198/alum_rock_ward_election_2026
b1495fea51f331e5,"Strangward, Karen Jayne",2026-05-07,Alum Rock Ward,114,False,Reform UK,https://www.birmingham.gov.uk/info/50385/election_2026_candidates/3198/alum_rock_ward_election_2026
284d8c8e714b9e94,"Wood, Barbara",2026-05-07,Alum Rock Ward,65,False,Local Conservatives,https://www.birmingham.gov.uk/info/50385/election_2026_candidates/3198/alum_rock_ward_election_2026
abe4b6d597456e73,Abdul Shumon,2026-05-07,Aston Ward,2254,True,Independent,https://www.birmingham.gov.uk/info/50385/election_2026_candidates/3199/aston_ward_election_2026
39fd09e52cd72db7,"Ahmed, Saeed",2026-05-07,Aston Ward,1610,False,Liberal Democrats,https://www.birmingham.gov.uk/info/50385/election_2026_candidates/3199/aston_ward_election_2026
bc1beb0eabf7a2cc,"Ali, Zafar",2026-05-07,Aston Ward,1161,False,Labour Party,https://www.birmingham.gov.uk/info/50385/election_2026_candidates/3199/aston_ward_election_2026
f4530a854f7664fd,"Dobson, Desmond Hayden",2026-05-07,Aston Ward,111,False,Reform UK,https://www.birmingham.gov.uk/info/50385/election_2026_candidates/3199/aston_ward_election_2026
f830ee5fffcd15ab,"Fitzgerald, Adam",2026-05-07,Aston Ward,109,False,Reform UK,https://www.birmingham.gov.uk/info/50385/election_2026_candidates/3199/aston_ward_election_2026
bee1d8f477dbf4ec,"Gerald, Dorothy Elizabeth",2026-05-07,Aston Ward,128,False,Independent,https://www.birmingham.gov.uk/info/50385/election_2026_candidates/3199/aston_ward_election_2026
3d134f7f112780e1,"Groom, Claire",2026-05-07,Aston Ward,554,False,Green Party,https://www.birmingham.gov.uk/info/50385/election_2026_candidates/3199/aston_ward_election_2026
1a2e7d457cd1ed89,"Guest, Carol",2026-05-07,Aston Ward,462,False,Green Party,https://www.birmingham.gov.uk/info/50385/election_2026_candidates/3199/aston_ward_election_2026
96c6ff1a19872d50,"Hanif, Mohammed",2026-05-07,Aston Ward,1505,False,Labour Party,https://www.birmingham.gov.uk/info/50385/election_2026_candidates/3199/aston_ward_election_2026
1d5ffb2f7c3f1dc0,"Hussain, Naib",2026-05-07,Aston Ward,542,False,Independent,https://www.birmingham.gov.uk/info/50385/election_2026_candidates/3199/aston_ward_election_2026
fa5ddba70bf0f486,"Islam, Ziaul",2026-05-07,Aston Ward,877,False,Independent,https://www.birmingham.gov.uk/info/50385/election_2026_candidates/3199/aston_ward_election_2026
52fa89f2319ccfaf,"Lambert, Derek Desmond Harold",2026-05-07,Aston Ward,95,False,Local Conservatives,https://www.birmingham.gov.uk/info/50385/election_2026_candidates/3199/aston_ward_election_2026
6fe24a23d7cbdc47,Mumtaz Hussain,2026-05-07,Aston Ward,2115,True,Liberal Democrats,https://www.birmingham.gov.uk/info/50385/election_2026_candidates/3199/aston_ward_election_2026
88a5fe93d9f1e5f1,"Shinnie, Damon Scott",2026-05-07,Aston Ward,98,False,Local Conservatives,https://www.birmingham.gov.uk/info/50385/election_2026_candidates/3199/aston_ward_election_2026
1c19e95e656daaf1,"Amin, Raja Mohammed",2026-05-07,Balsall Heath West Ward,438,False,Independent,https://www.birmingham.gov.uk/info/50385/election_2026_candidates/3200/balsall_heath_west_ward_election_2026
99ca4a4bc86811c1,Duncan Ali,2026-05-07,Balsall Heath West Ward,934,False,Green Party,https://www.birmingham.gov.uk/info/50385/election_2026_candidates/3200/balsall_heath_west_ward_election_2026
b63bdb50117bf16d,"Hordern, Guy",2026-05-07,Balsall Heath West Ward,80,False,Local Conservatives,https://www.birmingham.gov.uk/info/50385/election_2026_candidates/3200/balsall_heath_west_ward_election_2026
4b130b5f20d17e89,"Malik, Zhor",2026-05-07,Balsall Heath West Ward,518,False,Independent,https://www.birmingham.gov.uk/info/50385/election_2026_candidates/3200/balsall_heath_west_ward_election_2026
fc4c6c75f31b5668,"Naz, Farah",2026-05-07,Balsall Heath West Ward,131,False,Liberal Democrats,https://www.birmingham.gov.uk/info/50385/election_2026_candidates/3200/balsall_heath_west_ward_election_2026
c1c5b2bec500d1c9,"Rasheed, Naz",2026-05-07,Balsall Heath West Ward,464,False,Labour Party,https://www.birmingham.gov.uk/info/50385/election_2026_candidates/3200/balsall_heath_west_ward_election_2026
88548ab380b51c77,"Webb, Michael Sidear",2026-05-07,Balsall Heath West Ward,142,False,Reform UK,https://www.birmingham.gov.uk/info/50385/election_2026_candidates/3200/balsall_heath_west_ward_election_2026
13f0ea0e1f10a347,"Brewer, Kerry",2026-05-07,Bartley Green Ward,1432,False,Local Conservatives,https://www.birmingham.gov.uk/info/50385/election_2026_candidates/3201/bartley_green_ward_election_2026
be831d15427dd555,"Kelly-Trow, Sheila Ann",2026-05-07,Bartley Green Ward,269,False,Liberal Democrats,https://www.birmingham.gov.uk/info/50385/election_2026_candidates/3201/bartley_green_ward_election_2026
9eaf33340104d356,"Lines, Bruce John",2026-05-07,Bartley Green Ward,1403,False,Local Conservatives,https://www.birmingham.gov.uk/info/50385/election_2026_candidates/3201/bartley_green_ward_election_2026
9164c316750b9285,"Preston, Paul Simon",2026-05-07,Bartley Green Ward,846,False,Labour and Co-operative Party,https://www.birmingham.gov.uk/info/50385/election_2026_candidates/3201/bartley_green_ward_election_2026
a9ee15caa7e1c295,"Preston, Rachel Marie",2026-05-07,Bartley Green Ward,836,False,Labour and Co-operative Party,https://www.birmingham.gov.uk/info/50385/election_2026_candidates/3201/bartley_green_ward_election_2026
a6df137682ee2c74,Rajbir Singh,2026-05-07,Bartley Green Ward,1615,True,Reform UK,https://www.birmingham.gov.uk/info/50385/election_2026_candidates/3201/bartley_green_ward_election_2026
60684d1bc5ba4e76,"Steele, Chris",2026-05-07,Bartley Green Ward,1938,True,Reform UK,https://www.birmingham.gov.uk/info/50385/election_2026_candidates/3201/bartley_green_ward_election_2026
fa7ce9e2edcb393c,"Treharne Jones, Phillippa",2026-05-07,Bartley Green Ward,824,False,Green Party,https://www.birmingham.gov.uk/info/50385/election_2026_candidates/3201/bartley_green_ward_election_2026
e685ef96e5c897d3,"Venables, Sean Lewis",2026-05-07,Bartley Green Ward,687,False,Green Party,https://www.birmingham.gov.uk/info/50385/election_2026_candidates/3201/bartley_green_ward_election_2026
81f3375c37545874,"Wilkinson, Anthony",2026-05-07,Bartley Green Ward,171,False,Liberal Democrats,https://www.birmingham.gov.uk/info/50385/election_2026_candidates/3201/bartley_green_ward_election_2026
86f78a745c049476,"Aftab, Mudassir",2026-05-07,Billesley Ward,260,False,Workers Party,https://www.birmingham.gov.uk/info/50385/election_2026_candidates/3202/billesley_ward_election_2026
3bd4d3367923a074,"Beg, Raf",2026-05-07,Billesley Ward,199,False,Workers Party,https://www.birmingham.gov.uk/info/50385/election_2026_candidates/3202/billesley_ward_election_2026
a092048dd7bc8bb3,"Chishty, Sanjida",2026-05-07,Billesley Ward,552,False,Local Conservatives,https://www.birmingham.gov.uk/info/50385/election_2026_candidates/3202/billesley_ward_election_2026
552da9e405eba9f7,Chris Garghan,2026-05-07,Billesley Ward,2702,True,Green Party,https://www.birmingham.gov.uk/info/50385/election_2026_candidates/3202/billesley_ward_election_2026
27cfd88b74a253c1,"Felton, Clair",2026-05-07,Billesley Ward,1443,False,Reform UK,https://www.birmingham.gov.uk/info/50385/election_2026_candidates/3202/billesley_ward_election_2026
11130a8e9ece3265,"Iroh, Katherine Elizabeth",2026-05-07,Billesley Ward,1064,False,Labour Party,https://www.birmingham.gov.uk/info/50385/election_2026_candidates/3202/billesley_ward_election_2026
fd763ea90972106e,Joe Peacock,2026-05-07,Billesley Ward,2649,True,Green Party,https://www.birmingham.gov.uk/info/50385/election_2026_candidates/3202/billesley_ward_election_2026
349b28086d64ce36,"Khan, Sulliman",2026-05-07,Billesley Ward,484,False,Local Conservatives,https://www.birmingham.gov.uk/info/50385/election_2026_candidates/3202/billesley_ward_election_2026
0fd91fd36558310e,"McGarry, Margaret",2026-05-07,Billesley Ward,1408,False,Reform UK,https://www.birmingham.gov.uk/info/50385/election_2026_candidates/3202/billesley_ward_election_2026
68d443aaa40f1fa7,"Naeem, Sahibzada Abid",2026-05-07,Billesley Ward,167,False,Liberal Democrats,https://www.birmingham.gov.uk/info/50385/election_2026_candidates/3202/billesley_ward_election_2026
d88f989bbb1d4e36,"Neal, Ian",2026-05-07,Billesley Ward,164,False,Liberal Democrats,https://www.birmingham.gov.uk/info/50385/election_2026_candidates/3202/billesley_ward_election_2026
acc584024022a81c,"Roberts, Jess",2026-05-07,Billesley Ward,927,False,Labour Party,https://www.birmingham.gov.uk/info/50385/election_2026_candidates/3202/billesley_ward_election_2026
63c955ba011fa87d,"Anton, Christopher",2026-05-07,Birchfield Ward,201,False,Liberal Democrats,https://www.birmingham.gov.uk/info/50385/election_2026_candidates/3203/birchfield_ward_election_2026
4aef9ff9923c43a3,Arshid Mahmood,2026-05-07,Birchfield Ward,861,False,Labour Party,https://www.birmingham.gov.uk/info/50385/election_2026_candidates/3203/birchfield_ward_election_2026
f28610e5b8b91f21,"Easy, Glenton",2026-05-07,Birchfield Ward,102,False,Local Conservatives,https://www.birmingham.gov.uk/info/50385/election_2026_candidates/3203/birchfield_ward_election_2026
41b5392848b103f2,"Newton, Barry",2026-05-07,Birchfield Ward,122,False,Reform UK,https://www.birmingham.gov.uk/info/50385/election_2026_candidates/3203/birchfield_ward_election_2026
3829cb9610097a0f,"Yaseen, Mohammed",2026-05-07,Birchfield Ward,790,False,Independent,https://www.birmingham.gov.uk/info/50385/election_2026_candidates/3203/birchfield_ward_election_2026
dc9e8d5f87e010cf,"Yasir, Muhammad",2026-05-07,Birchfield Ward,411,False,Green Party,https://www.birmingham.gov.uk/info/50385/election_2026_candidates/3203/birchfield_ward_election_2026
3bf6cd89297fe049,Adnan Hussain,2026-05-07,Bordesley Green Ward,773,False,Independent,https://www.birmingham.gov.uk/info/50385/election_2026_candidates/3205/bordesley_green_ward_election_2026
cccba0a797a424c2,"Attiq, Mohammed",2026-05-07,Bordesley Green Ward,375,False,Liberal Democrats,https://www.birmingham.gov.uk/info/50385/election_2026_candidates/3205/bordesley_green_ward_election_2026
4124daabaa8c4f50,"Aziz, Raqeeb",2026-05-07,Bordesley Green Ward,628,False,Labour Party,https://www.birmingham.gov.uk/info/50385/election_2026_candidates/3205/bordesley_green_ward_election_2026
8ddae320aaafebd5,"Ballard, Joe",2026-05-07,Bordesley Green Ward,315,False,Green Party,https://www.birmingham.gov.uk/info/50385/election_2026_candidates/3205/bordesley_green_ward_election_2026
f6ea13f8b3e94a75,"Burkey, Wajid",2026-05-07,Bordesley Green Ward,295,False,Workers Party,https://www.birmingham.gov.uk/info/50385/election_2026_candidates/3205/bordesley_green_ward_election_2026
1b17ce166ce0ba16,"Jeynes, Charles Robert",2026-05-07,Bordesley Green Ward,40,False,Local Conservatives,https://www.birmingham.gov.uk/info/50385/election_2026_candidates/3205/bordesley_green_ward_election_2026
91eaeb8b3177414b,"Linden, Paul Gerald",2026-05-07,Bordesley Green Ward,86,False,Reform UK,https://www.birmingham.gov.uk/info/50385/election_2026_candidates/3205/bordesley_green_ward_election_2026
b8484ad4875426ac,"Abedin, Mohammed Joynal",2026-05-07,Bordesley and Highgate Ward,173,False,Independent,https://www.birmingham.gov.uk/info/50385/election_2026_candidates/3204/bordesley_and_highgate_ward_election_2026
fc7c2c9fa0487b33,"Ahmed, Hakil",2026-05-07,Bordesley and Highgate Ward,112,False,Independent,https://www.birmingham.gov.uk/info/50385/election_2026_candidates/3204/bordesley_and_highgate_ward_election_2026
e86dc125b94034a2,Ali Kazi,2026-05-07,Bordesley and Highgate Ward,658,False,Green Party,https://www.birmingham.gov.uk/info/50385/election_2026_candidates/3204/bordesley_and_highgate_ward_election_2026
6e6b0c6de8b6d24b,"Fowles, Tyrone Reece",2026-05-07,Bordesley and Highgate Ward,564,False,Labour and Co-operative Party,https://www.birmingham.gov.uk/info/50385/election_2026_candidates/3204/bordesley_and_highgate_ward_election_2026
4f8039f4354d0a85,"Idrees, Mohammed",2026-05-07,Bordesley and Highgate Ward,270,False,Independent,https://www.birmingham.gov.uk/info/50385/election_2026_candidates/3204/bordesley_and_highgate_ward_election_2026
462606f455ea2663,"Moynihan, Gerry",2026-05-07,Bordesley and Highgate Ward,294,False,Independent,https://www.birmingham.gov.uk/info/50385/election_2026_candidates/3204/bordesley_and_highgate_ward_election_2026
ac09c429af40341f,"Obad, Waleed",2026-05-07,Bordesley and Highgate Ward,192,False,Liberal Democrats,https://www.birmingham.gov.uk/info/50385/election_2026_candidates/3204/bordesley_and_highgate_ward_election_2026
cd4ae4298c88e1bf,"Slater, Alexander Ross Douglas",2026-05-07,Bordesley and Highgate Ward,201,False,Reform UK,https://www.birmingham.gov.uk/info/50385/election_2026_candidates/3204/bordesley_and_highgate_ward_election_2026
f056fa934d6f02e1,"Tuki, Jamil",2026-05-07,Bordesley and Highgate Ward,165,False,Local Conservatives,https://www.birmingham.gov.uk/info/50385/election_2026_candidates/3204/bordesley_and_highgate_ward_election_2026
a3c543ce12ad5820,Corinne Fowler,2026-05-07,Bournbrook and Selly Park Ward,2473,True,Green Party,https://www.birmingham.gov.uk/info/50385/election_2026_candidates/3206/bournbrook_and_selly_park_ward_election_2026
f6bbeb56b93f5ad9,"Faulkner, Gary John",2026-05-07,Bournbrook and Selly Park Ward,319,False,Reform UK,https://www.birmingham.gov.uk/info/50385/election_2026_candidates/3206/bournbrook_and_selly_park_ward_election_2026
8a617058633c85c6,Jane Baston,2026-05-07,Bournbrook and Selly Park Ward,2584,True,Green Party,https://www.birmingham.gov.uk/info/50385/election_2026_candidates/3206/bournbrook_and_selly_park_ward_election_2026
fe2cfa8fd4347e87,"Johnson, Neil",2026-05-07,Bournbrook and Selly Park Ward,237,False,Local Conservatives,https://www.birmingham.gov.uk/info/50385/election_2026_candidates/3206/bournbrook_and_selly_park_ward_election_2026
ca6eec15f1b8d38c,"Lees, Ben",2026-05-07,Bournbrook and Selly Park Ward,46,False,Trade Unionist and Socialist Coalition,https://www.birmingham.gov.uk/info/50385/election_2026_candidates/3206/bournbrook_and_selly_park_ward_election_2026
261b23a348daf30f,"McCarthy, Karen Teresa",2026-05-07,Bournbrook and Selly Park Ward,773,False,Labour and Co-operative Party,https://www.birmingham.gov.uk/info/50385/election_2026_candidates/3206/bournbrook_and_selly_park_ward_election_2026
73d620411ac800c5,"Mullaney, Martin",2026-05-07,Bournbrook and Selly Park Ward,170,False,Liberal Democrats,https://www.birmingham.gov.uk/info/50385/election_2026_candidates/3206/bournbrook_and_selly_park_ward_election_2026
e66bc16ef1f55722,"Nela, Musa",2026-05-07,Bournbrook and Selly Park Ward,176,False,Local Conservatives,https://www.birmingham.gov.uk/info/50385/election_2026_candidates/3206/bournbrook_and_selly_park_ward_election_2026
f6c356cee907c9bb,"Ross, Colin Andrew",2026-05-07,Bournbrook and Selly Park Ward,136,False,Liberal Democrats,https://www.birmingham.gov.uk/info/50385/election_2026_candidates/3206/bournbrook_and_selly_park_ward_election_2026
42cd476950bcd9da,"Scott, Jamie Christopher",2026-05-07,Bournbrook and Selly Park Ward,604,False,Labour and Co-operative Party,https://www.birmingham.gov.uk/info/50385/election_2026_candidates/3206/bournbrook_and_selly_park_ward_election_2026
25fda0ce613f879e,"Vikal, Neetu",2026-05-07,Bournbrook and Selly Park Ward,238,False,Reform UK,https://www.birmingham.gov.uk/info/50385/election_2026_candidates/3206/bournbrook_and_selly_park_ward_election_2026
18fd647570d6a5e2,"Ali, Muhammad",2026-05-07,Bournville and Cotteridge Ward,1559,False,Labour Party,https://www.birmingham.gov.uk/info/50385/election_2026_candidates/3207/bournville_and_cotteridge_ward_election_2026
47aed0a7b21aa17d,"Dawkins, Nigel Douglas",2026-05-07,Bournville and Cotteridge Ward,943,False,Independent,https://www.birmingham.gov.uk/info/50385/election_2026_candidates/3207/bournville_and_cotteridge_ward_election_2026
074f074aaa949a65,"Grosvenor, Robert",2026-05-07,Bournville and Cotteridge Ward,1272,False,Reform UK,https://www.birmingham.gov.uk/info/50385/election_2026_candidates/3207/bournville_and_cotteridge_ward_election_2026
00b6b3c5e5997a14,"Hardie, Andrew David",2026-05-07,Bournville and Cotteridge Ward,937,False,Local Conservatives,https://www.birmingham.gov.uk/info/50385/election_2026_candidates/3207/bournville_and_cotteridge_ward_election_2026
819efff66ce735c9,"Ingram, Chloe Octavia Kay",2026-05-07,Bournville and Cotteridge Ward,698,False,Local Conservatives,https://www.birmingham.gov.uk/info/50385/election_2026_candidates/3207/bournville_and_cotteridge_ward_election_2026
da47199c6e756ba4,"Lacey, Chris",2026-05-07,Bournville and Cotteridge Ward,1369,False,Reform UK,https://www.birmingham.gov.uk/info/50385/election_2026_candidates/3207/bournville_and_cotteridge_ward_election_2026
dfa474b1a12da0e5,Nicky Brennan,2026-05-07,Bournville and Cotteridge Ward,1738,True,Labour Party,https://www.birmingham.gov.uk/info/50385/election_2026_candidates/3207/bournville_and_cotteridge_ward_election_2026
26145382626305ff,"Radcliffe, David Stephen",2026-05-07,Bournville and Cotteridge Ward,792,False,Liberal Democrats,https://www.birmingham.gov.uk/info/50385/election_2026_candidates/3207/bournville_and_cotteridge_ward_election_2026
122aac77fe903062,Roxanne Green,2026-05-07,Bournville and Cotteridge Ward,2062,True,Green Party,https://www.birmingham.gov.uk/info/50385/election_2026_candidates/3207/bournville_and_cotteridge_ward_election_2026
7b327ca961e1aa5a,"Vazaios, Ilias",2026-05-07,Bournville and Cotteridge Ward,526,False,Liberal Democrats,https://www.birmingham.gov.uk/info/50385/election_2026_candidates/3207/bournville_and_cotteridge_ward_election_2026
e74445597fe88f59,"Winter, Richard George",2026-05-07,Bournville and Cotteridge Ward,1735,False,Green Party,https://www.birmingham.gov.uk/info/50385/election_2026_candidates/3207/bournville_and_cotteridge_ward_election_2026
b14f426ce3d5e754,"Allen, Leeford Claude Beresford",2026-05-07,Brandwood and Kings Heath Ward,451,False,Local Conservatives,https://www.birmingham.gov.uk/info/50385/election_2026_candidates/3208/brandwood_and_kings_heath_ward_election_2026
636cc9991cb1fe83,"Babington, Jamie",2026-05-07,Brandwood and Kings Heath Ward,332,False,Local Conservatives,https://www.birmingham.gov.uk/info/50385/election_2026_candidates/3208/brandwood_and_kings_heath_ward_election_2026
92821d793e3e1885,"Cox, Emily",2026-05-07,Brandwood and Kings Heath Ward,837,False,Liberal Democrats,https://www.birmingham.gov.uk/info/50385/election_2026_candidates/3208/brandwood_and_kings_heath_ward_election_2026
a4cc46a73ba2f166,Hamzah Sheikh,2026-05-07,Brandwood and Kings Heath Ward,2718,True,Green Party,https://www.birmingham.gov.uk/info/50385/election_2026_candidates/3208/brandwood_and_kings_heath_ward_election_2026
63425be4475fbb39,"Hudson, Mark Andrew",2026-05-07,Brandwood and Kings Heath Ward,334,False,Independent,https://www.birmingham.gov.uk/info/50385/election_2026_candidates/3208/brandwood_and_kings_heath_ward_election_2026
db1a87b30f53745c,Jordan Phillip,2026-05-07,Brandwood and Kings Heath Ward,2940,True,Green Party,https://www.birmingham.gov.uk/info/50385/election_2026_candidates/3208/brandwood_and_kings_heath_ward_election_2026
24a8e7c7f115c65f,"Lockley, Ben",2026-05-07,Brandwood and Kings Heath Ward,1702,False,Labour and Co-operative Party,https://www.birmingham.gov.uk/info/50385/election_2026_candidates/3208/brandwood_and_kings_heath_ward_election_2026
389bbca7ee5d1461,"Malik, Muhammad Saleem",2026-05-07,Brandwood and Kings Heath Ward,87,False,Workers Party,https://www.birmingham.gov.uk/info/50385/election_2026_candidates/3208/brandwood_and_kings_heath_ward_election_2026
ecef7ce3543f30bd,"Nwofor, Tochi",2026-05-07,Brandwood and Kings Heath Ward,803,False,Reform UK,https://www.birmingham.gov.uk/info/50385/election_2026_candidates/3208/brandwood_and_kings_heath_ward_election_2026
4dd69b60f0f22d86,"Trickett, Lisa",2026-05-07,Brandwood and Kings Heath Ward,1826,False,Labour and Co-operative Party,https://www.birmingham.gov.uk/info/50385/election_2026_candidates/3208/brandwood_and_kings_heath_ward_election_2026
bfc3a5ed9009614f,"Wagg, Cat",2026-05-07,Brandwood and Kings Heath Ward,599,False,Liberal Democrats,https://www.birmingham.gov.uk/info/50385/election_2026_candidates/3208/brandwood_and_kings_heath_ward_election_2026
c70016f19cf7b9db,"Williams, Stephen John",2026-05-07,Brandwood and Kings Heath Ward,946,False,Reform UK,https://www.birmingham.gov.uk/info/50385/election_2026_candidates/3208/brandwood_and_kings_heath_ward_election_2026
148fc4f142041eca,"Annett, Jack",2026-05-07,Bromford and Hodge Hill Ward,175,False,Local Conservatives,https://www.birmingham.gov.uk/info/50385/election_2026_candidates/3209/bromford_and_hodge_hill_ward_election_2026
ba86e7da66c96611,"Cheshire, Robert William",2026-05-07,Bromford and Hodge Hill Ward,223,False,Local Conservatives,https://www.birmingham.gov.uk/info/50385/election_2026_candidates/3209/bromford_and_hodge_hill_ward_election_2026
d33c39b3b4851240,Diane Donaldson,2026-05-07,Bromford and Hodge Hill Ward,1283,True,Labour Party,https://www.birmingham.gov.uk/info/50385/election_2026_candidates/3209/bromford_and_hodge_hill_ward_election_2026
387af5e655977f77,"Hussain, Arshad",2026-05-07,Bromford and Hodge Hill Ward,701,False,Liberal Democrats,https://www.birmingham.gov.uk/info/50385/election_2026_candidates/3209/bromford_and_hodge_hill_ward_election_2026
8254dda37125996a,"Hussain, Iftekhar",2026-05-07,Bromford and Hodge Hill Ward,772,False,Liberal Democrats,https://www.birmingham.gov.uk/info/50385/election_2026_candidates/3209/bromford_and_hodge_hill_ward_election_2026
999c22a26fca4b54,"Jonah, Zakarya",2026-05-07,Bromford and Hodge Hill Ward,751,False,Green Party,https://www.birmingham.gov.uk/info/50385/election_2026_candidates/3209/bromford_and_hodge_hill_ward_election_2026
48f953571612f2e0,"Karagiannopoulos, Andreas Nektarios",2026-05-07,Bromford and Hodge Hill Ward,816,False,Reform UK,https://www.birmingham.gov.uk/info/50385/election_2026_candidates/3209/bromford_and_hodge_hill_ward_election_2026
cb0fe453b4e09d38,"Khan, Sardar",2026-05-07,Bromford and Hodge Hill Ward,794,False,Workers Party,https://www.birmingham.gov.uk/info/50385/election_2026_candidates/3209/bromford_and_hodge_hill_ward_election_2026
30e7e31d089263a0,Majid Mahmood,2026-05-07,Bromford and Hodge Hill Ward,1560,True,Labour Party,https://www.birmingham.gov.uk/info/50385/election_2026_candidates/3209/bromford_and_hodge_hill_ward_election_2026
0d9a02cd8fdc1458,"McKears, Sylvia Jane",2026-05-07,Bromford and Hodge Hill Ward,683,False,Green Party,https://www.birmingham.gov.uk/info/50385/election_2026_candidates/3209/bromford_and_hodge_hill_ward_election_2026
aeb9c977d30f3e88,"Riley, Duncan Douglas",2026-05-07,Bromford and Hodge Hill Ward,872,False,Reform UK,https://www.birmingham.gov.uk/info/50385/election_2026_candidates/3209/bromford_and_hodge_hill_ward_election_2026
cbf0a58675c68eaa,"Shah, Tasawar Hussain",2026-05-07,Bromford and Hodge Hill Ward,877,False,Workers Party,https://www.birmingham.gov.uk/info/50385/election_2026_candidates/3209/bromford_and_hodge_hill_ward_election_2026
de9fc8f2a13f1f96,"Chapman, Roman",2026-05-07,Castle Vale Ward,107,False,Local Conservatives,https://www.birmingham.gov.uk/info/50385/election_2026_candidates/3210/castle_vale_ward_election_2026
d82ac6482e167c5e,"Copeland, Ross",2026-05-07,Castle Vale Ward,855,False,Reform UK,https://www.birmingham.gov.uk/info/50385/election_2026_candidates/3210/castle_vale_ward_election_2026
48880f630ea1eafc,"Okole, Margaret",2026-05-07,Castle Vale Ward,124,False,Green Party,https://www.birmingham.gov.uk/info/50385/election_2026_candidates/3210/castle_vale_ward_election_2026
db03b4f3af52f392,Ray Goodwin,2026-05-07,Castle Vale Ward,899,False,Labour Party,https://www.birmingham.gov.uk/info/50385/election_2026_candidates/3210/castle_vale_ward_election_2026
7e299fb3f4495da2,"Scrivens, Louise Arabella",2026-05-07,Castle Vale Ward,11,False,Workers Party,https://www.birmingham.gov.uk/info/50385/election_2026_candidates/3210/castle_vale_ward_election_2026
8076bc9079a3ee63,"Sword, Trevor",2026-05-07,Castle Vale Ward,30,False,Liberal Democrats,https://www.birmingham.gov.uk/info/50385/election_2026_candidates/3210/castle_vale_ward_election_2026
3f9db06325343796,"Brown, Stephen",2026-05-07,Druids Heath and Monyhull Ward,140,False,Local Conservatives,https://www.birmingham.gov.uk/info/50385/election_2026_candidates/3211/druids_heath_and_monyhull_ward_election_2026
6e4061172e4f39a2,"Clement, Gavin",2026-05-07,Druids Heath and Monyhull Ward,54,False,Liberal Democrats,https://www.birmingham.gov.uk/info/50385/election_2026_candidates/3211/druids_heath_and_monyhull_ward_election_2026
6db638db45d581b3,"Ishtiaq, Muhammad",2026-05-07,Druids Heath and Monyhull Ward,119,False,Labour Party,https://www.birmingham.gov.uk/info/50385/election_2026_candidates/3211/druids_heath_and_monyhull_ward_election_2026
ef1dae00a2b407d9,Julien Pritchard,2026-05-07,Druids Heath and Monyhull Ward,1907,False,Green Party,https://www.birmingham.gov.uk/info/50385/election_2026_candidates/3211/druids_heath_and_monyhull_ward_election_2026
8bdab528de3421fe,"Singh, Aman",2026-05-07,Druids Heath and Monyhull Ward,734,False,Reform UK,https://www.birmingham.gov.uk/info/50385/election_2026_candidates/3211/druids_heath_and_monyhull_ward_election_2026
f7916f3ececf3e36,"Siva, Giri",2026-05-07,Druids Heath and Monyhull Ward,14,False,Workers Party,https://www.birmingham.gov.uk/info/50385/election_2026_candidates/3211/druids_heath_and_monyhull_ward_election_2026
0dcb543c3f319b7d,Deirdre Alden,2026-05-07,Edgbaston Ward,1847,True,Local Conservatives,https://www.birmingham.gov.uk/info/50385/election_2026_candidates/3212/edgbaston_ward_election_2026
2e24775bc275e400,"Gibbons, Simon",2026-05-07,Edgbaston Ward,470,False,Reform UK,https://www.birmingham.gov.uk/info/50385/election_2026_candidates/3212/edgbaston_ward_election_2026
d7ef3621d89a55f2,"Hogg, Nathan James",2026-05-07,Edgbaston Ward,1132,False,Green Party,https://www.birmingham.gov.uk/info/50385/election_2026_candidates/3212/edgbaston_ward_election_2026
04e7b6e7c6c1883d,Matt Bennett,2026-05-07,Edgbaston Ward,1761,True,Local Conservatives,https://www.birmingham.gov.uk/info/50385/election_2026_candidates/3212/edgbaston_ward_election_2026
5e9dbc5ab91598b9,"Prosser, Oscar George",2026-05-07,Edgbaston Ward,1081,False,Green Party,https://www.birmingham.gov.uk/info/50385/election_2026_candidates/3212/edgbaston_ward_election_2026
31c3c66b5a58ea74,"Russell, Radley",2026-05-07,Edgbaston Ward,294,False,Liberal Democrats,https://www.birmingham.gov.uk/info/50385/election_2026_candidates/3212/edgbaston_ward_election_2026
77cd15d85f0b26d2,"Sanghera, Mandy",2026-05-07,Edgbaston Ward,674,False,Labour Party,https://www.birmingham.gov.uk/info/50385/election_2026_candidates/3212/edgbaston_ward_election_2026
6c2063f086fc418c,"Shergill, Onkar",2026-05-07,Edgbaston Ward,561,False,Labour Party,https://www.birmingham.gov.uk/info/50385/election_2026_candidates/3212/edgbaston_ward_election_2026
e75fab9d22d4dc73,"Vidhani, Madhu",2026-05-07,Edgbaston Ward,366,False,Reform UK,https://www.birmingham.gov.uk/info/50385/election_2026_candidates/3212/edgbaston_ward_election_2026
a76218957dae40a1,"Ward, Mike",2026-05-07,Edgbaston Ward,251,False,Liberal Democrats,https://www.birmingham.gov.uk/info/50385/election_2026_candidates/3212/edgbaston_ward_election_2026
03b96400dab36d9a,"Choudhury, Shefa",2026-05-07,Erdington Ward,174,False,Liberal Democrats,https://www.birmingham.gov.uk/info/50385/election_2026_candidates/3213/erdington_ward_election_2026
2d0655910ac19b3d,"Christoffersen, Mette",2026-05-07,Erdington Ward,883,False,Green Party,https://www.birmingham.gov.uk/info/50385/election_2026_candidates/3213/erdington_ward_election_2026
e8a73b39bc3827a9,Gareth Moore,2026-05-07,Erdington Ward,1996,True,Local Conservatives,https://www.birmingham.gov.uk/info/50385/election_2026_candidates/3213/erdington_ward_election_2026
7c5fd21bea3e1961,"Karra-Webb, Alex",2026-05-07,Erdington Ward,906,False,Green Party,https://www.birmingham.gov.uk/info/50385/election_2026_candidates/3213/erdington_ward_election_2026
11f5134ee220c4cd,"May, Richard Haydn",2026-05-07,Erdington Ward,187,False,Liberal Democrats,https://www.birmingham.gov.uk/info/50385/election_2026_candidates/3213/erdington_ward_election_2026
4e3e7afbeeb780ef,"Morris, Kenneth Oliver",2026-05-07,Erdington Ward,1088,False,Reform UK,https://www.birmingham.gov.uk/info/50385/election_2026_candidates/3213/erdington_ward_election_2026
567f63894f876fa2,Robert Alden,2026-05-07,Erdington Ward,2424,True,Local Conservatives,https://www.birmingham.gov.uk/info/50385/election_2026_candidates/3213/erdington_ward_election_2026
b8e42bd21c6330ad,"Scrivens, Paul Jonathan",2026-05-07,Erdington Ward,69,False,Workers Party,https://www.birmingham.gov.uk/info/50385/election_2026_candidates/3213/erdington_ward_election_2026
eced9e30e2ab5c13,"Taranssari, Ali",2026-05-07,Erdington Ward,769,False,Reform UK,https://www.birmingham.gov.uk/info/50385/election_2026_candidates/3213/erdington_ward_election_2026
68485d25d09a8963,"Uddin, Mahtab",2026-05-07,Erdington Ward,952,False,Labour Party,https://www.birmingham.gov.uk/info/50385/election_2026_candidates/3213/erdington_ward_election_2026
144bf7491c885553,"Walden, Lauren",2026-05-07,Erdington Ward,1019,False,Labour Party,https://www.birmingham.gov.uk/info/50385/election_2026_candidates/3213/erdington_ward_election_2026
bf397eaca05b2bf2,"Ward, Corinthia",2026-05-07,Erdington Ward,64,False,Trade Unionist and Socialist Coalition,https://www.birmingham.gov.uk/info/50385/election_2026_candidates/3213/erdington_ward_election_2026
dbafd4573ed80591,"Beck, Peter",2026-05-07,Frankley Great Park Ward,407,False,Green Party,https://www.birmingham.gov.uk/info/50385/election_2026_candidates/3214/frankley_great_park_ward_election_2026
0d71a0e07f802484,Gemma Guttridge,2026-05-07,Frankley Great Park Ward,1192,False,Reform UK,https://www.birmingham.gov.uk/info/50385/election_2026_candidates/3214/frankley_great_park_ward_election_2026
329098e30510567a,"Lloyd, Peter",2026-05-07,Frankley Great Park Ward,131,False,Liberal Democrats,https://www.birmingham.gov.uk/info/50385/election_2026_candidates/3214/frankley_great_park_ward_election_2026
37a897fcecf62d99,"Morrall, Simon",2026-05-07,Frankley Great Park Ward,691,False,Independent,https://www.birmingham.gov.uk/info/50385/election_2026_candidates/3214/frankley_great_park_ward_election_2026
5c19bce372dbdab5,"Saad, Mohamed",2026-05-07,Frankley Great Park Ward,326,False,Labour Party,https://www.birmingham.gov.uk/info/50385/election_2026_candidates/3214/frankley_great_park_ward_election_2026
26348d0437b30761,"Storer, Tilton Tobias",2026-05-07,Frankley Great Park Ward,317,False,Local Conservatives,https://www.birmingham.gov.uk/info/50385/election_2026_candidates/3214/frankley_great_park_ward_election_2026
ad947792706fd068,"Busuttil, Carla",2026-05-07,Garretts Green Ward,310,False,Green Party,https://www.birmingham.gov.uk/info/50385/election_2026_candidates/3215/garretts_green_ward_election_2026
ee8313db14c4637e,"Hall, Daphne Claire",2026-05-07,Garretts Green Ward,109,False,Local Conservatives,https://www.birmingham.gov.uk/info/50385/election_2026_candidates/3215/garretts_green_ward_election_2026
61cda3cd81c32b73,"Higgins, Peter",2026-05-07,Garretts Green Ward,95,False,Workers Party,https://www.birmingham.gov.uk/info/50385/election_2026_candidates/3215/garretts_green_ward_election_2026
91520d1e3a5725b4,"O'Callaghan, Benjamin",2026-05-07,Garretts Green Ward,149,False,Liberal Democrats,https://www.birmingham.gov.uk/info/50385/election_2026_candidates/3215/garretts_green_ward_election_2026
cb64786b9ff3b219,Saddak Miah,2026-05-07,Garretts Green Ward,988,False,Labour Party,https://www.birmingham.gov.uk/info/50385/election_2026_candidates/3215/garretts_green_ward_election_2026
772c182d49821100,"Webster, Carl Richard",2026-05-07,Garretts Green Ward,864,False,Reform UK,https://www.birmingham.gov.uk/info/50385/election_2026_candidates/3215/garretts_green_ward_election_2026
828f3ec20973105d,"Bridle, Marje",2026-05-07,Glebe Farm and Tile Cross Ward,1035,False,Labour Party,https://www.birmingham.gov.uk/info/50385/election_2026_candidates/3216/glebe_farm_and_tile_cross_ward_election_2026
69b15dedd12495bb,"Charles, Gary",2026-05-07,Glebe Farm and Tile Cross Ward,654,False,Green Party,https://www.birmingham.gov.uk/info/50385/election_2026_candidates/3216/glebe_farm_and_tile_cross_ward_election_2026
e58baedc3ea586ca,"Cotton, John",2026-05-07,Glebe Farm and Tile Cross Ward,896,False,Labour Party,https://www.birmingham.gov.uk/info/50385/election_2026_candidates/3216/glebe_farm_and_tile_cross_ward_election_2026
84c911387cb84b04,"Fikeis, Chris",2026-05-07,Glebe Farm and Tile Cross Ward,252,False,Local Conservatives,https://www.birmingham.gov.uk/info/50385/election_2026_candidates/3216/glebe_farm_and_tile_cross_ward_election_2026
be637081631518d4,"Hooper, Gareth",2026-05-07,Glebe Farm and Tile Cross Ward,569,False,Green Party,https://www.birmingham.gov.uk/info/50385/election_2026_candidates/3216/glebe_farm_and_tile_cross_ward_election_2026
6860469fb44d620e,Jess Ankrett,2026-05-07,Glebe Farm and Tile Cross Ward,1394,True,Reform UK,https://www.birmingham.gov.uk/info/50385/election_2026_candidates/3216/glebe_farm_and_tile_cross_ward_election_2026
c0b0d57c44adce34,"Kayani, Shehryar",2026-05-07,Glebe Farm and Tile Cross Ward,1163,False,Workers Party,https://www.birmingham.gov.uk/info/50385/election_2026_candidates/3216/glebe_farm_and_tile_cross_ward_election_2026
7ccfdaa543de8c82,"Khan, Javed",2026-05-07,Glebe Farm and Tile Cross Ward,139,False,Liberal Democrats,https://www.birmingham.gov.uk/info/50385/election_2026_candidates/3216/glebe_farm_and_tile_cross_ward_election_2026
9533497d8bef483d,"Kiani, Uzman",2026-05-07,Glebe Farm and Tile Cross Ward,103,False,Liberal Democrats,https://www.birmingham.gov.uk/info/50385/election_2026_candidates/3216/glebe_farm_and_tile_cross_ward_election_2026
a9192492460a9e88,"Mahmood, Faisal",2026-05-07,Glebe Farm and Tile Cross Ward,251,False,Independent,https://www.birmingham.gov.uk/info/50385/election_2026_candidates/3216/glebe_farm_and_tile_cross_ward_election_2026
656b512a61b24089,"Robinson, Fergus David",2026-05-07,Glebe Farm and Tile Cross Ward,229,False,Local Conservatives,https://www.birmingham.gov.uk/info/50385/election_2026_candidates/3216/glebe_farm_and_tile_cross_ward_election_2026
376fcada90b2f527,"Shafique, Amir",2026-05-07,Glebe Farm and Tile Cross Ward,1078,False,Workers Party,https://www.birmingham.gov.uk/info/50385/election_2026_candidates/3216/glebe_farm_and_tile_cross_ward_election_2026
cb244c219b874b40,"Tank, Satnam",2026-05-07,Glebe Farm and Tile Cross Ward,1157,False,Reform UK,https://www.birmingham.gov.uk/info/50385/election_2026_candidates/3216/glebe_farm_and_tile_cross_ward_election_2026
2506129e8eac6a56,"Akhtar, Wahid",2026-05-07,Gravelly Hill Ward,168,False,Independent,https://www.birmingham.gov.uk/info/50385/election_2026_candidates/3217/gravelly_hill_ward_election_2026
e7364e230b9bcda9,"Amin, Mohammed",2026-05-07,Gravelly Hill Ward,417,False,Liberal Democrats,https://www.birmingham.gov.uk/info/50385/election_2026_candidates/3217/gravelly_hill_ward_election_2026
c792acda1b6c492e,"Khan, Imran Ali",2026-05-07,Gravelly Hill Ward,360,False,Green Party,https://www.birmingham.gov.uk/info/50385/election_2026_candidates/3217/gravelly_hill_ward_election_2026
9537d1094768c0ea,"Mackey, Julia Anne",2026-05-07,Gravelly Hill Ward,123,False,Local Conservatives,https://www.birmingham.gov.uk/info/50385/election_2026_candidates/3217/gravelly_hill_ward_election_2026
4f3de31d0d83a2b4,"Mehmood, Asif",2026-05-07,Gravelly Hill Ward,66,False,Independent,https://www.birmingham.gov.uk/info/50385/election_2026_candidates/3217/gravelly_hill_ward_election_2026
f6644831c60fe01b,Mick Brown,2026-05-07,Gravelly Hill Ward,620,False,Labour and Co-operative Party,https://www.birmingham.gov.uk/info/50385/election_2026_candidates/3217/gravelly_hill_ward_election_2026
52f7e9709d5c3c7d,"Wilton, Maisie Lou Evelyn",2026-05-07,Gravelly Hill Ward,344,False,Reform UK,https://www.birmingham.gov.uk/info/50385/election_2026_candidates/3217/gravelly_hill_ward_election_2026
2708117e78764bf1,"Ahmed, Akhlaq",2026-05-07,Hall Green North Ward,824,False,Labour Party,https://www.birmingham.gov.uk/info/50385/election_2026_candidates/3218/hall_green_north_ward_election_2026
ea57e3acede5d6e7,"Arabi, Belal",2026-05-07,Hall Green North Ward,457,False,Independent,https://www.birmingham.gov.uk/info/50385/election_2026_candidates/3218/hall_green_north_ward_election_2026
1b59cc197f11d5fe,"Bano, Shabina",2026-05-07,Hall Green North Ward,674,False,Liberal Democrats,https://www.birmingham.gov.uk/info/50385/election_2026_candidates/3218/hall_green_north_ward_election_2026
f13ddc35bbd6ed06,"Dukes-Hogan, Estelle",2026-05-07,Hall Green North Ward,630,False,Liberal Democrats,https://www.birmingham.gov.uk/info/50385/election_2026_candidates/3218/hall_green_north_ward_election_2026
6df060aaefca5f65,Haroon Salim,2026-05-07,Hall Green North Ward,2429,True,Green Party,https://www.birmingham.gov.uk/info/50385/election_2026_candidates/3218/hall_green_north_ward_election_2026
ec79b1fa0cb268e6,"Holland, Jordan",2026-05-07,Hall Green North Ward,774,False,Reform UK,https://www.birmingham.gov.uk/info/50385/election_2026_candidates/3218/hall_green_north_ward_election_2026
4320f14c803cf160,"Hussain, Fahad Ali",2026-05-07,Hall Green North Ward,309,False,Workers Party,https://www.birmingham.gov.uk/info/50385/election_2026_candidates/3218/hall_green_north_ward_election_2026
00b96da865fdb778,"Iqbal, Malik Nasir",2026-05-07,Hall Green North Ward,802,False,Local Conservatives,https://www.birmingham.gov.uk/info/50385/election_2026_candidates/3218/hall_green_north_ward_election_2026
785e830e029f8e32,Mansoor Qureshi,2026-05-07,Hall Green North Ward,2833,True,Green Party,https://www.birmingham.gov.uk/info/50385/election_2026_candidates/3218/hall_green_north_ward_election_2026
79899af5c2789b2f,"Mattison, Kyra Nicole",2026-05-07,Hall Green North Ward,716,False,Reform UK,https://www.birmingham.gov.uk/info/50385/election_2026_candidates/3218/hall_green_north_ward_election_2026
3241c2f05fb4d33b,"O'Hara, Harriet Rose",2026-05-07,Hall Green North Ward,1014,False,Local Conservatives,https://www.birmingham.gov.uk/info/50385/election_2026_candidates/3218/hall_green_north_ward_election_2026
363bb13877226285,"Suleman, Saima",2026-05-07,Hall Green North Ward,679,False,Labour Party,https://www.birmingham.gov.uk/info/50385/election_2026_candidates/3218/hall_green_north_ward_election_2026
48fca75e39f1c493,"Ahmed, Shafaq",2026-05-07,Hall Green South Ward,326,False,Labour Party,https://www.birmingham.gov.uk/info/50385/election_2026_candidates/3219/hall_green_south_ward_election_2026
f5d6c1bd310f7128,"Carpenter, Daniel Thomas",2026-05-07,Hall Green South Ward,638,False,Green Party,https://www.birmingham.gov.uk/info/50385/election_2026_candidates/3219/hall_green_south_ward_election_2026
717d1c5fc33e42d7,"Huxtable, Tim",2026-05-07,Hall Green South Ward,2117,False,Local Conservatives,https://www.birmingham.gov.uk/info/50385/election_2026_candidates/3219/hall_green_south_ward_election_2026
8304e95307c906c4,"Lickiss, David Alan",2026-05-07,Hall Green South Ward,68,False,Liberal Democrats,https://www.birmingham.gov.uk/info/50385/election_2026_candidates/3219/hall_green_south_ward_election_2026
f7fd140c8c45ff90,"Shabir, Aminah",2026-05-07,Hall Green South Ward,163,False,Workers Party,https://www.birmingham.gov.uk/info/50385/election_2026_candidates/3219/hall_green_south_ward_election_2026
34bdd78595c63a97,"Taylor, Stephen",2026-05-07,Hall Green South Ward,429,False,Reform UK,https://www.birmingham.gov.uk/info/50385/election_2026_candidates/3219/hall_green_south_ward_election_2026
f3c16e89c0c8370c,"Bishop, Paul Andrew",2026-05-07,Handsworth Ward,53,False,Liberal Democrats,https://www.birmingham.gov.uk/info/50385/election_2026_candidates/3220/handsworth_ward_election_2026
7732ffa7f602d02f,"Brittain, Curtis James",2026-05-07,Handsworth Ward,110,False,Reform UK,https://www.birmingham.gov.uk/info/50385/election_2026_candidates/3220/handsworth_ward_election_2026
6e3655122fb65601,"Dakunivosa, Mosese",2026-05-07,Handsworth Ward,443,False,Labour Party,https://www.birmingham.gov.uk/info/50385/election_2026_candidates/3220/handsworth_ward_election_2026
bab88b6831993ba2,Ed Freshwater,2026-05-07,Handsworth Ward,958,False,Green Party,https://www.birmingham.gov.uk/info/50385/election_2026_candidates/3220/handsworth_ward_election_2026
4b2438d9be639d64,"Lal, Chaman",2026-05-07,Handsworth Ward,288,False,Independent,https://www.birmingham.gov.uk/info/50385/election_2026_candidates/3220/handsworth_ward_election_2026
10a4f7ce712646b8,"Mohamed, Abdulaziz",2026-05-07,Handsworth Ward,273,False,Independent,https://www.birmingham.gov.uk/info/50385/election_2026_candidates/3220/handsworth_ward_election_2026
f9f37d1ee9aa9564,"Rahman, Enam",2026-05-07,Handsworth Ward,231,False,Local Conservatives,https://www.birmingham.gov.uk/info/50385/election_2026_candidates/3220/handsworth_ward_election_2026
1b8c48518d432c46,"Atholi, Junior",2026-05-07,Handsworth Wood Ward,75,False,Independent,https://www.birmingham.gov.uk/info/50385/election_2026_candidates/3221/handsworth_wood_ward_election_2026
9b384bb212575f9a,"Banger, Lalit Kumar",2026-05-07,Handsworth Wood Ward,452,False,Independent,https://www.birmingham.gov.uk/info/50385/election_2026_candidates/3221/handsworth_wood_ward_election_2026
e1b4e6ba4d2bda23,"Brown, Neil James",2026-05-07,Handsworth Wood Ward,550,False,Reform UK,https://www.birmingham.gov.uk/info/50385/election_2026_candidates/3221/handsworth_wood_ward_election_2026
ce23c2220b69bc9a,"Chumber, Ravinder Singh",2026-05-07,Handsworth Wood Ward,549,False,Local Conservatives,https://www.birmingham.gov.uk/info/50385/election_2026_candidates/3221/handsworth_wood_ward_election_2026
d11c4b5d5571815f,"Clark, Michael George",2026-05-07,Handsworth Wood Ward,510,False,Reform UK,https://www.birmingham.gov.uk/info/50385/election_2026_candidates/3221/handsworth_wood_ward_election_2026
20d59cb7e10788f8,"Hafeez, Junaid",2026-05-07,Handsworth Wood Ward,703,False,Green Party,https://www.birmingham.gov.uk/info/50385/election_2026_candidates/3221/handsworth_wood_ward_election_2026
2ef8264db2643044,"Hallam, Stephen Michael",2026-05-07,Handsworth Wood Ward,194,False,Liberal Democrats,https://www.birmingham.gov.uk/info/50385/election_2026_candidates/3221/handsworth_wood_ward_election_2026
00ac13811fde9f0f,"Khan, Umar Hayat",2026-05-07,Handsworth Wood Ward,577,False,Independent,https://www.birmingham.gov.uk/info/50385/election_2026_candidates/3221/handsworth_wood_ward_election_2026
1df08592aff597ef,Narinder Kaur Kooner OBE,2026-05-07,Handsworth Wood Ward,1858,True,Labour Party,https://www.birmingham.gov.uk/info/50385/election_2026_candidates/3221/handsworth_wood_ward_election_2026
db268a2a9cacc4df,Randeep Kular,2026-05-07,Handsworth Wood Ward,1582,True,Labour Party,https://www.birmingham.gov.uk/info/50385/election_2026_candidates/3221/handsworth_wood_ward_election_2026
be7ff3f55da6c372,"Sheahan, Peter John",2026-05-07,Handsworth Wood Ward,673,False,Green Party,https://www.birmingham.gov.uk/info/50385/election_2026_candidates/3221/handsworth_wood_ward_election_2026
b410c3e536f00773,"Surti, Devia",2026-05-07,Handsworth Wood Ward,432,False,Local Conservatives,https://www.birmingham.gov.uk/info/50385/election_2026_candidates/3221/handsworth_wood_ward_election_2026
d2e252db271e45c3,"Uddin, Sam",2026-05-07,Handsworth Wood Ward,744,False,Independent,https://www.birmingham.gov.uk/info/50385/election_2026_candidates/3221/handsworth_wood_ward_election_2026
1c67f8843c614c99,"Watts, Gerald",2026-05-07,Handsworth Wood Ward,172,False,Liberal Democrats,https://www.birmingham.gov.uk/info/50385/election_2026_candidates/3221/handsworth_wood_ward_election_2026
9274dec1a7b5a72b,"Bertram, Christopher John",2026-05-07,Harborne Ward,396,False,Liberal Democrats,https://www.birmingham.gov.uk/info/50385/election_2026_candidates/3222/harborne_ward_election_2026
90de8e1c56fede82,"Brooks, Martin John",2026-05-07,Harborne Ward,1723,True,Independent,https://www.birmingham.gov.uk/info/50385/election_2026_candidates/3222/harborne_ward_election_2026
28f4dac2be38998f,"Burgess, James Victor",2026-05-07,Harborne Ward,347,False,Independent,https://www.birmingham.gov.uk/info/50385/election_2026_candidates/3222/harborne_ward_election_2026
09ed10e0ada58216,"Cross, James Peter",2026-05-07,Harborne Ward,846,False,Independent,https://www.birmingham.gov.uk/info/50385/election_2026_candidates/3222/harborne_ward_election_2026
f62ca21352baaf04,"Goodwin, Ben",2026-05-07,Harborne Ward,1289,False,Green Party,https://www.birmingham.gov.uk/info/50385/election_2026_candidates/3222/harborne_ward_election_2026
5c5f5e7277c5fd8d,Kevin Carmody,2026-05-07,Harborne Ward,1463,True,Green Party,https://www.birmingham.gov.uk/info/50385/election_2026_candidates/3222/harborne_ward_election_2026
fe737c79f162af66,"Khan, Hasnain Qamar Rashid Bhatti",2026-05-07,Harborne Ward,1228,False,Labour Party,https://www.birmingham.gov.uk/info/50385/election_2026_candidates/3222/harborne_ward_election_2026
b3cd5d285aa7e01a,"Marwick, Sarah",2026-05-07,Harborne Ward,407,False,Liberal Democrats,https://www.birmingham.gov.uk/info/50385/election_2026_candidates/3222/harborne_ward_election_2026
d10f6684645e234a,"Moore, Richard William",2026-05-07,Harborne Ward,1344,False,Labour Party,https://www.birmingham.gov.uk/info/50385/election_2026_candidates/3222/harborne_ward_election_2026
75016dc6c6f1eb04,"Rasenberg, Hugo George",2026-05-07,Harborne Ward,1411,False,Local Conservatives,https://www.birmingham.gov.uk/info/50385/election_2026_candidates/3222/harborne_ward_election_2026
5bc94adf2b35ba2c,"Shahzada, Amaar",2026-05-07,Harborne Ward,1012,False,Local Conservatives,https://www.birmingham.gov.uk/info/50385/election_2026_candidates/3222/harborne_ward_election_2026
c8a98f7b166bb589,"Sharma, Aniraj",2026-05-07,Harborne Ward,987,False,Reform UK,https://www.birmingham.gov.uk/info/50385/election_2026_candidates/3222/harborne_ward_election_2026
c96bc0bfa12ea94a,"Singh, Jyotsna",2026-05-07,Harborne Ward,902,False,Reform UK,https://www.birmingham.gov.uk/info/50385/election_2026_candidates/3222/harborne_ward_election_2026
4ebc16d639ad6aa7,"Ali, Abid",2026-05-07,Heartlands Ward,180,False,Liberal Democrats,https://www.birmingham.gov.uk/info/50385/election_2026_candidates/3223/heartlands_ward_election_2026
b04d55b2044970d2,"Hussain, Sajid",2026-05-07,Heartlands Ward,224,False,Independent,https://www.birmingham.gov.uk/info/50385/election_2026_candidates/3223/heartlands_ward_election_2026
e3c790f35064c479,"Islam, Md Ohidul",2026-05-07,Heartlands Ward,56,False,Local Conservatives,https://www.birmingham.gov.uk/info/50385/election_2026_candidates/3223/heartlands_ward_election_2026
10ab77da98e7cf18,"Mazhar, Danny",2026-05-07,Heartlands Ward,625,False,Birmingham Community Independents,https://www.birmingham.gov.uk/info/50385/election_2026_candidates/3223/heartlands_ward_election_2026
8246353b15b09f46,"Raman, Sathish Kumar",2026-05-07,Heartlands Ward,154,False,Reform UK,https://www.birmingham.gov.uk/info/50385/election_2026_candidates/3223/heartlands_ward_election_2026
657e47180ee01ffe,"Seharai, Mateen",2026-05-07,Heartlands Ward,359,False,Green Party,https://www.birmingham.gov.uk/info/50385/election_2026_candidates/3223/heartlands_ward_election_2026
2f961b5898b9f060,Shafique Shah,2026-05-07,Heartlands Ward,1023,False,Labour Party,https://www.birmingham.gov.uk/info/50385/election_2026_candidates/3223/heartlands_ward_election_2026
9cf82507e039490f,Adam Higgs,2026-05-07,Highter’s Heath Ward,1342,False,Local Conservatives,https://www.birmingham.gov.uk/info/50385/election_2026_candidates/3224/highters_heath_ward_election_2026
43fa06ef8f4a26ef,"Bowen, Iain David",2026-05-07,Highter’s Heath Ward,56,False,Liberal Democrats,https://www.birmingham.gov.uk/info/50385/election_2026_candidates/3224/highters_heath_ward_election_2026
db2d880504122dd6,"Samuels, Joe",2026-05-07,Highter’s Heath Ward,269,False,Labour Party,https://www.birmingham.gov.uk/info/50385/election_2026_candidates/3224/highters_heath_ward_election_2026
812e78af540c445f,"Shemmans, Joanne",2026-05-07,Highter’s Heath Ward,419,False,Green Party,https://www.birmingham.gov.uk/info/50385/election_2026_candidates/3224/highters_heath_ward_election_2026
de10070cdc22f6c6,"West, Jason",2026-05-07,Highter’s Heath Ward,877,False,Reform UK,https://www.birmingham.gov.uk/info/50385/election_2026_candidates/3224/highters_heath_ward_election_2026
ca2c480ae88c0c6c,"Atholi, Senior",2026-05-07,Holyhead Ward,26,False,Independent,https://www.birmingham.gov.uk/info/50385/election_2026_candidates/3225/holyhead_ward_election_2026
3b71e91559cc4fb8,"Clarke, Martin",2026-05-07,Holyhead Ward,132,False,Local Conservatives,https://www.birmingham.gov.uk/info/50385/election_2026_candidates/3225/holyhead_ward_election_2026
406db7787e30aecd,"Clough, Nigel",2026-05-07,Holyhead Ward,334,False,Green Party,https://www.birmingham.gov.uk/info/50385/election_2026_candidates/3225/holyhead_ward_election_2026
10631d6756d0f022,"Dainty, Mark Richard",2026-05-07,Holyhead Ward,93,False,Reform UK,https://www.birmingham.gov.uk/info/50385/election_2026_candidates/3225/holyhead_ward_election_2026
20ce7dc2c3cfc74a,"Hamilton, Keshia",2026-05-07,Holyhead Ward,751,False,Labour Party,https://www.birmingham.gov.uk/info/50385/election_2026_candidates/3225/holyhead_ward_election_2026
816f9a376743932a,"Jaddoo, Alexander Samuel Vivian",2026-05-07,Holyhead Ward,50,False,Independent,https://www.birmingham.gov.uk/info/50385/election_2026_candidates/3225/holyhead_ward_election_2026
7edd9cf0f3d09ce7,Rinkal Shergill,2026-05-07,Holyhead Ward,775,False,Independent,https://www.birmingham.gov.uk/info/50385/election_2026_candidates/3225/holyhead_ward_election_2026
1e6768d5c25794fc,"Tanveer, Faizan",2026-05-07,Holyhead Ward,64,False,Liberal Democrats,https://www.birmingham.gov.uk/info/50385/election_2026_candidates/3225/holyhead_ward_election_2026
b220315a9797c7cc,"Chandler, James Andrew Ayodele",2026-05-07,Kingstanding Ward,134,False,Liberal Democrats,https://www.birmingham.gov.uk/info/50385/election_2026_candidates/3228/kingstanding_ward_election_2026
3c27554558aa51fd,"Hughes, Des",2026-05-07,Kingstanding Ward,120,False,Independent,https://www.birmingham.gov.uk/info/50385/election_2026_candidates/3228/kingstanding_ward_election_2026
2483dec1a1aa831a,"Jaddoo, Desmond Gustavus",2026-05-07,Kingstanding Ward,183,False,Independent,https://www.birmingham.gov.uk/info/50385/election_2026_candidates/3228/kingstanding_ward_election_2026
bf37f9c44bd95033,Jex Parkin,2026-05-07,Kingstanding Ward,1771,True,Reform UK,https://www.birmingham.gov.uk/info/50385/election_2026_candidates/3228/kingstanding_ward_election_2026
fc608bc44ec73470,John Lambert,2026-05-07,Kingstanding Ward,1898,True,Reform UK,https://www.birmingham.gov.uk/info/50385/election_2026_candidates/3228/kingstanding_ward_election_2026
b432de0b10eb844d,"Lee, Chris",2026-05-07,Kingstanding Ward,606,False,Green Party,https://www.birmingham.gov.uk/info/50385/election_2026_candidates/3228/kingstanding_ward_election_2026
c779528edb212a5e,"Lilly, Paul",2026-05-07,Kingstanding Ward,761,False,Labour Party,https://www.birmingham.gov.uk/info/50385/election_2026_candidates/3228/kingstanding_ward_election_2026
2cb871d066b6e360,"Mehmood, Asad",2026-05-07,Kingstanding Ward,162,False,Liberal Democrats,https://www.birmingham.gov.uk/info/50385/election_2026_candidates/3228/kingstanding_ward_election_2026
1d2670d61bb99afb,"Orme, Jerry",2026-05-07,Kingstanding Ward,504,False,Green Party,https://www.birmingham.gov.uk/info/50385/election_2026_candidates/3228/kingstanding_ward_election_2026
64ff77abd24ac021,"Richards, Alex Lawrence",2026-05-07,Kingstanding Ward,1059,False,Local Conservatives,https://www.birmingham.gov.uk/info/50385/election_2026_candidates/3228/kingstanding_ward_election_2026
f9eebaf1e16ee392,"Ward, Anita",2026-05-07,Kingstanding Ward,681,False,Labour Party,https://www.birmingham.gov.uk/info/50385/election_2026_candidates/3228/kingstanding_ward_election_2026
f1b87d9045e89f06,"Welch, Clifton Frederick",2026-05-07,Kingstanding Ward,967,False,Local Conservatives,https://www.birmingham.gov.uk/info/50385/election_2026_candidates/3228/kingstanding_ward_election_2026
1a0d414c26990ae6,"Corrigan, Carmel Gertrude",2026-05-07,King’s Norton North Ward,786,False,Labour Party,https://www.birmingham.gov.uk/info/50385/election_2026_candidates/3226/kings_norton_north_ward_election_2026
ddb1e47c79b26f29,"Hemming, Alexander",2026-05-07,King’s Norton North Ward,138,False,Liberal Democrats,https://www.birmingham.gov.uk/info/50385/election_2026_candidates/3226/kings_norton_north_ward_election_2026
2b18891d4ea66a37,Martin Smith,2026-05-07,King’s Norton North Ward,1082,False,Reform UK,https://www.birmingham.gov.uk/info/50385/election_2026_candidates/3226/kings_norton_north_ward_election_2026
745328b9dde89722,"Molloy-Brookes, Daniel Patrick",2026-05-07,King’s Norton North Ward,755,False,Local Conservatives,https://www.birmingham.gov.uk/info/50385/election_2026_candidates/3226/kings_norton_north_ward_election_2026
f297e6e1c5c192bd,"Rooney, Joe",2026-05-07,King’s Norton North Ward,452,False,Green Party,https://www.birmingham.gov.uk/info/50385/election_2026_candidates/3226/kings_norton_north_ward_election_2026
a84cf79ebbea28c0,"Brown, Joel Samuel",2026-05-07,King’s Norton South Ward,166,False,Local Conservatives,https://www.birmingham.gov.uk/info/50385/election_2026_candidates/3227/kings_norton_south_ward_election_2026
47d6d1fff4c3fe1f,"Grant, Robert Andrew",2026-05-07,King’s Norton South Ward,1725,False,Green Party,https://www.birmingham.gov.uk/info/50385/election_2026_candidates/3227/kings_norton_south_ward_election_2026
e5dd761782daf99c,"Kennedy, Tony",2026-05-07,King’s Norton South Ward,172,False,Labour and Co-operative Party,https://www.birmingham.gov.uk/info/50385/election_2026_candidates/3227/kings_norton_south_ward_election_2026
6f308e6f2218a300,"Malec, Agata Joanna",2026-05-07,King’s Norton South Ward,762,False,Reform UK,https://www.birmingham.gov.uk/info/50385/election_2026_candidates/3227/kings_norton_south_ward_election_2026
318cd197f2e136ae,"Sturt-Joy, Michael",2026-05-07,King’s Norton South Ward,36,False,Liberal Democrats,https://www.birmingham.gov.uk/info/50385/election_2026_candidates/3227/kings_norton_south_ward_election_2026
f3ae908facfec5a2,"Benton, Sally",2026-05-07,Ladywood Ward,1122,False,Labour Party,https://www.birmingham.gov.uk/info/50385/election_2026_candidates/3229/ladywood_ward_election_2026
6f4654f2ebef16b8,"Cotton, Jade Marie",2026-05-07,Ladywood Ward,521,False,Reform UK,https://www.birmingham.gov.uk/info/50385/election_2026_candidates/3229/ladywood_ward_election_2026
0fce6f0a41accd17,"Cressman, Gary Edwin",2026-05-07,Ladywood Ward,213,False,Independent,https://www.birmingham.gov.uk/info/50385/election_2026_candidates/3229/ladywood_ward_election_2026
f39f36b1092235d5,"Dargue, Lee",2026-05-07,Ladywood Ward,433,False,Liberal Democrats,https://www.birmingham.gov.uk/info/50385/election_2026_candidates/3229/ladywood_ward_election_2026
ce5d54ad8cf77413,"Dosanjh, Satvir",2026-05-07,Ladywood Ward,928,False,Labour Party,https://www.birmingham.gov.uk/info/50385/election_2026_candidates/3229/ladywood_ward_election_2026
a282660d988749a9,"Maragh, Deborah Moria",2026-05-07,Ladywood Ward,189,False,Independent,https://www.birmingham.gov.uk/info/50385/election_2026_candidates/3229/ladywood_ward_election_2026
da6429d19f03352d,"Noor, Zoobia",2026-05-07,Ladywood Ward,297,False,Liberal Democrats,https://www.birmingham.gov.uk/info/50385/election_2026_candidates/3229/ladywood_ward_election_2026
9f7a2b63c7e2296a,"Pandey, Abhinav Priyadarshi",2026-05-07,Ladywood Ward,466,False,Reform UK,https://www.birmingham.gov.uk/info/50385/election_2026_candidates/3229/ladywood_ward_election_2026
3ae740342c3b514d,Raheem Humphreys,2026-05-07,Ladywood Ward,1382,True,Green Party,https://www.birmingham.gov.uk/info/50385/election_2026_candidates/3229/ladywood_ward_election_2026
4dbfbc6f28657c76,Siobhan Harper-Nunes,2026-05-07,Ladywood Ward,1552,False,Green Party,https://www.birmingham.gov.uk/info/50385/election_2026_candidates/3229/ladywood_ward_election_2026
9723aa36ddcce350,"Smith, Abigail Margaret",2026-05-07,Ladywood Ward,436,False,Local Conservatives,https://www.birmingham.gov.uk/info/50385/election_2026_candidates/3229/ladywood_ward_election_2026
e70898d0c4dd7076,"Yip, Cindy",2026-05-07,Ladywood Ward,342,False,Local Conservatives,https://www.birmingham.gov.uk/info/50385/election_2026_candidates/3229/ladywood_ward_election_2026
9ac1f8736e7b76bb,Anthony Ward,2026-05-07,Longbridge and West Heath Ward,2168,True,Reform UK,https://www.birmingham.gov.uk/info/50385/election_2026_candidates/3230/longbridge_and_west_heath_ward_election_2026
904f335e19791935,"Asonibare, Francine",2026-05-07,Longbridge and West Heath Ward,256,False,Liberal Democrats,https://www.birmingham.gov.uk/info/50385/election_2026_candidates/3230/longbridge_and_west_heath_ward_election_2026
504f0fac4044ead3,"Brett Young, Tony",2026-05-07,Longbridge and West Heath Ward,256,False,Liberal Democrats,https://www.birmingham.gov.uk/info/50385/election_2026_candidates/3230/longbridge_and_west_heath_ward_election_2026
7c0dcfbe040ae2af,Charlie Latchford,2026-05-07,Longbridge and West Heath Ward,2325,True,Reform UK,https://www.birmingham.gov.uk/info/50385/election_2026_candidates/3230/longbridge_and_west_heath_ward_election_2026
c350b6c176dda5d3,"Dixon, Jack",2026-05-07,Longbridge and West Heath Ward,1769,False,Local Conservatives,https://www.birmingham.gov.uk/info/50385/election_2026_candidates/3230/longbridge_and_west_heath_ward_election_2026
a71f489e1a82c7cf,"Jones, Hannah",2026-05-07,Longbridge and West Heath Ward,958,False,Green Party,https://www.birmingham.gov.uk/info/50385/election_2026_candidates/3230/longbridge_and_west_heath_ward_election_2026
15024987064b5eb7,"Lloyd, Matthew Josef",2026-05-07,Longbridge and West Heath Ward,674,False,Labour Party,https://www.birmingham.gov.uk/info/50385/election_2026_candidates/3230/longbridge_and_west_heath_ward_election_2026
64d9f2e947616f89,"Neville, Matthew John",2026-05-07,Longbridge and West Heath Ward,794,False,Green Party,https://www.birmingham.gov.uk/info/50385/election_2026_candidates/3230/longbridge_and_west_heath_ward_election_2026
ae6b8bdea79f4eb0,"Sanusi, Femi",2026-05-07,Longbridge and West Heath Ward,581,False,Labour Party,https://www.birmingham.gov.uk/info/50385/election_2026_candidates/3230/longbridge_and_west_heath_ward_election_2026
1418702d9ac93f5f,"Storer, Ron",2026-05-07,Longbridge and West Heath Ward,1700,False,Local Conservatives,https://www.birmingham.gov.uk/info/50385/election_2026_candidates/3230/longbridge_and_west_heath_ward_election_2026
ef46fa0c88d82bf8,"Costa, Rafael",2026-05-07,Lozells Ward,184,False,Independent,https://www.birmingham.gov.uk/info/50385/election_2026_candidates/3231/lozells_ward_election_2026
32326dabeadc94c3,"Din, Qiam Ud",2026-05-07,Lozells Ward,229,False,Green Party,https://www.birmingham.gov.uk/info/50385/election_2026_candidates/3231/lozells_ward_election_2026
fa606d16f2377415,"Hinton, Peter Charles John",2026-05-07,Lozells Ward,66,False,Reform UK,https://www.birmingham.gov.uk/info/50385/election_2026_candidates/3231/lozells_ward_election_2026
097a036bf56ee191,"Khan, Raja Asim",2026-05-07,Lozells Ward,551,False,Independent,https://www.birmingham.gov.uk/info/50385/election_2026_candidates/3231/lozells_ward_election_2026
4ae36a60cda0a89c,"King, Andy",2026-05-07,Lozells Ward,45,False,Liberal Democrats,https://www.birmingham.gov.uk/info/50385/election_2026_candidates/3231/lozells_ward_election_2026
1c0a0cfe919f5e26,"Rayean, Nufayej",2026-05-07,Lozells Ward,124,False,Independent,https://www.birmingham.gov.uk/info/50385/election_2026_candidates/3231/lozells_ward_election_2026
c79e4e75f29dd504,"Sisman, Dean",2026-05-07,Lozells Ward,40,False,Local Conservatives,https://www.birmingham.gov.uk/info/50385/election_2026_candidates/3231/lozells_ward_election_2026
fa81440fe8fa440b,Taj Uddin,2026-05-07,Lozells Ward,1406,False,Independent,https://www.birmingham.gov.uk/info/50385/election_2026_candidates/3231/lozells_ward_election_2026
7826f4715b413306,"Zaffar, Samarah",2026-05-07,Lozells Ward,1014,False,Labour Party,https://www.birmingham.gov.uk/info/50385/election_2026_candidates/3231/lozells_ward_election_2026
9b8f1188486534a6,"Ali, Ayyub",2026-05-07,Moseley Ward,1718,False,Green Party,https://www.birmingham.gov.uk/info/50385/election_2026_candidates/3232/moseley_ward_election_2026
96b02291380edf7a,"Ashton, Oliver",2026-05-07,Moseley Ward,1785,False,Green Party,https://www.birmingham.gov.uk/info/50385/election_2026_candidates/3232/moseley_ward_election_2026
abcff358eeef4ba7,"Bentley, Joshua",2026-05-07,Moseley Ward,515,False,Reform UK,https://www.birmingham.gov.uk/info/50385/election_2026_candidates/3232/moseley_ward_election_2026
fc50d2970a9d3a61,"Cuthel, Cheryl Ann",2026-05-07,Moseley Ward,484,False,Reform UK,https://www.birmingham.gov.uk/info/50385/election_2026_candidates/3232/moseley_ward_election_2026
cc4220716763e546,"Goby, Margaret",2026-05-07,Moseley Ward,291,False,Local Conservatives,https://www.birmingham.gov.uk/info/50385/election_2026_candidates/3232/moseley_ward_election_2026
00ac5f010ac61a9e,Izzy Knowles BEM,2026-05-07,Moseley Ward,3724,True,Liberal Democrats,https://www.birmingham.gov.uk/info/50385/election_2026_candidates/3232/moseley_ward_election_2026
aa6d124e0e5eabbf,"Mabhena, Gwaza",2026-05-07,Moseley Ward,823,False,Labour Party,https://www.birmingham.gov.uk/info/50385/election_2026_candidates/3232/moseley_ward_election_2026
17696c6f02019f97,Philip Mills,2026-05-07,Moseley Ward,2139,True,Liberal Democrats,https://www.birmingham.gov.uk/info/50385/election_2026_candidates/3232/moseley_ward_election_2026
2861cf145f82fad6,"Pihlaja, Stephen",2026-05-07,Moseley Ward,1020,False,Labour Party,https://www.birmingham.gov.uk/info/50385/election_2026_candidates/3232/moseley_ward_election_2026
3b35b1d3f7300001,"Qazi, Nayaz",2026-05-07,Moseley Ward,239,False,Local Conservatives,https://www.birmingham.gov.uk/info/50385/election_2026_candidates/3232/moseley_ward_election_2026
9dc1689fa3e7ebfb,"Shah, Mukhtarim",2026-05-07,Moseley Ward,189,False,Independent,https://www.birmingham.gov.uk/info/50385/election_2026_candidates/3232/moseley_ward_election_2026
02fbf72f988c3c9c,"Elizabeth, Sophie Juda",2026-05-07,Nechells Ward,212,False,Reform UK,https://www.birmingham.gov.uk/info/50385/election_2026_candidates/3233/nechells_ward_election_2026
880d37b15bc6f998,"Farah, Guled",2026-05-07,Nechells Ward,81,False,Liberal Democrats,https://www.birmingham.gov.uk/info/50385/election_2026_candidates/3233/nechells_ward_election_2026
45f0d1d8d419eb6f,Mansuur Ahmed,2026-05-07,Nechells Ward,977,False,Independent,https://www.birmingham.gov.uk/info/50385/election_2026_candidates/3233/nechells_ward_election_2026
100b8db20d8a411e,"O'Donovan, Conor",2026-05-07,Nechells Ward,12,False,Trade Unionist and Socialist Coalition,https://www.birmingham.gov.uk/info/50385/election_2026_candidates/3233/nechells_ward_election_2026
1927253b973f9ae7,"Reka, Marcelo",2026-05-07,Nechells Ward,541,False,Labour Party,https://www.birmingham.gov.uk/info/50385/election_2026_candidates/3233/nechells_ward_election_2026
d066ea8d35787816,"Sufian, Md Abu",2026-05-07,Nechells Ward,287,False,Green Party,https://www.birmingham.gov.uk/info/50385/election_2026_candidates/3233/nechells_ward_election_2026
1a25579f9335f01c,"Warmington, Devinchi",2026-05-07,Nechells Ward,67,False,Local Conservatives,https://www.birmingham.gov.uk/info/50385/election_2026_candidates/3233/nechells_ward_election_2026
7a09e1ab2d3786cb,"Anderson, Sonya",2026-05-07,Newtown Ward,101,False,Independent,https://www.birmingham.gov.uk/info/50385/election_2026_candidates/3234/newtown_ward_election_2026
447087f0e34afd9f,"Hussain, Amjad",2026-05-07,Newtown Ward,205,False,Independent,https://www.birmingham.gov.uk/info/50385/election_2026_candidates/3234/newtown_ward_election_2026
d72bc18f1a0d37b9,"Khatun, Rashia",2026-05-07,Newtown Ward,370,False,Liberal Democrats,https://www.birmingham.gov.uk/info/50385/election_2026_candidates/3234/newtown_ward_election_2026
800a170f02159db6,"Miah, Burhan",2026-05-07,Newtown Ward,105,False,Local Conservatives,https://www.birmingham.gov.uk/info/50385/election_2026_candidates/3234/newtown_ward_election_2026
a21aa3480d685c81,"Mohammed, Hannah",2026-05-07,Newtown Ward,348,False,Green Party,https://www.birmingham.gov.uk/info/50385/election_2026_candidates/3234/newtown_ward_election_2026
adce10ebc3a1d6fa,Rasheda Begum,2026-05-07,Newtown Ward,886,False,Labour Party,https://www.birmingham.gov.uk/info/50385/election_2026_candidates/3234/newtown_ward_election_2026
675f8383aa8e3bf9,"Rowe, Keith Alexander",2026-05-07,Newtown Ward,107,False,Reform UK,https://www.birmingham.gov.uk/info/50385/election_2026_candidates/3234/newtown_ward_election_2026
a264e8e6c363b0fe,"Anarfi, Kofi Agyei Tabiri",2026-05-07,North Edgbaston Ward,403,False,Local Conservatives,https://www.birmingham.gov.uk/info/50385/election_2026_candidates/3235/north_edgbaston_ward_election_2026
c939c97b7d5883a1,"Arifeen, Shamsul",2026-05-07,North Edgbaston Ward,374,False,Local Conservatives,https://www.birmingham.gov.uk/info/50385/election_2026_candidates/3235/north_edgbaston_ward_election_2026
1a6785e8b6c3c8c0,"Dow, Alistair",2026-05-07,North Edgbaston Ward,213,False,Liberal Democrats,https://www.birmingham.gov.uk/info/50385/election_2026_candidates/3235/north_edgbaston_ward_election_2026
a1394032c747e111,"Hassan, Hanooshi",2026-05-07,North Edgbaston Ward,1206,False,Green Party,https://www.birmingham.gov.uk/info/50385/election_2026_candidates/3235/north_edgbaston_ward_election_2026
a7edcb4ecc3ebb44,"Jones, Neil",2026-05-07,North Edgbaston Ward,453,False,Reform UK,https://www.birmingham.gov.uk/info/50385/election_2026_candidates/3235/north_edgbaston_ward_election_2026
ea43239203179c34,"Khan, Amer",2026-05-07,North Edgbaston Ward,692,False,Independent,https://www.birmingham.gov.uk/info/50385/election_2026_candidates/3235/north_edgbaston_ward_election_2026
cf3a7bf9f6af592d,Marcus Bernasconi,2026-05-07,North Edgbaston Ward,1996,True,Labour Party,https://www.birmingham.gov.uk/info/50385/election_2026_candidates/3235/north_edgbaston_ward_election_2026
4a9f2d65363d0391,"Pattison, Joshua",2026-05-07,North Edgbaston Ward,418,False,Reform UK,https://www.birmingham.gov.uk/info/50385/election_2026_candidates/3235/north_edgbaston_ward_election_2026
3474b970435b8553,Sarina Younas,2026-05-07,North Edgbaston Ward,1662,True,Labour Party,https://www.birmingham.gov.uk/info/50385/election_2026_candidates/3235/north_edgbaston_ward_election_2026
3f3438202e641073,"Wallin, Ralph Anthony",2026-05-07,North Edgbaston Ward,995,False,Green Party,https://www.birmingham.gov.uk/info/50385/election_2026_candidates/3235/north_edgbaston_ward_election_2026
da01d2e00ecc3b18,"Wright, Robert Ian",2026-05-07,North Edgbaston Ward,190,False,Liberal Democrats,https://www.birmingham.gov.uk/info/50385/election_2026_candidates/3235/north_edgbaston_ward_election_2026
00251c6bbb86c0b7,"Xavier, Francois",2026-05-07,North Edgbaston Ward,397,False,Independent,https://www.birmingham.gov.uk/info/50385/election_2026_candidates/3235/north_edgbaston_ward_election_2026
60f0cef88f2523a5,George Hall,2026-05-07,Northfield Ward,1317,False,Reform UK,https://www.birmingham.gov.uk/info/50385/election_2026_candidates/3236/northfield_ward_election_2026
99d8dd3598866ab7,"Knight, Graham",2026-05-07,Northfield Ward,702,False,Local Conservatives,https://www.birmingham.gov.uk/info/50385/election_2026_candidates/3236/northfield_ward_election_2026
bf4aaa1fc8838a87,"Moles, Andy",2026-05-07,Northfield Ward,211,False,Liberal Democrats,https://www.birmingham.gov.uk/info/50385/election_2026_candidates/3236/northfield_ward_election_2026
8cb92775713d66d6,"Neumann, Alfie",2026-05-07,Northfield Ward,499,False,Green Party,https://www.birmingham.gov.uk/info/50385/election_2026_candidates/3236/northfield_ward_election_2026
a6e909b0e63dea2e,"Rai, Esther",2026-05-07,Northfield Ward,964,False,Labour Party,https://www.birmingham.gov.uk/info/50385/election_2026_candidates/3236/northfield_ward_election_2026
3528cb6eb5ecc09a,"Barnett, Francis Liam",2026-05-07,Oscott Ward,703,False,Labour Party,https://www.birmingham.gov.uk/info/50385/election_2026_candidates/3237/oscott_ward_election_2026
29baa9687bb07aef,"Brookes, Jack Matthew",2026-05-07,Oscott Ward,126,False,Independent,https://www.birmingham.gov.uk/info/50385/election_2026_candidates/3237/oscott_ward_election_2026
3c030e8fcc9a9f2c,"Bunting, Joshua-John",2026-05-07,Oscott Ward,193,False,Liberal Democrats,https://www.birmingham.gov.uk/info/50385/election_2026_candidates/3237/oscott_ward_election_2026
e4c2a6e94e2e99cd,"Douglas, Eleanor Louise",2026-05-07,Oscott Ward,670,False,Labour Party,https://www.birmingham.gov.uk/info/50385/election_2026_candidates/3237/oscott_ward_election_2026
fe50e6e3e32bfc6e,"Dring, Barbara",2026-05-07,Oscott Ward,210,False,Independent,https://www.birmingham.gov.uk/info/50385/election_2026_candidates/3237/oscott_ward_election_2026
032280b702a0bbd9,Graham Green,2026-05-07,Oscott Ward,1945,True,Reform UK,https://www.birmingham.gov.uk/info/50385/election_2026_candidates/3237/oscott_ward_election_2026
0218b10e59176f5c,"Hall, Alex",2026-05-07,Oscott Ward,1319,False,Local Conservatives,https://www.birmingham.gov.uk/info/50385/election_2026_candidates/3237/oscott_ward_election_2026
d53e8c83eee18743,"Khan, Sajida",2026-05-07,Oscott Ward,103,False,Independent,https://www.birmingham.gov.uk/info/50385/election_2026_candidates/3237/oscott_ward_election_2026
0dbb63b9d764bc7b,"Knight, Ian",2026-05-07,Oscott Ward,623,False,Green Party,https://www.birmingham.gov.uk/info/50385/election_2026_candidates/3237/oscott_ward_election_2026
d6655aff8b32a1f7,Martin McAuley,2026-05-07,Oscott Ward,1803,True,Reform UK,https://www.birmingham.gov.uk/info/50385/election_2026_candidates/3237/oscott_ward_election_2026
5baf0875c88da81a,"Stevenson, Andrew",2026-05-07,Oscott Ward,515,False,Green Party,https://www.birmingham.gov.uk/info/50385/election_2026_candidates/3237/oscott_ward_election_2026
60a48a21e1dd7edf,"Warnaby, Nora",2026-05-07,Oscott Ward,153,False,Liberal Democrats,https://www.birmingham.gov.uk/info/50385/election_2026_candidates/3237/oscott_ward_election_2026
f98350728301fdbe,"Whitehouse, Charlotte",2026-05-07,Oscott Ward,1132,False,Local Conservatives,https://www.birmingham.gov.uk/info/50385/election_2026_candidates/3237/oscott_ward_election_2026
c1f372a0dea815a1,"Allen, David",2026-05-07,Perry Barr Ward,1070,False,Reform UK,https://www.birmingham.gov.uk/info/50385/election_2026_candidates/3238/perry_barr_ward_election_2026
428c7706cea04410,"Coffey, Janet",2026-05-07,Perry Barr Ward,352,False,Local Conservatives,https://www.birmingham.gov.uk/info/50385/election_2026_candidates/3238/perry_barr_ward_election_2026
dabc5fb1f5b5cbe9,"Foster, Joe",2026-05-07,Perry Barr Ward,44,False,Trade Unionist and Socialist Coalition,https://www.birmingham.gov.uk/info/50385/election_2026_candidates/3238/perry_barr_ward_election_2026
a9facd1497f955ae,"Hall, Elizabeth Ann",2026-05-07,Perry Barr Ward,310,False,Local Conservatives,https://www.birmingham.gov.uk/info/50385/election_2026_candidates/3238/perry_barr_ward_election_2026
323a2cfe9ba8e1d4,"Hammond, Jonathan",2026-05-07,Perry Barr Ward,732,False,Green Party,https://www.birmingham.gov.uk/info/50385/election_2026_candidates/3238/perry_barr_ward_election_2026
80539b959fc9f563,"Islam, Safiqul",2026-05-07,Perry Barr Ward,657,False,Independent,https://www.birmingham.gov.uk/info/50385/election_2026_candidates/3238/perry_barr_ward_election_2026
1a0b8b7041748942,James Hinton,2026-05-07,Perry Barr Ward,1643,True,Liberal Democrats,https://www.birmingham.gov.uk/info/50385/election_2026_candidates/3238/perry_barr_ward_election_2026
dfb48b2064ee4e66,"Khuhro, Mehran",2026-05-07,Perry Barr Ward,596,False,Labour Party,https://www.birmingham.gov.uk/info/50385/election_2026_candidates/3238/perry_barr_ward_election_2026
4516a976dd0ad343,"Mohammed, Hayyan",2026-05-07,Perry Barr Ward,639,False,Independent,https://www.birmingham.gov.uk/info/50385/election_2026_candidates/3238/perry_barr_ward_election_2026
aed313001844a0ca,Morriam Jan,2026-05-07,Perry Barr Ward,1720,True,Liberal Democrats,https://www.birmingham.gov.uk/info/50385/election_2026_candidates/3238/perry_barr_ward_election_2026
ee82f47884872783,"Porteous, Edward",2026-05-07,Perry Barr Ward,563,False,Green Party,https://www.birmingham.gov.uk/info/50385/election_2026_candidates/3238/perry_barr_ward_election_2026
9db1938f1b42dbeb,"Shaikh, Zarine",2026-05-07,Perry Barr Ward,569,False,Labour Party,https://www.birmingham.gov.uk/info/50385/election_2026_candidates/3238/perry_barr_ward_election_2026
e52174cdff102f73,"Wood, Barry Paul",2026-05-07,Perry Barr Ward,848,False,Reform UK,https://www.birmingham.gov.uk/info/50385/election_2026_candidates/3238/perry_barr_ward_election_2026
5f364b2d5031a011,"Bermingham, Jilly",2026-05-07,Perry Common Ward,487,False,Labour Party,https://www.birmingham.gov.uk/info/50385/election_2026_candidates/3239/perry_common_ward_election_2026
42b43ba4a76b3981,"Boyle, Stephanie",2026-05-07,Perry Common Ward,327,False,Green Party,https://www.birmingham.gov.uk/info/50385/election_2026_candidates/3239/perry_common_ward_election_2026
5f1e2bea7f551aa0,"Ghulam, Ahmed",2026-05-07,Perry Common Ward,213,False,Independent,https://www.birmingham.gov.uk/info/50385/election_2026_candidates/3239/perry_common_ward_election_2026
3d9958525080ae85,"Hill, Colin Edward",2026-05-07,Perry Common Ward,105,False,Liberal Democrats,https://www.birmingham.gov.uk/info/50385/election_2026_candidates/3239/perry_common_ward_election_2026
0069bdf3a1d15204,"Khan, Husham",2026-05-07,Perry Common Ward,261,False,Local Conservatives,https://www.birmingham.gov.uk/info/50385/election_2026_candidates/3239/perry_common_ward_election_2026
c5bf5430bbbd7f3e,"Willetts, Sue",2026-05-07,Perry Common Ward,1020,False,Reform UK,https://www.birmingham.gov.uk/info/50385/election_2026_candidates/3239/perry_common_ward_election_2026
13a624e0c17f7d91,"Allsop, Stephen Richard",2026-05-07,Pype Hayes Ward,157,False,Liberal Democrats,https://www.birmingham.gov.uk/info/50385/election_2026_candidates/3240/pype_hayes_ward_election_2026
e2578db22dca1fe7,Danny Carter,2026-05-07,Pype Hayes Ward,1073,False,Reform UK,https://www.birmingham.gov.uk/info/50385/election_2026_candidates/3240/pype_hayes_ward_election_2026
c313fba3f9e6c39f,"Khuhro, Fayaz",2026-05-07,Pype Hayes Ward,513,False,Labour Party,https://www.birmingham.gov.uk/info/50385/election_2026_candidates/3240/pype_hayes_ward_election_2026
39522e006ebe7b90,"Skidmore, Julian",2026-05-07,Pype Hayes Ward,309,False,Green Party,https://www.birmingham.gov.uk/info/50385/election_2026_candidates/3240/pype_hayes_ward_election_2026
fb055338247ed66c,"Tsouvallaris, Athena Christina",2026-05-07,Pype Hayes Ward,331,False,Local Conservatives,https://www.birmingham.gov.uk/info/50385/election_2026_candidates/3240/pype_hayes_ward_election_2026
97a2b7ee26f752d3,"Ul-Haq, Umar",2026-05-07,Pype Hayes Ward,64,False,Independent,https://www.birmingham.gov.uk/info/50385/election_2026_candidates/3240/pype_hayes_ward_election_2026
dc9bdee8a6a58bd5,"Anderson, Sue",2026-05-07,Quinton Ward,438,False,Liberal Democrats,https://www.birmingham.gov.uk/info/50385/election_2026_candidates/3241/quinton_ward_election_2026
4d316d9ef5c9fe49,"Bolton, James Liam Pennington",2026-05-07,Quinton Ward,1066,False,Green Party,https://www.birmingham.gov.uk/info/50385/election_2026_candidates/3241/quinton_ward_election_2026
3e12ef90adc9ba70,"Hardy, Gareth",2026-05-07,Quinton Ward,288,False,Liberal Democrats,https://www.birmingham.gov.uk/info/50385/election_2026_candidates/3241/quinton_ward_election_2026
eff334b9651a0801,"Hussain, Sohail",2026-05-07,Quinton Ward,1005,False,Labour and Co-operative Party,https://www.birmingham.gov.uk/info/50385/election_2026_candidates/3241/quinton_ward_election_2026
38c1cc0e029ddc5b,"Khadabadi, Nikhil",2026-05-07,Quinton Ward,783,False,Local Conservatives,https://www.birmingham.gov.uk/info/50385/election_2026_candidates/3241/quinton_ward_election_2026
a9188c7ae4c16409,"Khan, Asif",2026-05-07,Quinton Ward,909,False,Local Conservatives,https://www.birmingham.gov.uk/info/50385/election_2026_candidates/3241/quinton_ward_election_2026
ee3bfe0af6db1e9c,Nagu Penakacherla,2026-05-07,Quinton Ward,1416,True,Reform UK,https://www.birmingham.gov.uk/info/50385/election_2026_candidates/3241/quinton_ward_election_2026
1df08592aff597ef,Narinder Kaur Kooner OBE,2026-05-07,Quinton Ward,1202,False,Labour and Co-operative Party,https://www.birmingham.gov.uk/info/50385/election_2026_candidates/3241/quinton_ward_election_2026
ed199f894a938b68,"Robertson, James",2026-05-07,Quinton Ward,956,False,Green Party,https://www.birmingham.gov.uk/info/50385/election_2026_candidates/3241/quinton_ward_election_2026
e9bf418946e09a78,Sam Forsyth,2026-05-07,Quinton Ward,1736,True,Independent,https://www.birmingham.gov.uk/info/50385/election_2026_candidates/3241/quinton_ward_election_2026
12a3c3af5a204661,"Vikal, Sanjay Kumar",2026-05-07,Quinton Ward,1305,False,Reform UK,https://www.birmingham.gov.uk/info/50385/election_2026_candidates/3241/quinton_ward_election_2026
bbb593e45ff9a2fa,"Alton, Paul",2026-05-07,Rubery and Rednal Ward,119,False,Liberal Democrats,https://www.birmingham.gov.uk/info/50385/election_2026_candidates/3242/rubery_and_rednal_ward_election_2026
51caa964faf3ac50,"Delaney, Adrian Joseph",2026-05-07,Rubery and Rednal Ward,892,False,Local Conservatives,https://www.birmingham.gov.uk/info/50385/election_2026_candidates/3242/rubery_and_rednal_ward_election_2026
4faa5ae4e89f7e9e,"Haynes, Steve",2026-05-07,Rubery and Rednal Ward,271,False,Labour Party,https://www.birmingham.gov.uk/info/50385/election_2026_candidates/3242/rubery_and_rednal_ward_election_2026
cc2c968b4aec0071,Rebecca Waters,2026-05-07,Rubery and Rednal Ward,943,False,Reform UK,https://www.birmingham.gov.uk/info/50385/election_2026_candidates/3242/rubery_and_rednal_ward_election_2026
0ff3de3f1cb9b649,"Wassell, Billy John",2026-05-07,Rubery and Rednal Ward,333,False,Green Party,https://www.birmingham.gov.uk/info/50385/election_2026_candidates/3242/rubery_and_rednal_ward_election_2026
64e8717f89a92b3b,Alan Feeney,2026-05-07,Shard End Ward,1262,False,Reform UK,https://www.birmingham.gov.uk/info/50385/election_2026_candidates/3243/shard_end_ward_election_2026
d71d8fa3ceeee4cb,"Ballard, Harry",2026-05-07,Shard End Ward,321,False,Green Party,https://www.birmingham.gov.uk/info/50385/election_2026_candidates/3243/shard_end_ward_election_2026
bf5db5206a393933,"Barber, Christopher Francis",2026-05-07,Shard End Ward,103,False,Liberal Democrats,https://www.birmingham.gov.uk/info/50385/election_2026_candidates/3243/shard_end_ward_election_2026
4e16e741e93d1e1e,"Briggs, Tony",2026-05-07,Shard End Ward,155,False,Local Conservatives,https://www.birmingham.gov.uk/info/50385/election_2026_candidates/3243/shard_end_ward_election_2026
812d1b87202cb19e,"Smyth, Ginge",2026-05-07,Shard End Ward,132,False,Independent,https://www.birmingham.gov.uk/info/50385/election_2026_candidates/3243/shard_end_ward_election_2026
43cf005b16da0200,"Williams, Fiona",2026-05-07,Shard End Ward,488,False,Labour and Co-operative Party,https://www.birmingham.gov.uk/info/50385/election_2026_candidates/3243/shard_end_ward_election_2026
67a9661ca9d3fb53,"Ackroyd, Mark Stewart",2026-05-07,Sheldon Ward,313,False,Local Conservatives,https://www.birmingham.gov.uk/info/50385/election_2026_candidates/3244/sheldon_ward_election_2026
cb36fcae681894d7,"Ackroyd, Sara Jane",2026-05-07,Sheldon Ward,296,False,Local Conservatives,https://www.birmingham.gov.uk/info/50385/election_2026_candidates/3244/sheldon_ward_election_2026
ce6c63af40970ae1,"Aslam, Sikander",2026-05-07,Sheldon Ward,228,False,Workers Party,https://www.birmingham.gov.uk/info/50385/election_2026_candidates/3244/sheldon_ward_election_2026
605e1f9ab817898c,Darren Colling,2026-05-07,Sheldon Ward,2102,True,Reform UK,https://www.birmingham.gov.uk/info/50385/election_2026_candidates/3244/sheldon_ward_election_2026
6f5c5804799ee18e,"Dickson, Gerald David",2026-05-07,Sheldon Ward,414,False,Labour Party,https://www.birmingham.gov.uk/info/50385/election_2026_candidates/3244/sheldon_ward_election_2026
03a670382c1cb300,"Gopal, Meenatchi",2026-05-07,Sheldon Ward,321,False,Labour Party,https://www.birmingham.gov.uk/info/50385/election_2026_candidates/3244/sheldon_ward_election_2026
7eedbb9bac89af67,"Green, Colin Francis",2026-05-07,Sheldon Ward,1595,False,Liberal Democrats,https://www.birmingham.gov.uk/info/50385/election_2026_candidates/3244/sheldon_ward_election_2026
d885b148de3ddd18,"Khattak, Haroon Ahmed",2026-05-07,Sheldon Ward,235,False,Workers Party,https://www.birmingham.gov.uk/info/50385/election_2026_candidates/3244/sheldon_ward_election_2026
df58673b9de5fa0e,"Meatcher, Mark Richard",2026-05-07,Sheldon Ward,492,False,Green Party,https://www.birmingham.gov.uk/info/50385/election_2026_candidates/3244/sheldon_ward_election_2026
96c969aa24b0b1dd,Rachel Conaghan,2026-05-07,Sheldon Ward,2006,True,Reform UK,https://www.birmingham.gov.uk/info/50385/election_2026_candidates/3244/sheldon_ward_election_2026
62c25f0a7d42a2c8,"Smith, Melanie Jane",2026-05-07,Sheldon Ward,482,False,Green Party,https://www.birmingham.gov.uk/info/50385/election_2026_candidates/3244/sheldon_ward_election_2026
c0bee63ec5589ae2,"Tilsley, Paul Calvin",2026-05-07,Sheldon Ward,1719,False,Liberal Democrats,https://www.birmingham.gov.uk/info/50385/election_2026_candidates/3244/sheldon_ward_election_2026
c1d7eb896a1a9a2a,"Ahmed, Shanaz",2026-05-07,Small Heath Ward,1047,False,Labour Party,https://www.birmingham.gov.uk/info/50385/election_2026_candidates/3245/small_heath_ward_election_2026
618f9b6199f67b85,"Al-Athwari, Ahmed",2026-05-07,Small Heath Ward,372,False,Workers Party,https://www.birmingham.gov.uk/info/50385/election_2026_candidates/3245/small_heath_ward_election_2026
d6bf55685f82be56,"Ali, Amaan Hader",2026-05-07,Small Heath Ward,882,False,Labour Party,https://www.birmingham.gov.uk/info/50385/election_2026_candidates/3245/small_heath_ward_election_2026
2022d58913056054,"Choudhury, Hayaan Bin Sultan",2026-05-07,Small Heath Ward,604,False,Green Party,https://www.birmingham.gov.uk/info/50385/election_2026_candidates/3245/small_heath_ward_election_2026
e36d5af613fd8064,"Cope, Sally Jane",2026-05-07,Small Heath Ward,135,False,Reform UK,https://www.birmingham.gov.uk/info/50385/election_2026_candidates/3245/small_heath_ward_election_2026
5194e4edd256ea2a,"Dhalivaal, Makham Singh",2026-05-07,Small Heath Ward,59,False,Local Conservatives,https://www.birmingham.gov.uk/info/50385/election_2026_candidates/3245/small_heath_ward_election_2026
bf82a4e0479c8703,"Hanif, Kash",2026-05-07,Small Heath Ward,551,False,Green Party,https://www.birmingham.gov.uk/info/50385/election_2026_candidates/3245/small_heath_ward_election_2026
cfe51d34b417bcfe,"Hussain, Altaf",2026-05-07,Small Heath Ward,254,False,Independent,https://www.birmingham.gov.uk/info/50385/election_2026_candidates/3245/small_heath_ward_election_2026
63e16e5349e1b353,"Hussain, Shafaq",2026-05-07,Small Heath Ward,1274,False,Your Party,https://www.birmingham.gov.uk/info/50385/election_2026_candidates/3245/small_heath_ward_election_2026
9223013f81e30e18,"Kabir, Obaydul",2026-05-07,Small Heath Ward,1047,False,Your Party,https://www.birmingham.gov.uk/info/50385/election_2026_candidates/3245/small_heath_ward_election_2026
0eb2be549b45728b,"Khanna, Amit",2026-05-07,Small Heath Ward,63,False,Local Conservatives,https://www.birmingham.gov.uk/info/50385/election_2026_candidates/3245/small_heath_ward_election_2026
78c507e13cbf2546,Mohammed Saeed,2026-05-07,Small Heath Ward,1305,True,Liberal Democrats,https://www.birmingham.gov.uk/info/50385/election_2026_candidates/3245/small_heath_ward_election_2026
795e8d6d311c3d6e,Shaukat Ali Khan,2026-05-07,Small Heath Ward,1545,True,Liberal Democrats,https://www.birmingham.gov.uk/info/50385/election_2026_candidates/3245/small_heath_ward_election_2026
95971b25aa10a63a,"Talukdar, Rehab",2026-05-07,Small Heath Ward,330,False,Workers Party,https://www.birmingham.gov.uk/info/50385/election_2026_candidates/3245/small_heath_ward_election_2026
f2766a5200e1bd21,"Vocari, Amelia",2026-05-07,Small Heath Ward,95,False,Reform UK,https://www.birmingham.gov.uk/info/50385/election_2026_candidates/3245/small_heath_ward_election_2026
5ee2868100ad2cd6,"Barker, Nigel Frederick",2026-05-07,Soho and Jewellery Quarter Ward,473,False,Reform UK,https://www.birmingham.gov.uk/info/50385/election_2026_candidates/3246/soho_and_jewellery_quarter_ward_election_2026
4de9e971926e7c23,"Bhatti, Abbas",2026-05-07,Soho and Jewellery Quarter Ward,1430,False,Green Party,https://www.birmingham.gov.uk/info/50385/election_2026_candidates/3246/soho_and_jewellery_quarter_ward_election_2026
adc2d9868a994601,"Cremer, Katt",2026-05-07,Soho and Jewellery Quarter Ward,437,False,Workers Party,https://www.birmingham.gov.uk/info/50385/election_2026_candidates/3246/soho_and_jewellery_quarter_ward_election_2026
f8ba95b044a59a2c,"Macefield, John Dell",2026-05-07,Soho and Jewellery Quarter Ward,1341,False,Green Party,https://www.birmingham.gov.uk/info/50385/election_2026_candidates/3246/soho_and_jewellery_quarter_ward_election_2026
99ad8314ba40b65a,"Mendez, Violaine",2026-05-07,Soho and Jewellery Quarter Ward,239,False,Liberal Democrats,https://www.birmingham.gov.uk/info/50385/election_2026_candidates/3246/soho_and_jewellery_quarter_ward_election_2026
68048fcc63e79dc3,"Panton, Patricia Beverley",2026-05-07,Soho and Jewellery Quarter Ward,322,False,Local Conservatives,https://www.birmingham.gov.uk/info/50385/election_2026_candidates/3246/soho_and_jewellery_quarter_ward_election_2026
4a68ccac62465e4a,"Perrott, James",2026-05-07,Soho and Jewellery Quarter Ward,220,False,Liberal Democrats,https://www.birmingham.gov.uk/info/50385/election_2026_candidates/3246/soho_and_jewellery_quarter_ward_election_2026
dce2e594d3e58f3b,"Poshakwale, Sunil",2026-05-07,Soho and Jewellery Quarter Ward,268,False,Local Conservatives,https://www.birmingham.gov.uk/info/50385/election_2026_candidates/3246/soho_and_jewellery_quarter_ward_election_2026
626b10041097a240,Shuranjeet Singh,2026-05-07,Soho and Jewellery Quarter Ward,1652,True,Labour Party,https://www.birmingham.gov.uk/info/50385/election_2026_candidates/3246/soho_and_jewellery_quarter_ward_election_2026
761544664f49ba6d,Su Brooks,2026-05-07,Soho and Jewellery Quarter Ward,1548,True,Labour Party,https://www.birmingham.gov.uk/info/50385/election_2026_candidates/3246/soho_and_jewellery_quarter_ward_election_2026
51b5dde276111176,"Walker-Rhoden, Nicola Kedeisha",2026-05-07,Soho and Jewellery Quarter Ward,389,False,Reform UK,https://www.birmingham.gov.uk/info/50385/election_2026_candidates/3246/soho_and_jewellery_quarter_ward_election_2026
9c02dfcd49effac0,"Yousaf, Omar",2026-05-07,Soho and Jewellery Quarter Ward,579,False,Workers Party,https://www.birmingham.gov.uk/info/50385/election_2026_candidates/3246/soho_and_jewellery_quarter_ward_election_2026
2e5408e856bbf953,"Al-Haq, Aysan",2026-05-07,South Yardley Ward,769,False,Reform UK,https://www.birmingham.gov.uk/info/50385/election_2026_candidates/3247/south_yardley_ward_election_2026
d0ca44ba6fa31be0,"Guest, Martin John",2026-05-07,South Yardley Ward,329,False,Green Party,https://www.birmingham.gov.uk/info/50385/election_2026_candidates/3247/south_yardley_ward_election_2026
461604be47d1c5f9,"Khan, Anya",2026-05-07,South Yardley Ward,95,False,Local Conservatives,https://www.birmingham.gov.uk/info/50385/election_2026_candidates/3247/south_yardley_ward_election_2026
e7b04b102d543bb6,"Lyew, Gordon",2026-05-07,South Yardley Ward,192,False,Labour Party,https://www.birmingham.gov.uk/info/50385/election_2026_candidates/3247/south_yardley_ward_election_2026
5d53a95d91474222,"Zahir, Aheesha",2026-05-07,South Yardley Ward,53,False,Workers Party,https://www.birmingham.gov.uk/info/50385/election_2026_candidates/3247/south_yardley_ward_election_2026
8179ac58da309b54,Zaker Choudhry,2026-05-07,South Yardley Ward,1382,False,Liberal Democrats,https://www.birmingham.gov.uk/info/50385/election_2026_candidates/3247/south_yardley_ward_election_2026
34243f456ed7a1b3,"Abu, Nowshed",2026-05-07,Sparkbrook and Balsall Heath East Ward,643,False,Your Party,https://www.birmingham.gov.uk/info/50385/election_2026_candidates/3248/sparkbrook_and_balsall_heath_east_ward_election_2026
02c37b858f10bbed,"Ahmed, Saima",2026-05-07,Sparkbrook and Balsall Heath East Ward,1040,False,Labour Party,https://www.birmingham.gov.uk/info/50385/election_2026_candidates/3248/sparkbrook_and_balsall_heath_east_ward_election_2026
3913f7301f66bac8,"Evans, Jerry",2026-05-07,Sparkbrook and Balsall Heath East Ward,509,False,Liberal Democrats,https://www.birmingham.gov.uk/info/50385/election_2026_candidates/3248/sparkbrook_and_balsall_heath_east_ward_election_2026
91b639043a4dcfe7,"Hanif, Khalid",2026-05-07,Sparkbrook and Balsall Heath East Ward,900,False,Labour Party,https://www.birmingham.gov.uk/info/50385/election_2026_candidates/3248/sparkbrook_and_balsall_heath_east_ward_election_2026
fc20e42ee0b404dd,"Hashmi, Shahid",2026-05-07,Sparkbrook and Balsall Heath East Ward,469,False,Your Party,https://www.birmingham.gov.uk/info/50385/election_2026_candidates/3248/sparkbrook_and_balsall_heath_east_ward_election_2026
2cefec0fea38708f,"Hindley, Jo",2026-05-07,Sparkbrook and Balsall Heath East Ward,1180,False,Green Party,https://www.birmingham.gov.uk/info/50385/election_2026_candidates/3248/sparkbrook_and_balsall_heath_east_ward_election_2026
d16736db11823a69,"Hussain, Parwez",2026-05-07,Sparkbrook and Balsall Heath East Ward,345,False,Liberal Democrats,https://www.birmingham.gov.uk/info/50385/election_2026_candidates/3248/sparkbrook_and_balsall_heath_east_ward_election_2026
099e9e792fef2214,Jamil Khan,2026-05-07,Sparkbrook and Balsall Heath East Ward,1945,True,Independent,https://www.birmingham.gov.uk/info/50385/election_2026_candidates/3248/sparkbrook_and_balsall_heath_east_ward_election_2026
8dfaed1b7bae20e5,"Peters, Nathaneal James",2026-05-07,Sparkbrook and Balsall Heath East Ward,105,False,Local Conservatives,https://www.birmingham.gov.uk/info/50385/election_2026_candidates/3248/sparkbrook_and_balsall_heath_east_ward_election_2026
8bc39eabbf0f2bbd,Raihaan Abbas,2026-05-07,Sparkbrook and Balsall Heath East Ward,1622,True,Independent,https://www.birmingham.gov.uk/info/50385/election_2026_candidates/3248/sparkbrook_and_balsall_heath_east_ward_election_2026
4b77bae4fa194535,"Rind, Faizan",2026-05-07,Sparkbrook and Balsall Heath East Ward,1040,False,Green Party,https://www.birmingham.gov.uk/info/50385/election_2026_candidates/3248/sparkbrook_and_balsall_heath_east_ward_election_2026
ad016e927e5d0f69,"Sant'Agostino, Gloria",2026-05-07,Sparkbrook and Balsall Heath East Ward,150,False,Reform UK,https://www.birmingham.gov.uk/info/50385/election_2026_candidates/3248/sparkbrook_and_balsall_heath_east_ward_election_2026
fde16021ffefdf7c,"Waldron, Nigel Paul",2026-05-07,Sparkbrook and Balsall Heath East Ward,64,False,Local Conservatives,https://www.birmingham.gov.uk/info/50385/election_2026_candidates/3248/sparkbrook_and_balsall_heath_east_ward_election_2026
714ebc87b72e9603,"Willetts, Ryan Kevin Louis",2026-05-07,Sparkbrook and Balsall Heath East Ward,120,False,Reform UK,https://www.birmingham.gov.uk/info/50385/election_2026_candidates/3248/sparkbrook_and_balsall_heath_east_ward_election_2026
c71447d357e721ec,"Abdulhaq, Hiyam",2026-05-07,Sparkhill Ward,224,False,Independent,https://www.birmingham.gov.uk/info/50385/election_2026_candidates/3249/sparkhill_ward_election_2026
513a766a69d9f7a7,"Aftab, Safina Parveen",2026-05-07,Sparkhill Ward,1164,False,Green Party,https://www.birmingham.gov.uk/info/50385/election_2026_candidates/3249/sparkhill_ward_election_2026
47fd3da32af07e98,Bushra Bi,2026-05-07,Sparkhill Ward,1480,True,Labour Party,https://www.birmingham.gov.uk/info/50385/election_2026_candidates/3249/sparkhill_ward_election_2026
6a1707784b8898cb,"Butt, Shahid",2026-05-07,Sparkhill Ward,453,False,Independent,https://www.birmingham.gov.uk/info/50385/election_2026_candidates/3249/sparkhill_ward_election_2026
5fd65531d753ffb3,"Choudhry, Tanveer",2026-05-07,Sparkhill Ward,867,False,Liberal Democrats,https://www.birmingham.gov.uk/info/50385/election_2026_candidates/3249/sparkhill_ward_election_2026
63ded36ceb9e9fa7,"Hussain, Tassawar",2026-05-07,Sparkhill Ward,679,False,Liberal Democrats,https://www.birmingham.gov.uk/info/50385/election_2026_candidates/3249/sparkhill_ward_election_2026
d3872c5b4794e4a4,"Mirza, Adam",2026-05-07,Sparkhill Ward,325,False,Independent,https://www.birmingham.gov.uk/info/50385/election_2026_candidates/3249/sparkhill_ward_election_2026
62815445776f177a,"Naseem, Sal",2026-05-07,Sparkhill Ward,975,False,Green Party,https://www.birmingham.gov.uk/info/50385/election_2026_candidates/3249/sparkhill_ward_election_2026
f480bff7e17334a3,"O'Shea, Michael Lee",2026-05-07,Sparkhill Ward,129,False,Reform UK,https://www.birmingham.gov.uk/info/50385/election_2026_candidates/3249/sparkhill_ward_election_2026
a8cf996c05dde1d4,Rashad Mahmood,2026-05-07,Sparkhill Ward,1865,True,Labour Party,https://www.birmingham.gov.uk/info/50385/election_2026_candidates/3249/sparkhill_ward_election_2026
107e8638bf0ed43b,"Smith, Andrew",2026-05-07,Sparkhill Ward,134,False,Reform UK,https://www.birmingham.gov.uk/info/50385/election_2026_candidates/3249/sparkhill_ward_election_2026
80257a4484337ffd,"Walcott, Degigha",2026-05-07,Sparkhill Ward,107,False,Local Conservatives,https://www.birmingham.gov.uk/info/50385/election_2026_candidates/3249/sparkhill_ward_election_2026
6d8f865c44a22589,"Walcott-Merry-Rose, Jennifer",2026-05-07,Sparkhill Ward,114,False,Local Conservatives,https://www.birmingham.gov.uk/info/50385/election_2026_candidates/3249/sparkhill_ward_election_2026
8e4ba3e35e608b8d,"Banting, Philip Andrew",2026-05-07,Stirchley Ward,157,False,Liberal Democrats,https://www.birmingham.gov.uk/info/50385/election_2026_candidates/3250/stirchley_ward_election_2026
035edc29da4ef0c0,"Bishop, Ian William Derek",2026-05-07,Stirchley Ward,600,False,Reform UK,https://www.birmingham.gov.uk/info/50385/election_2026_candidates/3250/stirchley_ward_election_2026
5d72e9bcadb1221d,"Dooley, James William Edward",2026-05-07,Stirchley Ward,193,False,Local Conservatives,https://www.birmingham.gov.uk/info/50385/election_2026_candidates/3250/stirchley_ward_election_2026
d409a338dc2191d5,Kamel Hawwash,2026-05-07,Stirchley Ward,1444,False,Green Party,https://www.birmingham.gov.uk/info/50385/election_2026_candidates/3250/stirchley_ward_election_2026
7dd884c1540296fa,"Locke, Mary",2026-05-07,Stirchley Ward,1274,False,Labour and Co-operative Party,https://www.birmingham.gov.uk/info/50385/election_2026_candidates/3250/stirchley_ward_election_2026
2f314d3fe8a626b7,Amar Khan,2026-05-07,Stockland Green Ward,1226,True,Independent,https://www.birmingham.gov.uk/info/50385/election_2026_candidates/3251/stockland_green_ward_election_2026
97a9d786fa3e152a,"Compton, Gareth Francis Thomas",2026-05-07,Stockland Green Ward,334,False,Local Conservatives,https://www.birmingham.gov.uk/info/50385/election_2026_candidates/3251/stockland_green_ward_election_2026
22f0ee8d5f4e4b18,"Douglas, Derek",2026-05-07,Stockland Green Ward,1022,False,Labour Party,https://www.birmingham.gov.uk/info/50385/election_2026_candidates/3251/stockland_green_ward_election_2026
c42b8413b2fc4a05,"Enahoro, Steven",2026-05-07,Stockland Green Ward,185,False,Liberal Democrats,https://www.birmingham.gov.uk/info/50385/election_2026_candidates/3251/stockland_green_ward_election_2026
8f4cacea703b6e29,"Hemus, Richard James",2026-05-07,Stockland Green Ward,155,False,Liberal Democrats,https://www.birmingham.gov.uk/info/50385/election_2026_candidates/3251/stockland_green_ward_election_2026
b84732bf5092bfe1,"Hussain, Shabrana",2026-05-07,Stockland Green Ward,945,False,Labour Party,https://www.birmingham.gov.uk/info/50385/election_2026_candidates/3251/stockland_green_ward_election_2026
f2dda3c1cf6249ff,"Jones, Jane Esther",2026-05-07,Stockland Green Ward,906,False,Independent,https://www.birmingham.gov.uk/info/50385/election_2026_candidates/3251/stockland_green_ward_election_2026
447d8290805b9f4c,Manni Butt,2026-05-07,Stockland Green Ward,1023,True,Reform UK,https://www.birmingham.gov.uk/info/50385/election_2026_candidates/3251/stockland_green_ward_election_2026
cff8a7b0e023fbf0,"Murphy, Stella",2026-05-07,Stockland Green Ward,337,False,Local Conservatives,https://www.birmingham.gov.uk/info/50385/election_2026_candidates/3251/stockland_green_ward_election_2026
efa5a00c13839be7,"Perryman, Pete",2026-05-07,Stockland Green Ward,989,False,Reform UK,https://www.birmingham.gov.uk/info/50385/election_2026_candidates/3251/stockland_green_ward_election_2026
84a6de8dacda245d,"Richards, Sam",2026-05-07,Stockland Green Ward,202,False,Independent,https://www.birmingham.gov.uk/info/50385/election_2026_candidates/3251/stockland_green_ward_election_2026
9c5264c7b0ad353d,"Roberts, Bryn Lee",2026-05-07,Stockland Green Ward,728,False,Green Party,https://www.birmingham.gov.uk/info/50385/election_2026_candidates/3251/stockland_green_ward_election_2026
7fb248315581d7b3,"Webster, Alastair David",2026-05-07,Stockland Green Ward,556,False,Green Party,https://www.birmingham.gov.uk/info/50385/election_2026_candidates/3251/stockland_green_ward_election_2026
8a66678054ec316b,"Woodley, Ted",2026-05-07,Stockland Green Ward,49,False,Trade Unionist and Socialist Coalition,https://www.birmingham.gov.uk/info/50385/election_2026_candidates/3251/stockland_green_ward_election_2026
cd423579a280ac58,"Dewsbery, Jan",2026-05-07,Sutton Four Oaks Ward,260,False,Labour Party,https://www.birmingham.gov.uk/info/50385/election_2026_candidates/3252/sutton_four_oaks_ward_election_2026
acf35abb3f8b4ef0,"Graham, Alex",2026-05-07,Sutton Four Oaks Ward,325,False,Green Party,https://www.birmingham.gov.uk/info/50385/election_2026_candidates/3252/sutton_four_oaks_ward_election_2026
3dc0cdc107a37b65,"Kaur, Kay",2026-05-07,Sutton Four Oaks Ward,827,False,Reform UK,https://www.birmingham.gov.uk/info/50385/election_2026_candidates/3252/sutton_four_oaks_ward_election_2026
88b68c0d916e215e,Raaj Shamji,2026-05-07,Sutton Four Oaks Ward,2193,False,Local Conservatives,https://www.birmingham.gov.uk/info/50385/election_2026_candidates/3252/sutton_four_oaks_ward_election_2026
9cd3a54607e87a06,"Willett, David Michael",2026-05-07,Sutton Four Oaks Ward,166,False,Liberal Democrats,https://www.birmingham.gov.uk/info/50385/election_2026_candidates/3252/sutton_four_oaks_ward_election_2026
679fdca1f97680df,"Frater, Kerry",2026-05-07,Sutton Mere Green Ward,406,False,Liberal Democrats,https://www.birmingham.gov.uk/info/50385/election_2026_candidates/3253/sutton_mere_green_ward_election_2026
98193bd0ead7f4cb,"Marriott, Colin Leslie Fredric",2026-05-07,Sutton Mere Green Ward,410,False,Green Party,https://www.birmingham.gov.uk/info/50385/election_2026_candidates/3253/sutton_mere_green_ward_election_2026
68d5ae61290e277c,"McDonald, Simon",2026-05-07,Sutton Mere Green Ward,238,False,Labour Party,https://www.birmingham.gov.uk/info/50385/election_2026_candidates/3253/sutton_mere_green_ward_election_2026
7c0f87203f7d8201,Meirion Jenkins,2026-05-07,Sutton Mere Green Ward,1809,False,Local Conservatives,https://www.birmingham.gov.uk/info/50385/election_2026_candidates/3253/sutton_mere_green_ward_election_2026
35b6d50a01b0392c,"Myers, Sarah Elizabeth",2026-05-07,Sutton Mere Green Ward,1068,False,Reform UK,https://www.birmingham.gov.uk/info/50385/election_2026_candidates/3253/sutton_mere_green_ward_election_2026
5bfc73a591c441b9,"Godwin, Benjamin",2026-05-07,Sutton Reddicap Ward,136,False,Liberal Democrats,https://www.birmingham.gov.uk/info/50385/election_2026_candidates/3254/sutton_reddicap_ward_election_2026
bf37f9c44bd95033,Jex Parkin,2026-05-07,Sutton Reddicap Ward,1618,False,Local Conservatives,https://www.birmingham.gov.uk/info/50385/election_2026_candidates/3254/sutton_reddicap_ward_election_2026
dcdbefc9d8c9453d,"Kelly, James",2026-05-07,Sutton Reddicap Ward,798,False,Reform UK,https://www.birmingham.gov.uk/info/50385/election_2026_candidates/3254/sutton_reddicap_ward_election_2026
ef6a33dce497414b,"Lane, Jane",2026-05-07,Sutton Reddicap Ward,231,False,Labour Party,https://www.birmingham.gov.uk/info/50385/election_2026_candidates/3254/sutton_reddicap_ward_election_2026
1dfaa675ccafe676,"Painter, Richard",2026-05-07,Sutton Reddicap Ward,279,False,Green Party,https://www.birmingham.gov.uk/info/50385/election_2026_candidates/3254/sutton_reddicap_ward_election_2026
3a48081de295bc2e,"Barley, Roger",2026-05-07,Sutton Roughley Ward,446,False,Labour Party,https://www.birmingham.gov.uk/info/50385/election_2026_candidates/3255/sutton_roughley_ward_election_2026
0be2b4efe91b0242,"Cotterill, Timothy James",2026-05-07,Sutton Roughley Ward,222,False,Liberal Democrats,https://www.birmingham.gov.uk/info/50385/election_2026_candidates/3255/sutton_roughley_ward_election_2026
8af87474d01c50f3,Harry Parmar,2026-05-07,Sutton Roughley Ward,1657,False,Local Conservatives,https://www.birmingham.gov.uk/info/50385/election_2026_candidates/3255/sutton_roughley_ward_election_2026
90263062f4041c72,"Hunt, Michael",2026-05-07,Sutton Roughley Ward,1361,False,Reform UK,https://www.birmingham.gov.uk/info/50385/election_2026_candidates/3255/sutton_roughley_ward_election_2026
02933c75ff7b2cd2,"Passingham, Esther Caroline",2026-05-07,Sutton Roughley Ward,418,False,Green Party,https://www.birmingham.gov.uk/info/50385/election_2026_candidates/3255/sutton_roughley_ward_election_2026
f7be5491f25dc8fc,"Auton, Ben",2026-05-07,Sutton Trinity Ward,1102,False,Green Party,https://www.birmingham.gov.uk/info/50385/election_2026_candidates/3256/sutton_trinity_ward_election_2026
320d200791b6e72e,"Blenkinsop, Joe",2026-05-07,Sutton Trinity Ward,291,False,Labour Party,https://www.birmingham.gov.uk/info/50385/election_2026_candidates/3256/sutton_trinity_ward_election_2026
d42709ea64998f9c,David Pears,2026-05-07,Sutton Trinity Ward,1357,False,Local Conservatives,https://www.birmingham.gov.uk/info/50385/election_2026_candidates/3256/sutton_trinity_ward_election_2026
907d402b0ba0743d,"Gardiner, Paul Maxwell",2026-05-07,Sutton Trinity Ward,856,False,Reform UK,https://www.birmingham.gov.uk/info/50385/election_2026_candidates/3256/sutton_trinity_ward_election_2026
5c120813f832c02f,"Wilber, Regine",2026-05-07,Sutton Trinity Ward,106,False,Liberal Democrats,https://www.birmingham.gov.uk/info/50385/election_2026_candidates/3256/sutton_trinity_ward_election_2026
3d047270f8a00c36,Anja Pawson,2026-05-07,Sutton Vesey Ward,2394,True,Local Conservatives,https://www.birmingham.gov.uk/info/50385/election_2026_candidates/3257/sutton_vesey_ward_election_2026
4f606d303fe47f18,"Fieldhouse, Charlotte Julia",2026-05-07,Sutton Vesey Ward,1753,False,Labour Party,https://www.birmingham.gov.uk/info/50385/election_2026_candidates/3257/sutton_vesey_ward_election_2026
d9f870775886f3e9,"Hall, Gary",2026-05-07,Sutton Vesey Ward,1974,False,Reform UK,https://www.birmingham.gov.uk/info/50385/election_2026_candidates/3257/sutton_vesey_ward_election_2026
cb8e5c7b101b2272,"Holden, Kirsty",2026-05-07,Sutton Vesey Ward,1945,False,Reform UK,https://www.birmingham.gov.uk/info/50385/election_2026_candidates/3257/sutton_vesey_ward_election_2026
ab6beb6c597ed8ee,John Cooper,2026-05-07,Sutton Vesey Ward,2414,True,Local Conservatives,https://www.birmingham.gov.uk/info/50385/election_2026_candidates/3257/sutton_vesey_ward_election_2026
6e4c2440ccb5d7e8,"Morgner, Liron Alethea Thomas",2026-05-07,Sutton Vesey Ward,756,False,Green Party,https://www.birmingham.gov.uk/info/50385/election_2026_candidates/3257/sutton_vesey_ward_election_2026
7fa44f64bf8018b5,"Pocock, Rob",2026-05-07,Sutton Vesey Ward,2224,False,Labour Party,https://www.birmingham.gov.uk/info/50385/election_2026_candidates/3257/sutton_vesey_ward_election_2026
93d58d1f1c04af3b,"Stephens, Ross Douglas",2026-05-07,Sutton Vesey Ward,751,False,Green Party,https://www.birmingham.gov.uk/info/50385/election_2026_candidates/3257/sutton_vesey_ward_election_2026
e9ed5bf8ab2d2897,"Wilber, Steven",2026-05-07,Sutton Vesey Ward,201,False,Liberal Democrats,https://www.birmingham.gov.uk/info/50385/election_2026_candidates/3257/sutton_vesey_ward_election_2026
99cc987eac634fd0,"Wilkinson, Jenny",2026-05-07,Sutton Vesey Ward,272,False,Liberal Democrats,https://www.birmingham.gov.uk/info/50385/election_2026_candidates/3257/sutton_vesey_ward_election_2026
922ea744268dabb3,"Cooke, David",2026-05-07,Sutton Walmley and Minworth Ward,335,False,Liberal Democrats,https://www.birmingham.gov.uk/info/50385/election_2026_candidates/3258/sutton_walmley_and_minworth_ward_election_2026
4a73bd73f6a2e74f,"Haycock, Adam",2026-05-07,Sutton Walmley and Minworth Ward,532,False,Green Party,https://www.birmingham.gov.uk/info/50385/election_2026_candidates/3258/sutton_walmley_and_minworth_ward_election_2026
701ccf0b9b312ae9,"Holton, Claire",2026-05-07,Sutton Walmley and Minworth Ward,2175,False,Reform UK,https://www.birmingham.gov.uk/info/50385/election_2026_candidates/3258/sutton_walmley_and_minworth_ward_election_2026
bd86604cf6cfae01,"Ibrahim, Ehsan",2026-05-07,Sutton Walmley and Minworth Ward,362,False,Labour Party,https://www.birmingham.gov.uk/info/50385/election_2026_candidates/3258/sutton_walmley_and_minworth_ward_election_2026
812ad25160b17e1b,John Perks,2026-05-07,Sutton Walmley and Minworth Ward,2540,True,Local Conservatives,https://www.birmingham.gov.uk/info/50385/election_2026_candidates/3258/sutton_walmley_and_minworth_ward_election_2026
fecc48b84224e02c,Ken Wood,2026-05-07,Sutton Walmley and Minworth Ward,2246,True,Local Conservatives,https://www.birmingham.gov.uk/info/50385/election_2026_candidates/3258/sutton_walmley_and_minworth_ward_election_2026
6ec3587cfa898ff6,"Lewis, Mark Andrew",2026-05-07,Sutton Walmley and Minworth Ward,245,False,Liberal Democrats,https://www.birmingham.gov.uk/info/50385/election_2026_candidates/3258/sutton_walmley_and_minworth_ward_election_2026
c21669403f2c1c43,"Puri, Manish Kumar",2026-05-07,Sutton Walmley and Minworth Ward,407,False,Labour Party,https://www.birmingham.gov.uk/info/50385/election_2026_candidates/3258/sutton_walmley_and_minworth_ward_election_2026
dc669a1f278b4496,"Spargo, Jacqueline Patricia",2026-05-07,Sutton Walmley and Minworth Ward,533,False,Green Party,https://www.birmingham.gov.uk/info/50385/election_2026_candidates/3258/sutton_walmley_and_minworth_ward_election_2026
268ca0944644ac04,"White, James Edward",2026-05-07,Sutton Walmley and Minworth Ward,1981,False,Reform UK,https://www.birmingham.gov.uk/info/50385/election_2026_candidates/3258/sutton_walmley_and_minworth_ward_election_2026
a3beeb3c6a10648a,Alex Yip,2026-05-07,Sutton Wylde Green Ward,1981,False,Local Conservatives,https://www.birmingham.gov.uk/info/50385/election_2026_candidates/3259/sutton_wylde_green_ward_election_2026
59f432e3f1fe3d9b,"Challenor, Zoe Rachel",2026-05-07,Sutton Wylde Green Ward,452,False,Green Party,https://www.birmingham.gov.uk/info/50385/election_2026_candidates/3259/sutton_wylde_green_ward_election_2026
37ac58c2f9e8c7ba,"Chapman, Jon",2026-05-07,Sutton Wylde Green Ward,771,False,Reform UK,https://www.birmingham.gov.uk/info/50385/election_2026_candidates/3259/sutton_wylde_green_ward_election_2026
a11620550e05120b,"Irfan, Adeen",2026-05-07,Sutton Wylde Green Ward,397,False,Labour Party,https://www.birmingham.gov.uk/info/50385/election_2026_candidates/3259/sutton_wylde_green_ward_election_2026
fabb10ba381ea5c8,"Spencer, Malcolm",2026-05-07,Sutton Wylde Green Ward,181,False,Liberal Democrats,https://www.birmingham.gov.uk/info/50385/election_2026_candidates/3259/sutton_wylde_green_ward_election_2026
29a70a5536b226f0,Atikur Rahman,2026-05-07,Tyseley and Hay Mills Ward,550,False,Green Party,https://www.birmingham.gov.uk/info/50385/election_2026_candidates/3260/tyseley_and_hay_mills_ward_election_2026
639ed5c3352010e5,"Garrett, Ian Anthony George",2026-05-07,Tyseley and Hay Mills Ward,463,False,Liberal Democrats,https://www.birmingham.gov.uk/info/50385/election_2026_candidates/3260/tyseley_and_hay_mills_ward_election_2026
eb7bf00423a35e09,"Howard, John Martin",2026-05-07,Tyseley and Hay Mills Ward,432,False,Reform UK,https://www.birmingham.gov.uk/info/50385/election_2026_candidates/3260/tyseley_and_hay_mills_ward_election_2026
e89ae4da88da15fd,"Iqbal, Zafar",2026-05-07,Tyseley and Hay Mills Ward,303,False,Local Conservatives,https://www.birmingham.gov.uk/info/50385/election_2026_candidates/3260/tyseley_and_hay_mills_ward_election_2026
03e9571506064dbf,"John, Yvette Roselyn",2026-05-07,Tyseley and Hay Mills Ward,463,False,Labour Party,https://www.birmingham.gov.uk/info/50385/election_2026_candidates/3260/tyseley_and_hay_mills_ward_election_2026
6358bb67a345d9fd,"Mustifa, Dawud",2026-05-07,Tyseley and Hay Mills Ward,90,False,Your Party,https://www.birmingham.gov.uk/info/50385/election_2026_candidates/3260/tyseley_and_hay_mills_ward_election_2026
b94562ca206f8995,"Nadeem, Mohammad",2026-05-07,Tyseley and Hay Mills Ward,383,False,Workers Party,https://www.birmingham.gov.uk/info/50385/election_2026_candidates/3260/tyseley_and_hay_mills_ward_election_2026
8c1fed6516f53982,"Aikhlaq, Mohammed",2026-05-07,Ward End Ward,525,False,Labour Party,https://www.birmingham.gov.uk/info/50385/election_2026_candidates/3261/ward_end_ward_election_2026
effb64902e1f662a,"Ali, Naz",2026-05-07,Ward End Ward,328,False,Liberal Democrats,https://www.birmingham.gov.uk/info/50385/election_2026_candidates/3261/ward_end_ward_election_2026
e262bea2001eca06,"Green, Maria Anna",2026-05-07,Ward End Ward,165,False,Reform UK,https://www.birmingham.gov.uk/info/50385/election_2026_candidates/3261/ward_end_ward_election_2026
8a15c9017281d363,Harris Khaliq,2026-05-07,Ward End Ward,2078,False,Independent,https://www.birmingham.gov.uk/info/50385/election_2026_candidates/3261/ward_end_ward_election_2026
63fc3c046645697c,"Mehta, Aashima",2026-05-07,Ward End Ward,28,False,Local Conservatives,https://www.birmingham.gov.uk/info/50385/election_2026_candidates/3261/ward_end_ward_election_2026
5e74e43162132994,"Nistor, Julian",2026-05-07,Ward End Ward,31,False,Workers Party,https://www.birmingham.gov.uk/info/50385/election_2026_candidates/3261/ward_end_ward_election_2026
8d1ae0c4b2f156b1,"Tasleem, Mahreen",2026-05-07,Ward End Ward,18,False,Independent,https://www.birmingham.gov.uk/info/50385/election_2026_candidates/3261/ward_end_ward_election_2026
9d8873bc5d0024b4,"Turner, Catherine",2026-05-07,Ward End Ward,225,False,Green Party,https://www.birmingham.gov.uk/info/50385/election_2026_candidates/3261/ward_end_ward_election_2026
6f561252e4c76c0c,"Bhagalia, Jigar",2026-05-07,Weoley and Selly Oak Ward,1461,False,Local Conservatives,https://www.birmingham.gov.uk/info/50385/election_2026_candidates/3262/weoley_and_selly_oak_ward_election_2026
a05c7080bc067276,"Buchan, Marie",2026-05-07,Weoley and Selly Oak Ward,94,False,Independent,https://www.birmingham.gov.uk/info/50385/election_2026_candidates/3262/weoley_and_selly_oak_ward_election_2026
3514015ec89f825b,Cherie Waddingham,2026-05-07,Weoley and Selly Oak Ward,1525,True,Reform UK,https://www.birmingham.gov.uk/info/50385/election_2026_candidates/3262/weoley_and_selly_oak_ward_election_2026
fd7b546accd2bcef,"Cotton, Eleanor",2026-05-07,Weoley and Selly Oak Ward,1284,False,Green Party,https://www.birmingham.gov.uk/info/50385/election_2026_candidates/3262/weoley_and_selly_oak_ward_election_2026
8a97b0a06becbc0d,"Fitt, Rob",2026-05-07,Weoley and Selly Oak Ward,1123,False,Green Party,https://www.birmingham.gov.uk/info/50385/election_2026_candidates/3262/weoley_and_selly_oak_ward_election_2026
025955ad42544c01,Glyn Marston,2026-05-07,Weoley and Selly Oak Ward,1645,True,Reform UK,https://www.birmingham.gov.uk/info/50385/election_2026_candidates/3262/weoley_and_selly_oak_ward_election_2026
6afc460d472a8b3e,"Gulia, Kiran",2026-05-07,Weoley and Selly Oak Ward,1221,False,Labour Party,https://www.birmingham.gov.uk/info/50385/election_2026_candidates/3262/weoley_and_selly_oak_ward_election_2026
b991ee3abe518781,"Holroyd, Stewart David",2026-05-07,Weoley and Selly Oak Ward,1150,False,Labour Party,https://www.birmingham.gov.uk/info/50385/election_2026_candidates/3262/weoley_and_selly_oak_ward_election_2026
9b00e6619ab93326,"Said Gianluca, Paolo",2026-05-07,Weoley and Selly Oak Ward,279,False,Liberal Democrats,https://www.birmingham.gov.uk/info/50385/election_2026_candidates/3262/weoley_and_selly_oak_ward_election_2026
021b0e17dabdd1db,"Stanton, Elly",2026-05-07,Weoley and Selly Oak Ward,373,False,Liberal Democrats,https://www.birmingham.gov.uk/info/50385/election_2026_candidates/3262/weoley_and_selly_oak_ward_election_2026
ad900e7477a1bdf2,"Webb, George Louis",2026-05-07,Weoley and Selly Oak Ward,1502,False,Local Conservatives,https://www.birmingham.gov.uk/info/50385/election_2026_candidates/3262/weoley_and_selly_oak_ward_election_2026
8316b63ce8adc311,Deborah Harries,2026-05-07,Yardley East Ward,979,False,Liberal Democrats,https://www.birmingham.gov.uk/info/50385/election_2026_candidates/3263/yardley_east_ward_election_2026
c84815032bb293c4,"Hammond, Claire Marie",2026-05-07,Yardley East Ward,419,False,Green Party,https://www.birmingham.gov.uk/info/50385/election_2026_candidates/3263/yardley_east_ward_election_2026
b2f649921c5d3e8e,"Huxley, Thomas",2026-05-07,Yardley East Ward,132,False,Local Conservatives,https://www.birmingham.gov.uk/info/50385/election_2026_candidates/3263/yardley_east_ward_election_2026
f071cc407d3250ca,"Miah, Rofique",2026-05-07,Yardley East Ward,387,False,Labour Party,https://www.birmingham.gov.uk/info/50385/election_2026_candidates/3263/yardley_east_ward_election_2026
012f993535e11044,"Raman, Vaishali Sathish Kumar",2026-05-07,Yardley East Ward,762,False,Reform UK,https://www.birmingham.gov.uk/info/50385/election_2026_candidates/3263/yardley_east_ward_election_2026
817165c95185349e,"Yaqoob, Naushaba",2026-05-07,Yardley East Ward,153,False,Workers Party,https://www.birmingham.gov.uk/info/50385/election_2026_candidates/3263/yardley_east_ward_election_2026
0df90fc01cf3cb28,"Ali, Liaqat",2026-05-07,Yardley West and Stechford Ward,278,False,Labour Party,https://www.birmingham.gov.uk/info/50385/election_2026_candidates/3264/yardley_west_and_stechford_ward_election_2026
c43f8a9e06ab5c47,"Ameer, Mohammed Imran",2026-05-07,Yardley West and Stechford Ward,368,False,Green Party,https://www.birmingham.gov.uk/info/50385/election_2026_candidates/3264/yardley_west_and_stechford_ward_election_2026
761ddcccf898c5d4,Baber Baz,2026-05-07,Yardley West and Stechford Ward,1911,False,Liberal Democrats,https://www.birmingham.gov.uk/info/50385/election_2026_candidates/3264/yardley_west_and_stechford_ward_election_2026
3f405af4f123e788,"Hardcastle, Leo",2026-05-07,Yardley West and Stechford Ward,57,False,Local Conservatives,https://www.birmingham.gov.uk/info/50385/election_2026_candidates/3264/yardley_west_and_stechford_ward_election_2026
fe49df55e1658dbe,"Iqbal, Naila",2026-05-07,Yardley West and Stechford Ward,126,False,Workers Party,https://www.birmingham.gov.uk/info/50385/election_2026_candidates/3264/yardley_west_and_stechford_ward_election_2026
02f3f44f77dbcff9,"Preston, Malcolm",2026-05-07,Yardley West and Stechford Ward,405,False,Reform UK,https://www.birmingham.gov.uk/info/50385/election_2026_candidates/3264/yardley_west_and_stechford_ward_election_2026
