person_id,person_name,party_name,effective_from,effective_to,is_current,source_url
87bdc834130099cb,Ali Wajad,Conservative Party Candidate,2018-05-03,,True,https://www.birmingham.gov.uk/info/50381/past_election_results/1685/local_government_election_results_may_2018
6711b70b9f075c6c,Baker Amanda Caroline,Green Party,2018-05-03,,True,https://www.birmingham.gov.uk/info/50381/past_election_results/1685/local_government_election_results_may_2018
6656f6900b5a826e,"Flynn, Eamonn Kevin",Trade Unionist and Socialist Coalition,2018-05-03,,True,https://www.birmingham.gov.uk/info/50381/past_election_results/1685/local_government_election_results_may_2018
1063309d855b9d74,O'Shea John,Labour Party,2018-05-03,,True,https://www.birmingham.gov.uk/info/50381/past_election_results/1685/local_government_election_results_may_2018
e17641be8b013eb1,Penny Wagg,Liberal Democrat,2018-05-03,2022-05-04,False,https://www.birmingham.gov.uk/info/50381/past_election_results/1685/local_government_election_results_may_2018
e17641be8b013eb1,Penny Wagg,Liberal Democrats,2022-05-05,,True,https://www.birmingham.gov.uk/directory_record/370699/acocks_green_ward_results
839951214549804d,Roger Harmer,Liberal Democrat,2018-05-03,2022-05-04,False,https://www.birmingham.gov.uk/info/50381/past_election_results/1685/local_government_election_results_may_2018
839951214549804d,Roger Harmer,Liberal Democrats,2022-05-05,,True,https://www.birmingham.gov.uk/directory_record/370699/acocks_green_ward_results
23d4e8c557060b1b,Watson Luke,Conservative Party Candidate,2018-05-03,,True,https://www.birmingham.gov.uk/info/50381/past_election_results/1685/local_government_election_results_may_2018
43cf005b16da0200,"Williams, Fiona",Labour Party,2018-05-03,2026-05-06,False,https://www.birmingham.gov.uk/info/50381/past_election_results/1685/local_government_election_results_may_2018
43cf005b16da0200,"Williams, Fiona",Labour and Co-operative Party,2026-05-07,,True,https://www.birmingham.gov.uk/info/50385/election_2026_candidates/3243/shard_end_ward_election_2026
8dd86ab2bbdb8264,Beck Peter Charles,Green Party,2018-05-03,,True,https://www.birmingham.gov.uk/info/50381/past_election_results/1685/local_government_election_results_may_2018
9657547e2df4d589,Bedser Steve,Labour and Co-operative Party,2018-05-03,,True,https://www.birmingham.gov.uk/info/50381/past_election_results/1685/local_government_election_results_may_2018
102f733614311601,Eddie Freeman,The Conservative Party,2018-05-03,2022-05-04,False,https://www.birmingham.gov.uk/info/50381/past_election_results/1685/local_government_election_results_may_2018
102f733614311601,Eddie Freeman,The Conservative Party Candidate,2022-05-05,2026-05-06,False,https://www.birmingham.gov.uk/directory_record/370700/allens_cross_ward_results
102f733614311601,Eddie Freeman,Reform UK,2026-05-07,,True,https://www.birmingham.gov.uk/info/50385/election_2026_candidates/3197/allens_cross_ward_election_2026
693fdd0bc1b4876a,Fielden Claire Alexandra,Liberal Democrat,2018-05-03,2022-05-04,False,https://www.birmingham.gov.uk/info/50381/past_election_results/1685/local_government_election_results_may_2018
693fdd0bc1b4876a,Fielden Claire Alexandra,Liberal Democrats,2022-05-05,,True,https://www.birmingham.gov.uk/directory_record/370700/allens_cross_ward_results
bcd5ac33c6b4f38f,Rodgers Dick,Common Good,2018-05-03,,True,https://www.birmingham.gov.uk/info/50381/past_election_results/1685/local_government_election_results_may_2018
874bd90b9aef0aea,Brookes-Bland,Conservative Party Candidate,2018-05-03,,True,https://www.birmingham.gov.uk/info/50381/past_election_results/1685/local_government_election_results_may_2018
4f8039f4354d0a85,"Idrees, Mohammed",Labour Party,2018-05-03,2026-05-06,False,https://www.birmingham.gov.uk/info/50381/past_election_results/1685/local_government_election_results_may_2018
4f8039f4354d0a85,"Idrees, Mohammed",Independent,2026-05-07,,True,https://www.birmingham.gov.uk/info/50385/election_2026_candidates/3204/bordesley_and_highgate_ward_election_2026
0884495a333756fc,Khan Amil,Conservative Party Candidate,2018-05-03,,True,https://www.birmingham.gov.uk/info/50381/past_election_results/1685/local_government_election_results_may_2018
b8c7734b79830807,"Khan, Mariam",Labour Party,2018-05-03,,True,https://www.birmingham.gov.uk/info/50381/past_election_results/1685/local_government_election_results_may_2018
8b6712271721b5d4,Lister Thomas,Liberal Democrat,2018-05-03,,True,https://www.birmingham.gov.uk/info/50381/past_election_results/1685/local_government_election_results_may_2018
fce658ccddc1c090,Ross Colin,Liberal Democrat,2018-05-03,,True,https://www.birmingham.gov.uk/info/50381/past_election_results/1685/local_government_election_results_may_2018
3f449d7ad171322a,Afzal Muhammad,Labour Party,2018-05-03,,True,https://www.birmingham.gov.uk/info/50381/past_election_results/1685/local_government_election_results_may_2018
4dfd250770731f8f,Aziz Abdul,Independent,2018-05-03,,True,https://www.birmingham.gov.uk/info/50381/past_election_results/1685/local_government_election_results_may_2018
fe57d2cee50421a9,Bennett Margaret Sandra,Conservative Party Candidate,2018-05-03,,True,https://www.birmingham.gov.uk/info/50381/past_election_results/1685/local_government_election_results_may_2018
65e0fbf328afac45,Choudhury Jahid Ahmed,Conservative Party Candidate,2018-05-03,,True,https://www.birmingham.gov.uk/info/50381/past_election_results/1685/local_government_election_results_may_2018
d5fa29fb1a267444,Kauser Nagina,Labour Party,2018-05-03,,True,https://www.birmingham.gov.uk/info/50381/past_election_results/1685/local_government_election_results_may_2018
19738e5d1cef6c1b,Khan Ayoub,Liberal Democrat,2018-05-03,2022-05-04,False,https://www.birmingham.gov.uk/info/50381/past_election_results/1685/local_government_election_results_may_2018
19738e5d1cef6c1b,Khan Ayoub,Liberal Democrats,2022-05-05,,True,https://www.birmingham.gov.uk/directory_record/370702/aston_ward_results
a387574ad953eff0,Rana Vijay,Green Party,2018-05-03,,True,https://www.birmingham.gov.uk/info/50381/past_election_results/1685/local_government_election_results_may_2018
cb09f9b7ad504681,Uddin Sham,Liberal Democrat,2018-05-03,2022-05-04,False,https://www.birmingham.gov.uk/info/50381/past_election_results/1685/local_government_election_results_may_2018
cb09f9b7ad504681,Uddin Sham,Local Conservatives,2022-05-05,,True,https://www.birmingham.gov.uk/directory_record/370742/handsworth_wood_ward_results
4cf8506e3947c530,Fazel Ali,The Conservative Party Candidate,2018-05-03,,True,https://www.birmingham.gov.uk/info/50381/past_election_results/1685/local_government_election_results_may_2018
d0ca44ba6fa31be0,"Guest, Martin John",Green Party,2018-05-03,,True,https://www.birmingham.gov.uk/info/50381/past_election_results/1685/local_government_election_results_may_2018
af727a896275d356,Ibrahem Sammi,Birmingham Worker,2018-05-03,,True,https://www.birmingham.gov.uk/info/50381/past_election_results/1685/local_government_election_results_may_2018
256b83a673b841f4,Issa Islam Ahmed,Liberal Democrat,2018-05-03,,True,https://www.birmingham.gov.uk/info/50381/past_election_results/1685/local_government_election_results_may_2018
4b130b5f20d17e89,"Malik, Zhor",Labour Party,2018-05-03,2022-05-04,False,https://www.birmingham.gov.uk/info/50381/past_election_results/1685/local_government_election_results_may_2018
4b130b5f20d17e89,"Malik, Zhor",Local Conservatives,2022-05-05,2026-05-06,False,https://www.birmingham.gov.uk/directory_record/370704/balsall_heath_west_ward_results
4b130b5f20d17e89,"Malik, Zhor",Independent,2026-05-07,,True,https://www.birmingham.gov.uk/info/50385/election_2026_candidates/3200/balsall_heath_west_ward_election_2026
b736dab60c7c7a71,Lines John,Conservative Party Candidate,2018-05-03,,True,https://www.birmingham.gov.uk/info/50381/past_election_results/1685/local_government_election_results_may_2018
9eaf33340104d356,"Lines, Bruce John",Conservative Party Candidate,2018-05-03,2022-05-04,False,https://www.birmingham.gov.uk/info/50381/past_election_results/1685/local_government_election_results_may_2018
9eaf33340104d356,"Lines, Bruce John",Local Conservatives,2022-05-05,,True,https://www.birmingham.gov.uk/directory_record/370705/bartley_green_ward_results
b79823f3229eacad,Osborne David,Liberal Democrat,2018-05-03,,True,https://www.birmingham.gov.uk/info/50381/past_election_results/1685/local_government_election_results_may_2018
6c2a098e3d3bd9ca,Osborne Maureen Ada,Liberal Democrat,2018-05-03,,True,https://www.birmingham.gov.uk/info/50381/past_election_results/1685/local_government_election_results_may_2018
74eec6fb3a52a98d,Preston Paul,Labour Party,2018-05-03,,True,https://www.birmingham.gov.uk/info/50381/past_election_results/1685/local_government_election_results_may_2018
ed199f894a938b68,"Robertson, James",Green Party,2018-05-03,,True,https://www.birmingham.gov.uk/info/50381/past_election_results/1685/local_government_election_results_may_2018
812e78af540c445f,"Shemmans, Joanne",Labour Party,2018-05-03,2026-05-06,False,https://www.birmingham.gov.uk/info/50381/past_election_results/1685/local_government_election_results_may_2018
812e78af540c445f,"Shemmans, Joanne",Green Party,2026-05-07,,True,https://www.birmingham.gov.uk/info/50385/election_2026_candidates/3224/highters_heath_ward_election_2026
a3bb997e3748dc6f,Davis Phil,Labour Party,2018-05-03,,True,https://www.birmingham.gov.uk/info/50381/past_election_results/1685/local_government_election_results_may_2018
0446202d1d70e0b8,Gaussen David,Green Party,2018-05-03,,True,https://www.birmingham.gov.uk/info/50381/past_election_results/1685/local_government_election_results_may_2018
47d6d1fff4c3fe1f,"Grant, Robert Andrew",Green Party,2018-05-03,,True,https://www.birmingham.gov.uk/info/50381/past_election_results/1685/local_government_election_results_may_2018
9488d43672b3fc34,Huxley Tom,Conservative Party Candidate,2018-05-03,,True,https://www.birmingham.gov.uk/info/50381/past_election_results/1685/local_government_election_results_may_2018
3898a3816eb5a6c3,James Jane,Conservative Party Candidate,2018-05-03,,True,https://www.birmingham.gov.uk/info/50381/past_election_results/1685/local_government_election_results_may_2018
bf12b9b4423e1942,Morrow Alan,Liberal Democrat,2018-05-03,,True,https://www.birmingham.gov.uk/info/50381/past_election_results/1685/local_government_election_results_may_2018
bf790498d2a48eeb,Seymour-Smith Lucy Emma,Labour Party,2018-05-03,,True,https://www.birmingham.gov.uk/info/50381/past_election_results/1685/local_government_election_results_may_2018
d3581c602cbdeef4,Wagg Philip Richard Charles,Liberal Democrat,2018-05-03,,True,https://www.birmingham.gov.uk/info/50381/past_election_results/1685/local_government_election_results_may_2018
ee5ec4d691b17863,Billah Rezaul,Liberal Democrat,2018-05-03,,True,https://www.birmingham.gov.uk/info/50381/past_election_results/1685/local_government_election_results_may_2018
8ea6dfca9efc824f,Hussain Mahmood,Labour Party,2018-05-03,,True,https://www.birmingham.gov.uk/info/50381/past_election_results/1685/local_government_election_results_may_2018
ba7ad2aac72ff44f,Khan Raja Shahpal,The Conservative Party Candidate,2018-05-03,,True,https://www.birmingham.gov.uk/info/50381/past_election_results/1685/local_government_election_results_may_2018
e7e8f304a95fff9b,Clawley Alan,Green Party,2018-05-03,,True,https://www.birmingham.gov.uk/info/50381/past_election_results/1685/local_government_election_results_may_2018
78c507e13cbf2546,Mohammed Saeed,Liberal Democrat,2018-05-03,2022-05-04,False,https://www.birmingham.gov.uk/info/50381/past_election_results/1685/local_government_election_results_may_2018
78c507e13cbf2546,Mohammed Saeed,Liberal Democrats,2022-05-05,,True,https://www.birmingham.gov.uk/directory_record/370728/small_heath_ward_results
f7b0cddad62d7b44,Rashid Chauhdry,Labour Party,2018-05-03,,True,https://www.birmingham.gov.uk/info/50381/past_election_results/1685/local_government_election_results_may_2018
5a41b350ba76a80f,Tifow Ayan,The Conservative Party Candidate,2018-05-03,,True,https://www.birmingham.gov.uk/info/50381/past_election_results/1685/local_government_election_results_may_2018
d5cfd3e7d44e2f37,Iliff Daniel James,Liberal Democrat,2018-05-03,,True,https://www.birmingham.gov.uk/info/50381/past_election_results/1685/local_government_election_results_may_2018
c0c0f54c047af5ca,Jenkins Tom,Green Party,2018-05-03,,True,https://www.birmingham.gov.uk/info/50381/past_election_results/1685/local_government_election_results_may_2018
0e522192c744910f,Mackey Julia,The Conservative Party Candidate,2018-05-03,2022-05-04,False,https://www.birmingham.gov.uk/info/50381/past_election_results/1685/local_government_election_results_may_2018
0e522192c744910f,Mackey Julia,Local Conservatives,2022-05-05,,True,https://www.birmingham.gov.uk/directory_record/370727/south_yardley_ward_results
32606fe94344d82b,Mosquito Yvonne Maria,Labour Party,2018-05-03,,True,https://www.birmingham.gov.uk/info/50381/past_election_results/1685/local_government_election_results_may_2018
fb01e9eb18b4e219,Calcutt Jake,Liberal Democrat,2018-05-03,,True,https://www.birmingham.gov.uk/info/50381/past_election_results/1685/local_government_election_results_may_2018
37d0bc5665690e15,Gillan Angus Fraser,Conservative Party Candidate,2018-05-03,,True,https://www.birmingham.gov.uk/info/50381/past_election_results/1685/local_government_election_results_may_2018
b2ff0757fa8d6514,"Hardie, Monica Catherine",Conservative Party Candidate,2018-05-03,2026-05-06,False,https://www.birmingham.gov.uk/info/50381/past_election_results/1685/local_government_election_results_may_2018
b2ff0757fa8d6514,"Hardie, Monica Catherine",Local Conservatives,2026-05-07,,True,https://www.birmingham.gov.uk/info/50385/election_2026_candidates/3198/alum_rock_ward_election_2026
5b4982d865bbba2e,Jones Brigid,Labour and Co-operative Party,2018-05-03,,True,https://www.birmingham.gov.uk/info/50381/past_election_results/1685/local_government_election_results_may_2018
bdf1231e4322f7a3,Kiff Alice Jean,Green Party,2018-05-03,,True,https://www.birmingham.gov.uk/info/50381/past_election_results/1685/local_government_election_results_may_2018
21d165db4ec38848,Mabbett Benjamin,Green Party,2018-05-03,,True,https://www.birmingham.gov.uk/info/50381/past_election_results/1685/local_government_election_results_may_2018
261b23a348daf30f,"McCarthy, Karen Teresa",Labour and Co-operative Party,2018-05-03,,True,https://www.birmingham.gov.uk/info/50381/past_election_results/1685/local_government_election_results_may_2018
b29b41bb030de319,Thornton Sophie,Liberal Democrat,2018-05-03,,True,https://www.birmingham.gov.uk/info/50381/past_election_results/1685/local_government_election_results_may_2018
43ef19df2cf4df5c,Witts Sam,Trade Unionist and Socialist Coalition,2018-05-03,,True,https://www.birmingham.gov.uk/info/50381/past_election_results/1685/local_government_election_results_may_2018
5ccfbe8e025e9069,Clements Liz,Labour Party,2018-05-03,,True,https://www.birmingham.gov.uk/info/50381/past_election_results/1685/local_government_election_results_may_2018
8651a0d08230797e,Douglas Osborn Peter Ernest,Conservative Party Candidate,2018-05-03,,True,https://www.birmingham.gov.uk/info/50381/past_election_results/1685/local_government_election_results_may_2018
d7b678b344afd3f3,Grindrod Fred,Labour Party,2018-05-03,,True,https://www.birmingham.gov.uk/info/50381/past_election_results/1685/local_government_election_results_may_2018
c84815032bb293c4,"Hammond, Claire Marie",Green Party,2018-05-03,,True,https://www.birmingham.gov.uk/info/50381/past_election_results/1685/local_government_election_results_may_2018
250af6464d8e3645,Masters Anna,Green Party,2018-05-03,,True,https://www.birmingham.gov.uk/info/50381/past_election_results/1685/local_government_election_results_may_2018
26145382626305ff,"Radcliffe, David Stephen",Liberal Democrat,2018-05-03,2026-05-06,False,https://www.birmingham.gov.uk/info/50381/past_election_results/1685/local_government_election_results_may_2018
26145382626305ff,"Radcliffe, David Stephen",Liberal Democrats,2026-05-07,,True,https://www.birmingham.gov.uk/info/50385/election_2026_candidates/3207/bournville_and_cotteridge_ward_election_2026
ab02d070e341a8cc,Sealey Rob,Conservative Party Candidate,2018-05-03,,True,https://www.birmingham.gov.uk/info/50381/past_election_results/1685/local_government_election_results_may_2018
ed444aedbf198d6d,Stimpson Timothy Matthew,Liberal Democrat,2018-05-03,,True,https://www.birmingham.gov.uk/info/50381/past_election_results/1685/local_government_election_results_may_2018
dc1c72b6b5fdaedd,Walder Clive Richard,Trade Unionist and Socialist Coalition,2018-05-03,,True,https://www.birmingham.gov.uk/info/50381/past_election_results/1685/local_government_election_results_may_2018
2ab41682745b0b2f,Burgess Chris,Liberal Democrat,2018-05-03,,True,https://www.birmingham.gov.uk/info/50381/past_election_results/1685/local_government_election_results_may_2018
e664620a1d1689ba,Cox Patrick,Green Party,2018-05-03,,True,https://www.birmingham.gov.uk/info/50381/past_election_results/1685/local_government_election_results_may_2018
88539a497902ac41,Cremer Katherine,Birmingham Worker,2018-05-03,,True,https://www.birmingham.gov.uk/info/50381/past_election_results/1685/local_government_election_results_may_2018
ddc9a8ecd59385f0,Franks Gordon John,Conservative Party Candidate,2018-05-03,,True,https://www.birmingham.gov.uk/info/50381/past_election_results/1685/local_government_election_results_may_2018
51bee26e2d3019b1,Gilliam Rob,Liberal Democrat,2018-05-03,,True,https://www.birmingham.gov.uk/info/50381/past_election_results/1685/local_government_election_results_may_2018
631907493c5cfcc3,Kaya Julie,Green Party,2018-05-03,,True,https://www.birmingham.gov.uk/info/50381/past_election_results/1685/local_government_election_results_may_2018
615b87ff4fffa214,Leddy Mike,Labour Party,2018-05-03,,True,https://www.birmingham.gov.uk/info/50381/past_election_results/1685/local_government_election_results_may_2018
5e7c134b3ac31704,Mackenzie-Lawrie Joshua Duncan,Conservative Party Candidate,2018-05-03,,True,https://www.birmingham.gov.uk/info/50381/past_election_results/1685/local_government_election_results_may_2018
7e8fea23e71ac9fb,Murray Bill,Trade Unionist and Socialist Coalition,2018-05-03,,True,https://www.birmingham.gov.uk/info/50381/past_election_results/1685/local_government_election_results_may_2018
4dd69b60f0f22d86,"Trickett, Lisa",Labour Party,2018-05-03,2026-05-06,False,https://www.birmingham.gov.uk/info/50381/past_election_results/1685/local_government_election_results_may_2018
4dd69b60f0f22d86,"Trickett, Lisa",Labour and Co-operative Party,2026-05-07,,True,https://www.birmingham.gov.uk/info/50385/election_2026_candidates/3208/brandwood_and_kings_heath_ward_election_2026
d33c39b3b4851240,Diane Donaldson,Labour Party,2018-05-03,,True,https://www.birmingham.gov.uk/info/50381/past_election_results/1685/local_government_election_results_may_2018
30e7e31d089263a0,Majid Mahmood,Labour Party,2018-05-03,,True,https://www.birmingham.gov.uk/info/50381/past_election_results/1685/local_government_election_results_may_2018
2cb871d066b6e360,"Mehmood, Asad",Liberal Democrat,2018-05-03,2022-05-04,False,https://www.birmingham.gov.uk/info/50381/past_election_results/1685/local_government_election_results_may_2018
2cb871d066b6e360,"Mehmood, Asad",Liberal Democrats,2022-05-05,,True,https://www.birmingham.gov.uk/directory_record/370706/bromford_and_hodge_hill_ward_results
09178100c21fc61a,Neilly Gwyn,Liberal Democrat,2018-05-03,,True,https://www.birmingham.gov.uk/info/50381/past_election_results/1685/local_government_election_results_may_2018
0b2eac5073d16fad,Rahman Aminur,Conservative Party Candidate,2018-05-03,,True,https://www.birmingham.gov.uk/info/50381/past_election_results/1685/local_government_election_results_may_2018
7b0f9752c736c788,Tudor Bogdan,Conservative Party Candidate,2018-05-03,,True,https://www.birmingham.gov.uk/info/50381/past_election_results/1685/local_government_election_results_may_2018
a562d3f77ab2c8bc,Clinton Lynda,Labour Party,2018-05-03,,True,https://www.birmingham.gov.uk/info/50381/past_election_results/1685/local_government_election_results_may_2018/2
5a0c66c962221b24,Holtom Trevor,Liberal Democrat,2018-05-03,,True,https://www.birmingham.gov.uk/info/50381/past_election_results/1685/local_government_election_results_may_2018/2
d629c9c289717bfa,Sucilla-O'Sullivan Kris,Trade Unionist and Socialist Coalition,2018-05-03,,True,https://www.birmingham.gov.uk/info/50381/past_election_results/1685/local_government_election_results_may_2018/2
b21581a73462cc83,Webb Suzanne,The Conservative Party Candidate,2018-05-03,,True,https://www.birmingham.gov.uk/info/50381/past_election_results/1685/local_government_election_results_may_2018/2
5a8dcb8bc7afc7ed,Brittain Ben Ashley,The Conservative Party Candidate,2018-05-03,,True,https://www.birmingham.gov.uk/info/50381/past_election_results/1685/local_government_election_results_may_2018/2
3d5e017c2d6fc411,Cox Emily Rohaise,Liberal Democrat,2018-05-03,2022-05-04,False,https://www.birmingham.gov.uk/info/50381/past_election_results/1685/local_government_election_results_may_2018/2
3d5e017c2d6fc411,Cox Emily Rohaise,Liberal Democrats,2022-05-05,,True,https://www.birmingham.gov.uk/directory_record/370742/handsworth_wood_ward_results
ef1dae00a2b407d9,Julien Pritchard,Green Party,2018-05-03,,True,https://www.birmingham.gov.uk/info/50381/past_election_results/1685/local_government_election_results_may_2018/2
dbb678b5fcc2d69e,Quinn Victoria,Labour Party,2018-05-03,,True,https://www.birmingham.gov.uk/info/50381/past_election_results/1685/local_government_election_results_may_2018/2
9e800954d0211a8e,Chamberlain Daniel Murray,Liberal Democrat,2018-05-03,,True,https://www.birmingham.gov.uk/info/50381/past_election_results/1685/local_government_election_results_may_2018/2
0dcb543c3f319b7d,Deirdre Alden,Conservative Party Candidate,2018-05-03,2022-05-04,False,https://www.birmingham.gov.uk/info/50381/past_election_results/1685/local_government_election_results_may_2018/2
0dcb543c3f319b7d,Deirdre Alden,Local Conservatives,2022-05-05,,True,https://www.birmingham.gov.uk/directory_record/370734/edgbaston_ward_results
cf3a7bf9f6af592d,Marcus Bernasconi,Labour Party,2018-05-03,,True,https://www.birmingham.gov.uk/info/50381/past_election_results/1685/local_government_election_results_may_2018/2
04e7b6e7c6c1883d,Matt Bennett,Conservative Party Candidate,2018-05-03,2022-05-04,False,https://www.birmingham.gov.uk/info/50381/past_election_results/1685/local_government_election_results_may_2018/2
04e7b6e7c6c1883d,Matt Bennett,Local Conservatives,2022-05-05,,True,https://www.birmingham.gov.uk/directory_record/370734/edgbaston_ward_results
1eb5d325e57d4c5c,Nettle Alexander,Green Party,2018-05-03,,True,https://www.birmingham.gov.uk/info/50381/past_election_results/1685/local_government_election_results_may_2018/2
b782eeea56f219b9,Nolan Jenny,Labour Party,2018-05-03,,True,https://www.birmingham.gov.uk/info/50381/past_election_results/1685/local_government_election_results_may_2018/2
9667ba5d5c379dec,Scott Jamie Christian,Liberal Democrat,2018-05-03,2022-05-04,False,https://www.birmingham.gov.uk/info/50381/past_election_results/1685/local_government_election_results_may_2018/2
9667ba5d5c379dec,Scott Jamie Christian,Liberal Democrats,2022-05-05,,True,https://www.birmingham.gov.uk/directory_record/370734/edgbaston_ward_results
70028b3208a462d6,Collins Rebecca,Green Party,2018-05-03,,True,https://www.birmingham.gov.uk/info/50381/past_election_results/1685/local_government_election_results_may_2018/2
e8a73b39bc3827a9,Gareth Moore,Conservative Party Candidate,2018-05-03,2022-05-04,False,https://www.birmingham.gov.uk/info/50381/past_election_results/1685/local_government_election_results_may_2018/2
e8a73b39bc3827a9,Gareth Moore,Local Conservatives,2022-05-05,,True,https://www.birmingham.gov.uk/directory_record/370735/erdington_ward_results
0b5f30c049daa6b8,Hooper Vic,Labour and Co-operative Party,2018-05-03,,True,https://www.birmingham.gov.uk/info/50381/past_election_results/1685/local_government_election_results_may_2018/2
bf35309592fe9f7b,Hunt Tom,Liberal Democrat,2018-05-03,,True,https://www.birmingham.gov.uk/info/50381/past_election_results/1685/local_government_election_results_may_2018/2
4868238ef7398916,Reilly Callum Lewis,Liberal Democrat,2018-05-03,,True,https://www.birmingham.gov.uk/info/50381/past_election_results/1685/local_government_election_results_may_2018/2
567f63894f876fa2,Robert Alden,Conservative Party Candidate,2018-05-03,2022-05-04,False,https://www.birmingham.gov.uk/info/50381/past_election_results/1685/local_government_election_results_may_2018/2
567f63894f876fa2,Robert Alden,Local Conservatives,2022-05-05,,True,https://www.birmingham.gov.uk/directory_record/370735/erdington_ward_results
1bf9b67a97cedb68,Smyth Dee,Labour and Co-operative Party,2018-05-03,,True,https://www.birmingham.gov.uk/info/50381/past_election_results/1685/local_government_election_results_may_2018/2
ecaa036d5a220c40,Cartwright Andrew,Labour Party,2018-05-03,,True,https://www.birmingham.gov.uk/info/50381/past_election_results/1685/local_government_election_results_may_2018/2
3d4384c0cda2f59c,Jerome Gerard,Liberal Democrat,2018-05-03,,True,https://www.birmingham.gov.uk/info/50381/past_election_results/1685/local_government_election_results_may_2018/2
37a897fcecf62d99,"Morrall, Simon",The Conservative Party Candidate,2018-05-03,2022-05-04,False,https://www.birmingham.gov.uk/info/50381/past_election_results/1685/local_government_election_results_may_2018/2
37a897fcecf62d99,"Morrall, Simon",Local Conservatives,2022-05-05,2026-05-06,False,https://www.birmingham.gov.uk/directory_record/370736/frankley_great_park_ward_results
37a897fcecf62d99,"Morrall, Simon",Independent,2026-05-07,,True,https://www.birmingham.gov.uk/info/50385/election_2026_candidates/3214/frankley_great_park_ward_election_2026
8d25586a2959be41,Conn Simon Elliot,The Conservative Party Candidate,2018-05-03,,True,https://www.birmingham.gov.uk/info/50381/past_election_results/1685/local_government_election_results_may_2018/2
15ef9c4d37f87364,Jones Carol,Liberal Democrat,2018-05-03,,True,https://www.birmingham.gov.uk/info/50381/past_election_results/1685/local_government_election_results_may_2018/2
cb64786b9ff3b219,Saddak Miah,Labour Party,2018-05-03,,True,https://www.birmingham.gov.uk/info/50381/past_election_results/1685/local_government_election_results_may_2018/2
828f3ec20973105d,"Bridle, Marje",Labour Party,2018-05-03,,True,https://www.birmingham.gov.uk/info/50381/past_election_results/1685/local_government_election_results_may_2018/2
a7e4b01ed45173c0,Clayton Paul,Independent,2018-05-03,,True,https://www.birmingham.gov.uk/info/50381/past_election_results/1685/local_government_election_results_may_2018/2
e58baedc3ea586ca,"Cotton, John",Labour Party,2018-05-03,,True,https://www.birmingham.gov.uk/info/50381/past_election_results/1685/local_government_election_results_may_2018/2
8777ac06e9ff2118,Gasson Rosemary Elisabeth,Conservative Party Candidate,2018-05-03,,True,https://www.birmingham.gov.uk/info/50381/past_election_results/1685/local_government_election_results_may_2018/2
518d11388816be9d,Rahman Rafiqur,Liberal Democrat,2018-05-03,,True,https://www.birmingham.gov.uk/info/50381/past_election_results/1685/local_government_election_results_may_2018/2
007c55bdf1362704,Rehman Shamsur,Liberal Democrat,2018-05-03,,True,https://www.birmingham.gov.uk/info/50381/past_election_results/1685/local_government_election_results_may_2018/2
656b512a61b24089,"Robinson, Fergus David",Conservative Party Candidate,2018-05-03,2026-05-06,False,https://www.birmingham.gov.uk/info/50381/past_election_results/1685/local_government_election_results_may_2018/2
656b512a61b24089,"Robinson, Fergus David",Local Conservatives,2026-05-07,,True,https://www.birmingham.gov.uk/info/50385/election_2026_candidates/3216/glebe_farm_and_tile_cross_ward_election_2026
f6644831c60fe01b,Mick Brown,Labour and Co-operative Party,2018-05-03,,True,https://www.birmingham.gov.uk/info/50381/past_election_results/1685/local_government_election_results_may_2018/2
dd8bfcfc761a8473,Nawaz Luqmaan,The Conservative Party Candidate,2018-05-03,,True,https://www.birmingham.gov.uk/info/50381/past_election_results/1685/local_government_election_results_may_2018/2
17696c6f02019f97,Philip Mills,Liberal Democrat,2018-05-03,2022-05-04,False,https://www.birmingham.gov.uk/info/50381/past_election_results/1685/local_government_election_results_may_2018/2
17696c6f02019f97,Philip Mills,Liberal Democrats,2022-05-05,,True,https://www.birmingham.gov.uk/directory_record/370708/weoley_and_selly_oak_ward_results
2708117e78764bf1,"Ahmed, Akhlaq",Labour Party,2018-05-03,,True,https://www.birmingham.gov.uk/info/50381/past_election_results/1685/local_government_election_results_may_2018/3
2c74a5a82f376800,Courage Gareth,Green Party,2018-05-03,,True,https://www.birmingham.gov.uk/info/50381/past_election_results/1685/local_government_election_results_may_2018/3
fde46f01873a6239,Harvey Bob,Independent,2018-05-03,,True,https://www.birmingham.gov.uk/info/50381/past_election_results/1685/local_government_election_results_may_2018/3
cfcea7e8564deada,Hussain Tukeer,Conservative Party Candidate,2018-05-03,,True,https://www.birmingham.gov.uk/info/50381/past_election_results/1685/local_government_election_results_may_2018/3
1b3f387558051a80,Robson Lou,Labour Party,2018-05-03,,True,https://www.birmingham.gov.uk/info/50381/past_election_results/1685/local_government_election_results_may_2018/3
89d49970068ca7da,Singh Sohan,Conservative Party Candidate,2018-05-03,,True,https://www.birmingham.gov.uk/info/50381/past_election_results/1685/local_government_election_results_may_2018/3
73d96befb8bb3fb3,Spruce Andrew James,Liberal Democrat,2018-05-03,,True,https://www.birmingham.gov.uk/info/50381/past_election_results/1685/local_government_election_results_may_2018/3
be795fc98c1b6db9,Spruce Stephanie Louise,Liberal Democrat,2018-05-03,,True,https://www.birmingham.gov.uk/info/50381/past_election_results/1685/local_government_election_results_may_2018/3
3913f7301f66bac8,"Evans, Jerry",Liberal Democrat,2018-05-03,2022-05-04,False,https://www.birmingham.gov.uk/info/50381/past_election_results/1685/local_government_election_results_may_2018/3
3913f7301f66bac8,"Evans, Jerry",Liberal Democrats,2022-05-05,,True,https://www.birmingham.gov.uk/directory_record/370701/alum_rock_ward_results
e1a34292eb46b02a,Grant Ulla,Green Party,2018-05-03,,True,https://www.birmingham.gov.uk/info/50381/past_election_results/1685/local_government_election_results_may_2018/3
717d1c5fc33e42d7,"Huxtable, Tim",The Conservative Party Candidate,2018-05-03,2026-05-06,False,https://www.birmingham.gov.uk/info/50381/past_election_results/1685/local_government_election_results_may_2018/3
717d1c5fc33e42d7,"Huxtable, Tim",Local Conservatives,2026-05-07,,True,https://www.birmingham.gov.uk/info/50385/election_2026_candidates/3219/hall_green_south_ward_election_2026
8aafb2c18a5221eb,Khan Changese,Labour and Co-operative Party,2018-05-03,,True,https://www.birmingham.gov.uk/info/50381/past_election_results/1685/local_government_election_results_may_2018/3
f4915666da033e1f,Douglas Kingsley Seymour,Liberal Democrat,2018-05-03,2022-05-04,False,https://www.birmingham.gov.uk/info/50381/past_election_results/1685/local_government_election_results_may_2018/3
f4915666da033e1f,Douglas Kingsley Seymour,Liberal Democrats,2022-05-05,,True,https://www.birmingham.gov.uk/directory_record/370747/holyhead_ward_results
a18b4a6a3b7b7637,Green Susan,Green Party,2018-05-03,,True,https://www.birmingham.gov.uk/info/50381/past_election_results/1685/local_government_election_results_may_2018/3
d5bf5ab3b922799b,Quinnen Hendrina,Labour Party,2018-05-03,,True,https://www.birmingham.gov.uk/info/50381/past_election_results/1685/local_government_election_results_may_2018/3
5d6628049dec36ae,Rahman Enam-Ur Abu Sala Mohammed,The Conservative Party Candidate,2018-05-03,,True,https://www.birmingham.gov.uk/info/50381/past_election_results/1685/local_government_election_results_may_2018/3
5d2f0c14a4be48d1,Aathouli-Singh PG,Independent,2018-05-03,,True,https://www.birmingham.gov.uk/info/50381/past_election_results/1685/local_government_election_results_may_2018/3
c220218df4233c7e,Ali Rizwan,Liberal Democrat,2018-05-03,,True,https://www.birmingham.gov.uk/info/50381/past_election_results/1685/local_government_election_results_may_2018/3
7a21854756e71e6c,Atwal Gurdial Singh,Labour Party,2018-05-03,,True,https://www.birmingham.gov.uk/info/50381/past_election_results/1685/local_government_election_results_may_2018/3
691e65d87820ea9c,Chumber Ravi,Conservative Party Candidate,2018-05-03,,True,https://www.birmingham.gov.uk/info/50381/past_election_results/1685/local_government_election_results_may_2018/3
fdff633abc70bf36,Fairclough Eric Wyn,Green Party,2018-05-03,,True,https://www.birmingham.gov.uk/info/50381/past_election_results/1685/local_government_election_results_may_2018/3
c7fc46e38149c515,Jenkins Rachel Mary,Trade Unionist and Socialist Coalition,2018-05-03,,True,https://www.birmingham.gov.uk/info/50381/past_election_results/1685/local_government_election_results_may_2018/3
5b2edf2638a4b9fe,Jolliffe Nicholas Mabin,Liberal Democrat,2018-05-03,,True,https://www.birmingham.gov.uk/info/50381/past_election_results/1685/local_government_election_results_may_2018/3
1df08592aff597ef,Narinder Kaur Kooner OBE,Labour Party,2018-05-03,2026-05-06,False,https://www.birmingham.gov.uk/info/50381/past_election_results/1685/local_government_election_results_may_2018/3
1df08592aff597ef,Narinder Kaur Kooner OBE,Labour and Co-operative Party,2026-05-07,,True,https://www.birmingham.gov.uk/info/50385/election_2026_candidates/3241/quinton_ward_election_2026
35248bd34d1ff947,White Steve,Conservative Party Candidate,2018-05-03,,True,https://www.birmingham.gov.uk/info/50381/past_election_results/1685/local_government_election_results_may_2018/3
d17fd25d4540d0fa,Fowler Peter John,Conservative Party Candidate,2018-05-03,,True,https://www.birmingham.gov.uk/info/50381/past_election_results/1685/local_government_election_results_may_2018/3
5ac91d822b1e1d1b,Francis Jayne,Labour Party,2018-05-03,2022-05-04,False,https://www.birmingham.gov.uk/info/50381/past_election_results/1685/local_government_election_results_may_2018/3
5ac91d822b1e1d1b,Francis Jayne,Labour and Co-operative Party,2022-05-05,,True,https://www.birmingham.gov.uk/directory_record/370741/harborne_ward_results
639ed5c3352010e5,"Garrett, Ian Anthony George",Liberal Democrat,2018-05-03,2022-05-04,False,https://www.birmingham.gov.uk/info/50381/past_election_results/1685/local_government_election_results_may_2018/3
639ed5c3352010e5,"Garrett, Ian Anthony George",Liberal Democrats,2022-05-05,,True,https://www.birmingham.gov.uk/directory_record/370741/harborne_ward_results
7eedbb9bac89af67,"Green, Colin Francis",Liberal Democrat,2018-05-03,2022-05-04,False,https://www.birmingham.gov.uk/info/50381/past_election_results/1685/local_government_election_results_may_2018/3
7eedbb9bac89af67,"Green, Colin Francis",Liberal Democrats,2022-05-05,,True,https://www.birmingham.gov.uk/directory_record/370773/sheldon_ward_results
f7712a674bae6382,Meghani Sundip,Labour Party,2018-05-03,,True,https://www.birmingham.gov.uk/info/50381/past_election_results/1685/local_government_election_results_may_2018/3
ee6c93ab71623dae,Sidhu Akaal,Conservative Party Candidate,2018-05-03,,True,https://www.birmingham.gov.uk/info/50381/past_election_results/1685/local_government_election_results_may_2018/3
cd14be4aadeed577,Simpson Phil,Green Party,2018-05-03,,True,https://www.birmingham.gov.uk/info/50381/past_election_results/1685/local_government_election_results_may_2018/3
af7f13b0dd9a6923,Assheton Janet,Green Party,2018-05-03,,True,https://www.birmingham.gov.uk/info/50381/past_election_results/1685/local_government_election_results_may_2018/3
703e132ad9ea2923,Hussain Aftab,Independent,2018-05-03,2022-05-04,False,https://www.birmingham.gov.uk/info/50381/past_election_results/1685/local_government_election_results_may_2018/3
703e132ad9ea2923,Hussain Aftab,Local Conservatives,2022-05-05,,True,https://www.birmingham.gov.uk/directory_record/370728/small_heath_ward_results
a9192492460a9e88,"Mahmood, Faisal",Liberal Democrat,2018-05-03,2022-05-04,False,https://www.birmingham.gov.uk/info/50381/past_election_results/1685/local_government_election_results_may_2018/3
a9192492460a9e88,"Mahmood, Faisal",Local Conservatives,2022-05-05,2026-05-06,False,https://www.birmingham.gov.uk/directory_record/370738/glebe_farm_and_tile_cross_ward_results
a9192492460a9e88,"Mahmood, Faisal",Independent,2026-05-07,,True,https://www.birmingham.gov.uk/info/50385/election_2026_candidates/3216/glebe_farm_and_tile_cross_ward_election_2026
2f961b5898b9f060,Shafique Shah,Labour Party,2018-05-03,,True,https://www.birmingham.gov.uk/info/50381/past_election_results/1685/local_government_election_results_may_2018/3
88576ed5ef1128bd,Storer Mary,The Conservative Party Candidate,2018-05-03,,True,https://www.birmingham.gov.uk/info/50381/past_election_results/1685/local_government_election_results_may_2018/3
9cf82507e039490f,Adam Higgs,The Conservative Party Candidate,2018-05-03,2022-05-04,False,https://www.birmingham.gov.uk/info/50381/past_election_results/1685/local_government_election_results_may_2018/3
9cf82507e039490f,Adam Higgs,Local Conservatives,2022-05-05,,True,https://www.birmingham.gov.uk/directory_record/370746/highters_heath_ward_results
388955b15a506fc6,Bowles Barry,Labour Party,2018-05-03,,True,https://www.birmingham.gov.uk/info/50381/past_election_results/1685/local_government_election_results_may_2018/3
4f8d2cbeb00000fa,Jerome Kirsty Anne,Liberal Democrat,2018-05-03,,True,https://www.birmingham.gov.uk/info/50381/past_election_results/1685/local_government_election_results_may_2018/3
41230697f06f601e,Thomas Clare,Green Party,2018-05-03,,True,https://www.birmingham.gov.uk/info/50381/past_election_results/1685/local_government_election_results_may_2018/3
c769cca8ae1d1f2d,Ahmed Foysol,Liberal Democrat,2018-05-03,,True,https://www.birmingham.gov.uk/info/50381/past_election_results/1685/local_government_election_results_may_2018/3
6133a596f3c3fe31,Ahmed Mujakkir,The Conservative Party Candidate,2018-05-03,,True,https://www.birmingham.gov.uk/info/50381/past_election_results/1685/local_government_election_results_may_2018/3
ad90fd32ca4b9170,Hamilton Paulette Adassa,Labour Party,2018-05-03,,True,https://www.birmingham.gov.uk/info/50381/past_election_results/1685/local_government_election_results_may_2018/3
add24d8760d39beb,Griffiths Peter,Labour Party,2018-05-03,,True,https://www.birmingham.gov.uk/info/50381/past_election_results/1685/local_government_election_results_may_2018/3
86edacd24d6d6c65,Lloyd Peter James,Liberal Democrat,2018-05-03,2022-05-04,False,https://www.birmingham.gov.uk/info/50381/past_election_results/1685/local_government_election_results_may_2018/3
86edacd24d6d6c65,Lloyd Peter James,Liberal Democrats,2022-05-05,,True,https://www.birmingham.gov.uk/directory_record/370736/frankley_great_park_ward_results
70bf16c7f4e67dc5,Wood Barbara Iris,The Conservative Party Candidate,2018-05-03,,True,https://www.birmingham.gov.uk/info/50381/past_election_results/1685/local_government_election_results_may_2018/3
56b88dbbe6964d31,Aitken Alex,Labour Party,2018-05-03,2022-05-04,False,https://www.birmingham.gov.uk/info/50381/past_election_results/1685/local_government_election_results_may_2018/3
56b88dbbe6964d31,Aitken Alex,Labour and Co-operative Party,2022-05-05,,True,https://www.birmingham.gov.uk/directory_record/370754/kings_norton_north_ward_results
87cd5f729c20ad18,Jevon Simon David Alan,The Conservative Party Candidate,2018-05-03,,True,https://www.birmingham.gov.uk/info/50381/past_election_results/1685/local_government_election_results_may_2018/3
dd47529554b7ddb5,Peace Brian Alec,Liberal Democrat,2018-05-03,,True,https://www.birmingham.gov.uk/info/50381/past_election_results/1685/local_government_election_results_may_2018/3
3c27554558aa51fd,"Hughes, Des",Labour Party,2018-05-03,2026-05-06,False,https://www.birmingham.gov.uk/info/50381/past_election_results/1685/local_government_election_results_may_2018/3
3c27554558aa51fd,"Hughes, Des",Independent,2026-05-07,,True,https://www.birmingham.gov.uk/info/50385/election_2026_candidates/3228/kingstanding_ward_election_2026
42cfc518edb3117c,Jones Jane,Labour Party,2018-05-03,,True,https://www.birmingham.gov.uk/info/50381/past_election_results/1685/local_government_election_results_may_2018/3
99ad8314ba40b65a,"Mendez, Violaine",Liberal Democrat,2018-05-03,2022-05-04,False,https://www.birmingham.gov.uk/info/50381/past_election_results/1685/local_government_election_results_may_2018/3
99ad8314ba40b65a,"Mendez, Violaine",Liberal Democrats,2022-05-05,,True,https://www.birmingham.gov.uk/directory_record/370758/longbridge_and_west_heath_ward_results
4a68ccac62465e4a,"Perrott, James",Liberal Democrat,2018-05-03,2022-05-04,False,https://www.birmingham.gov.uk/info/50381/past_election_results/1685/local_government_election_results_may_2018/3
4a68ccac62465e4a,"Perrott, James",Liberal Democrats,2022-05-05,,True,https://www.birmingham.gov.uk/directory_record/370730/soho_and_jewellery_quarter_ward_results
1e2b7993fc2fb87a,Sambrook Gary William,Conservative Party Candidate,2018-05-03,,True,https://www.birmingham.gov.uk/info/50381/past_election_results/1685/local_government_election_results_may_2018/3
1418702d9ac93f5f,"Storer, Ron",Conservative Party Candidate,2018-05-03,2026-05-06,False,https://www.birmingham.gov.uk/info/50381/past_election_results/1685/local_government_election_results_may_2018/3
1418702d9ac93f5f,"Storer, Ron",Local Conservatives,2026-05-07,,True,https://www.birmingham.gov.uk/info/50385/election_2026_candidates/3230/longbridge_and_west_heath_ward_election_2026
3209833fcef538ee,Bore Albert,Labour Party,2018-05-03,,True,https://www.birmingham.gov.uk/info/50381/past_election_results/1685/local_government_election_results_may_2018/4
26c00f00a58d37c3,Dargue Lee James,Liberal Democrat,2018-05-03,2022-05-04,False,https://www.birmingham.gov.uk/info/50381/past_election_results/1685/local_government_election_results_may_2018/4
26c00f00a58d37c3,Dargue Lee James,Liberal Democrats,2022-05-05,,True,https://www.birmingham.gov.uk/directory_record/370756/ladywood_ward_results
caabb0b4d1e819e1,Hartley Kath,Labour Party,2018-05-03,,True,https://www.birmingham.gov.uk/info/50381/past_election_results/1685/local_government_election_results_may_2018/4
fe5fda58b18c2e93,Jones Robert,Green Party,2018-05-03,,True,https://www.birmingham.gov.uk/info/50381/past_election_results/1685/local_government_election_results_may_2018/4
d542fc9067e9ffe9,Lambert Stephen James,Liberal Democrat,2018-05-03,,True,https://www.birmingham.gov.uk/info/50381/past_election_results/1685/local_government_election_results_may_2018/4
4e3e7afbeeb780ef,"Morris, Kenneth Oliver",Conservative Party Candidate,2018-05-03,2026-05-06,False,https://www.birmingham.gov.uk/info/50381/past_election_results/1685/local_government_election_results_may_2018/4
4e3e7afbeeb780ef,"Morris, Kenneth Oliver",Reform UK,2026-05-07,,True,https://www.birmingham.gov.uk/info/50385/election_2026_candidates/3213/erdington_ward_election_2026
e1949fc32cf95fb6,Qazi Nayaz Ahmed Omar,Conservative Party Candidate,2018-05-03,,True,https://www.birmingham.gov.uk/info/50381/past_election_results/1685/local_government_election_results_may_2018/4
5b1117729220b432,Clancy Debbie,Conservative Party Candidate,2018-05-03,,True,https://www.birmingham.gov.uk/info/50381/past_election_results/1685/local_government_election_results_may_2018/4
1e32f51ede468a15,Corrigan Carmel,Labour Party,2018-05-03,,True,https://www.birmingham.gov.uk/info/50381/past_election_results/1685/local_government_election_results_may_2018/4
8f825d3a01a28879,Duffy Hubert Joseph,Liberal Democrat,2018-05-03,,True,https://www.birmingham.gov.uk/info/50381/past_election_results/1685/local_government_election_results_may_2018/4
99d8dd3598866ab7,"Knight, Graham",Conservative Party Candidate,2018-05-03,2022-05-04,False,https://www.birmingham.gov.uk/info/50381/past_election_results/1685/local_government_election_results_may_2018/4
99d8dd3598866ab7,"Knight, Graham",Local Conservatives,2022-05-05,,True,https://www.birmingham.gov.uk/directory_record/370721/stirchley_ward_results
4a7094b21c48c998,O'Reilly Brett,Labour Party,2018-05-03,,True,https://www.birmingham.gov.uk/info/50381/past_election_results/1685/local_government_election_results_may_2018/4
d69a6ec34991b3c7,Pearce Susan,Green Party,2018-05-03,,True,https://www.birmingham.gov.uk/info/50381/past_election_results/1685/local_government_election_results_may_2018/4
a04a80933245bde9,Whorwood James Edward,Liberal Democrat,2018-05-03,,True,https://www.birmingham.gov.uk/info/50381/past_election_results/1685/local_government_election_results_may_2018/4
25b51e03b01623b2,Hussain Moshud Sadek,Liberal Democrat,2018-05-03,,True,https://www.birmingham.gov.uk/info/50381/past_election_results/1685/local_government_election_results_may_2018/4
68819fa096dded2f,Khalique Abdul,The Conservative Party Candidate,2018-05-03,2022-05-04,False,https://www.birmingham.gov.uk/info/50381/past_election_results/1685/local_government_election_results_may_2018/4
68819fa096dded2f,Khalique Abdul,Local Conservatives,2022-05-05,,True,https://www.birmingham.gov.uk/directory_record/370762/newtown_ward_results
9b7421fe4b71908d,Zaffar Waseem,Labour Party,2018-05-03,2022-05-04,False,https://www.birmingham.gov.uk/info/50381/past_election_results/1685/local_government_election_results_may_2018/4
9b7421fe4b71908d,Zaffar Waseem,Labour and Co-operative Party,2022-05-05,,True,https://www.birmingham.gov.uk/directory_record/370757/lozells_ward_results
8e6a77a8ca4aee5d,Farrow David Arthur,Liberal Democrat,2018-05-03,,True,https://www.birmingham.gov.uk/info/50381/past_election_results/1685/local_government_election_results_may_2018/4
00ac5f010ac61a9e,Izzy Knowles BEM,Liberal Democrat,2018-05-03,2022-05-04,False,https://www.birmingham.gov.uk/info/50381/past_election_results/1685/local_government_election_results_may_2018/4
00ac5f010ac61a9e,Izzy Knowles BEM,Liberal Democrats,2022-05-05,,True,https://www.birmingham.gov.uk/directory_record/370759/moseley_ward_results
7acab9ae086f7ac4,Jenkins Kerry Shaunna,Labour Party,2018-05-03,,True,https://www.birmingham.gov.uk/info/50381/past_election_results/1685/local_government_election_results_may_2018/4
a15d2af1159510e9,O'Callaghan Dominic Bernard Paul Hutton,Conservative Party Candidate,2018-05-03,,True,https://www.birmingham.gov.uk/info/50381/past_election_results/1685/local_government_election_results_may_2018/4
d15d7f56cb7d8790,Straker Welds Martin Gladstone,Labour Party,2018-05-03,,True,https://www.birmingham.gov.uk/info/50381/past_election_results/1685/local_government_election_results_may_2018/4
4d6dd1eab862c67e,Turner John Robert,Conservative Party Candidate,2018-05-03,,True,https://www.birmingham.gov.uk/info/50381/past_election_results/1685/local_government_election_results_may_2018/4
089d31859a0383ba,Xerri-Brooks Rachel Ruana,Green Party,2018-05-03,,True,https://www.birmingham.gov.uk/info/50381/past_election_results/1685/local_government_election_results_may_2018/4
a5a35ec20ff9a86b,Ali Tahir,Labour Party,2018-05-03,,True,https://www.birmingham.gov.uk/info/50381/past_election_results/1685/local_government_election_results_may_2018/4
72a18bb7f2841e71,Iqbal Shazad,Liberal Democrat,2018-05-03,,True,https://www.birmingham.gov.uk/info/50381/past_election_results/1685/local_government_election_results_may_2018/4
9e2b4d204cb2882e,Shastri-Hurst Neil,The Conservative Party Candidate,2018-05-03,,True,https://www.birmingham.gov.uk/info/50381/past_election_results/1685/local_government_election_results_may_2018/4
02bb1b586a26367c,Ahmed Sultan,Liberal Democrat,2018-05-03,,True,https://www.birmingham.gov.uk/info/50381/past_election_results/1685/local_government_election_results_may_2018/4
fa5ddba70bf0f486,"Islam, Ziaul",Labour Party,2018-05-03,2026-05-06,False,https://www.birmingham.gov.uk/info/50381/past_election_results/1685/local_government_election_results_may_2018/4
fa5ddba70bf0f486,"Islam, Ziaul",Independent,2026-05-07,,True,https://www.birmingham.gov.uk/info/50385/election_2026_candidates/3199/aston_ward_election_2026
2483dec1a1aa831a,"Jaddoo, Desmond Gustavus",The Conservative Party Candidate,2018-05-03,2022-05-04,False,https://www.birmingham.gov.uk/info/50381/past_election_results/1685/local_government_election_results_may_2018/4
2483dec1a1aa831a,"Jaddoo, Desmond Gustavus",We Matter Party,2022-05-05,2026-05-06,False,https://www.birmingham.gov.uk/directory_record/370762/newtown_ward_results
2483dec1a1aa831a,"Jaddoo, Desmond Gustavus",Independent,2026-05-07,,True,https://www.birmingham.gov.uk/info/50385/election_2026_candidates/3228/kingstanding_ward_election_2026
29352f76dfc9f071,Bellavia Gino,Independent,2018-05-03,,True,https://www.birmingham.gov.uk/info/50381/past_election_results/1685/local_government_election_results_may_2018/4
f36bf7c649c3dd73,Hilton Edward Patrick,Liberal Democrat,2018-05-03,,True,https://www.birmingham.gov.uk/info/50381/past_election_results/1685/local_government_election_results_may_2018/4
b329febe2e3ef76a,Hood Jonathan Paul,Liberal Democrat,2018-05-03,,True,https://www.birmingham.gov.uk/info/50381/past_election_results/1685/local_government_election_results_may_2018/4
b959e4fe25d11501,Padda Raj,Conservative Party Candidate,2018-05-03,,True,https://www.birmingham.gov.uk/info/50381/past_election_results/1685/local_government_election_results_may_2018/4
23c65a415ff928ef,Rice Carl Joseph,Labour Party,2018-05-03,,True,https://www.birmingham.gov.uk/info/50381/past_election_results/1685/local_government_election_results_may_2018/4
be62ebb5b00fc427,Sidhu Dal,Conservative Party Candidate,2018-05-03,,True,https://www.birmingham.gov.uk/info/50381/past_election_results/1685/local_government_election_results_may_2018/4
a187181acc10abfe,Thompson Sharon,Labour Party,2018-05-03,,True,https://www.birmingham.gov.uk/info/50381/past_election_results/1685/local_government_election_results_may_2018/4
4eb1cb09e7eb1585,Armstrong Olly,Labour Party,2018-05-03,,True,https://www.birmingham.gov.uk/info/50381/past_election_results/1685/local_government_election_results_may_2018/4
65067f78a2be3d2e,Brew Randal Anthony Maddock,The Conservative Party Candidate,2018-05-03,,True,https://www.birmingham.gov.uk/info/50381/past_election_results/1685/local_government_election_results_may_2018/4
9e268145e0112d2c,Moles Andrew William,Liberal Democrat,2018-05-03,,True,https://www.birmingham.gov.uk/info/50381/past_election_results/1685/local_government_election_results_may_2018/4
354e06c0b7889896,Okole Anne Margaret,Green Party,2018-05-03,,True,https://www.birmingham.gov.uk/info/50381/past_election_results/1685/local_government_election_results_may_2018/4
3b285f18ec903223,Coffey Tom,Conservative Party Candidate,2018-05-03,,True,https://www.birmingham.gov.uk/info/50381/past_election_results/1685/local_government_election_results_may_2018/4
fe50e6e3e32bfc6e,"Dring, Barbara",Labour Party,2018-05-03,2026-05-06,False,https://www.birmingham.gov.uk/info/50381/past_election_results/1685/local_government_election_results_may_2018/4
fe50e6e3e32bfc6e,"Dring, Barbara",Independent,2026-05-07,,True,https://www.birmingham.gov.uk/info/50385/election_2026_candidates/3237/oscott_ward_election_2026
0d1d3eac08252ce6,Eyles Harry,Green Party,2018-05-03,,True,https://www.birmingham.gov.uk/info/50381/past_election_results/1685/local_government_election_results_may_2018/4
d97beb4f20ec6ac7,Fullylove Andrew James,Liberal Democrat,2018-05-03,,True,https://www.birmingham.gov.uk/info/50381/past_election_results/1685/local_government_election_results_may_2018/4
a451d9e3635b015a,Hunt Marcia,Liberal Democrat,2018-05-03,,True,https://www.birmingham.gov.uk/info/50381/past_election_results/1685/local_government_election_results_may_2018/4
1a3bd5a487e11d25,Leung Leona,Conservative Party Candidate,2018-05-03,,True,https://www.birmingham.gov.uk/info/50381/past_election_results/1685/local_government_election_results_may_2018/4
3444f5ded08e93d1,Linnecor Keith William,Labour Party,2018-05-03,,True,https://www.birmingham.gov.uk/info/50381/past_election_results/1685/local_government_election_results_may_2018/4
ee251508b5c08ef3,Coffey Janet May,Conservative Party Candidate,2018-05-03,,True,https://www.birmingham.gov.uk/info/50381/past_election_results/1685/local_government_election_results_may_2018/5
96c6ff1a19872d50,"Hanif, Mohammed",Labour Party,2018-05-03,2022-05-04,False,https://www.birmingham.gov.uk/info/50381/past_election_results/1685/local_government_election_results_may_2018/5
96c6ff1a19872d50,"Hanif, Mohammed",Labour and Co-operative Party,2022-05-05,2026-05-06,False,https://www.birmingham.gov.uk/directory_record/370765/perry_barr_ward_results
96c6ff1a19872d50,"Hanif, Mohammed",Labour Party,2026-05-07,,True,https://www.birmingham.gov.uk/info/50385/election_2026_candidates/3199/aston_ward_election_2026
8b5abd993f6a5c41,Hunt Jon,Liberal Democrat Focus Team,2018-05-03,2022-05-04,False,https://www.birmingham.gov.uk/info/50381/past_election_results/1685/local_government_election_results_may_2018/5
8b5abd993f6a5c41,Hunt Jon,Liberal Democrats,2022-05-05,,True,https://www.birmingham.gov.uk/directory_record/370765/perry_barr_ward_results
f560d217ef676dc3,Kaur Sukhi,Labour Party,2018-05-03,,True,https://www.birmingham.gov.uk/info/50381/past_election_results/1685/local_government_election_results_may_2018/5
aed313001844a0ca,Morriam Jan,Liberal Democrat Focus Team,2018-05-03,2022-05-04,False,https://www.birmingham.gov.uk/info/50381/past_election_results/1685/local_government_election_results_may_2018/5
aed313001844a0ca,Morriam Jan,Liberal Democrats,2022-05-05,,True,https://www.birmingham.gov.uk/directory_record/370765/perry_barr_ward_results
01f3cf96b5dc7e47,Rashid Tariq,Conservative Party Candidate,2018-05-03,2022-05-04,False,https://www.birmingham.gov.uk/info/50381/past_election_results/1685/local_government_election_results_may_2018/5
01f3cf96b5dc7e47,Rashid Tariq,Local Conservatives,2022-05-05,,True,https://www.birmingham.gov.uk/directory_record/370722/bournbrook_and_selly_park_ward_results
53f28aaabd3dfba2,Ward Corinthia Joy,Trade Unionist and Socialist Coalition,2018-05-03,2022-05-04,False,https://www.birmingham.gov.uk/info/50381/past_election_results/1685/local_government_election_results_may_2018/5
53f28aaabd3dfba2,Ward Corinthia Joy,Trade Unionist and Socialist Coalition Party,2022-05-05,,True,https://www.birmingham.gov.uk/directory_record/370735/erdington_ward_results
13a624e0c17f7d91,"Allsop, Stephen Richard",Liberal Democrat,2018-05-03,2022-05-04,False,https://www.birmingham.gov.uk/info/50381/past_election_results/1685/local_government_election_results_may_2018/5
13a624e0c17f7d91,"Allsop, Stephen Richard",Liberal Democrats,2022-05-05,,True,https://www.birmingham.gov.uk/directory_record/370766/perry_common_ward_results
4cb24530d066b829,Beauchamp Bob,The Conservative Party Candidate,2018-05-03,,True,https://www.birmingham.gov.uk/info/50381/past_election_results/1685/local_government_election_results_may_2018/5
f9eebaf1e16ee392,"Ward, Anita",Labour and Co-operative Party,2018-05-03,2026-05-06,False,https://www.birmingham.gov.uk/info/50381/past_election_results/1685/local_government_election_results_may_2018/5
f9eebaf1e16ee392,"Ward, Anita",Labour Party,2026-05-07,,True,https://www.birmingham.gov.uk/info/50385/election_2026_candidates/3228/kingstanding_ward_election_2026
a4e7c825d35ada1b,Bentley John,Green Party,2018-05-03,,True,https://www.birmingham.gov.uk/info/50381/past_election_results/1685/local_government_election_results_may_2018/5
2def351e40099944,Holtom Ann,Liberal Democrat,2018-05-03,,True,https://www.birmingham.gov.uk/info/50381/past_election_results/1685/local_government_election_results_may_2018/5
5348ed4b6df217c4,Sharpe Michael John,Labour Party,2018-05-03,,True,https://www.birmingham.gov.uk/info/50381/past_election_results/1685/local_government_election_results_may_2018/5
f1b87d9045e89f06,"Welch, Clifton Frederick",The Conservative Party Candidate,2018-05-03,2022-05-04,False,https://www.birmingham.gov.uk/info/50381/past_election_results/1685/local_government_election_results_may_2018/5
f1b87d9045e89f06,"Welch, Clifton Frederick",Local Conservatives,2022-05-05,,True,https://www.birmingham.gov.uk/directory_record/370767/pype_hayes_ward_results
960dd3b2f6d35bfa,Bolton James,Green Party,2018-05-03,,True,https://www.birmingham.gov.uk/info/50381/past_election_results/1685/local_government_election_results_may_2018/5
8f2be1480966da78,Booth Kate,Labour and Co-operative Party,2018-05-03,,True,https://www.birmingham.gov.uk/info/50381/past_election_results/1685/local_government_election_results_may_2018/5
b3b5998f3aa8c7a6,Chandler Georgina,Conservative Party Candidate,2018-05-03,,True,https://www.birmingham.gov.uk/info/50381/past_election_results/1685/local_government_election_results_may_2018/5
dcaf3e88c96d6be8,Clancy John Michael,Labour and Co-operative Party,2018-05-03,,True,https://www.birmingham.gov.uk/info/50381/past_election_results/1685/local_government_election_results_may_2018/5
9947c48430c9d55d,Garrett Julia Franceska,Liberal Democrat,2018-05-03,,True,https://www.birmingham.gov.uk/info/50381/past_election_results/1685/local_government_election_results_may_2018/5
48055f51109dd66d,Okello Rachel Judith,Conservative Party Candidate,2018-05-03,2022-05-04,False,https://www.birmingham.gov.uk/info/50381/past_election_results/1685/local_government_election_results_may_2018/5
48055f51109dd66d,Okello Rachel Judith,Local Conservatives,2022-05-05,,True,https://www.birmingham.gov.uk/directory_record/370766/perry_common_ward_results
f9463237fd0dadf3,Walker Joanna Mary,Liberal Democrat,2018-05-03,,True,https://www.birmingham.gov.uk/info/50381/past_election_results/1685/local_government_election_results_may_2018/5
5c1bfec3734ba0b6,Ball Robert,Green Party,2018-05-03,,True,https://www.birmingham.gov.uk/info/50381/past_election_results/1685/local_government_election_results_may_2018/5
51caa964faf3ac50,"Delaney, Adrian Joseph",The Conservative Party Candidate,2018-05-03,2026-05-06,False,https://www.birmingham.gov.uk/info/50381/past_election_results/1685/local_government_election_results_may_2018/5
51caa964faf3ac50,"Delaney, Adrian Joseph",Local Conservatives,2026-05-07,,True,https://www.birmingham.gov.uk/info/50385/election_2026_candidates/3242/rubery_and_rednal_ward_election_2026
c9bc02bc4c85ac9a,Griffiths Carole Lesley,Labour Party,2018-05-03,,True,https://www.birmingham.gov.uk/info/50381/past_election_results/1685/local_government_election_results_may_2018/5
d3be8051cd22b969,Hannon Kevin Francis,Liberal Democrat,2018-05-03,,True,https://www.birmingham.gov.uk/info/50381/past_election_results/1685/local_government_election_results_may_2018/5
5662586b61bc5832,Alden John Edward Cambray,The Conservative Party Candidate,2018-05-03,,True,https://www.birmingham.gov.uk/info/50381/past_election_results/1685/local_government_election_results_may_2018/6
44e183309726be95,Andrews Mark David,Trade Unionist and Socialist Coalition,2018-05-03,,True,https://www.birmingham.gov.uk/info/50381/past_election_results/1685/local_government_election_results_may_2018/6
bf5db5206a393933,"Barber, Christopher Francis",Liberal Democrat,2018-05-03,2022-05-04,False,https://www.birmingham.gov.uk/info/50381/past_election_results/1685/local_government_election_results_may_2018/6
bf5db5206a393933,"Barber, Christopher Francis",Liberal Democrats,2022-05-05,,True,https://www.birmingham.gov.uk/directory_record/370772/shard_end_ward_results
e1145a465b1c9215,Harrison Michael John,Green Party,2018-05-03,,True,https://www.birmingham.gov.uk/info/50381/past_election_results/1685/local_government_election_results_may_2018/6
7156236880d78e61,Scroggie James Patrick,-,2018-05-03,,True,https://www.birmingham.gov.uk/info/50381/past_election_results/1685/local_government_election_results_may_2018/6
8bf3fb4fd4664365,Ward Ian Antony,Labour Party,2018-05-03,,True,https://www.birmingham.gov.uk/info/50381/past_election_results/1685/local_government_election_results_may_2018/6
46a9c8cea4ae1f92,Ali Suhel,Conservative Party Candidate,2018-05-03,,True,https://www.birmingham.gov.uk/info/50381/past_election_results/1685/local_government_election_results_may_2018/6
0bc0b5b6b8b2b070,Collins Bob,Labour Party,2018-05-03,,True,https://www.birmingham.gov.uk/info/50381/past_election_results/1685/local_government_election_results_may_2018/6
7582c9b250bd3209,Harrison Kevin,Green Party,2018-05-03,,True,https://www.birmingham.gov.uk/info/50381/past_election_results/1685/local_government_election_results_may_2018/6
4681b89e9a25cbb9,Larden Julia,Labour Party,2018-05-03,,True,https://www.birmingham.gov.uk/info/50381/past_election_results/1685/local_government_election_results_may_2018/6
4cae8fa6cd63997c,Psirides Nicholas,Conservative Party Candidate,2018-05-03,,True,https://www.birmingham.gov.uk/info/50381/past_election_results/1685/local_government_election_results_may_2018/6
c0bee63ec5589ae2,"Tilsley, Paul Calvin",Liberal Democrat,2018-05-03,2022-05-04,False,https://www.birmingham.gov.uk/info/50381/past_election_results/1685/local_government_election_results_may_2018/6
c0bee63ec5589ae2,"Tilsley, Paul Calvin",Liberal Democrats,2022-05-05,,True,https://www.birmingham.gov.uk/directory_record/370773/sheldon_ward_results
a76218957dae40a1,"Ward, Mike",Liberal Democrat,2018-05-03,2026-05-06,False,https://www.birmingham.gov.uk/info/50381/past_election_results/1685/local_government_election_results_may_2018/6
a76218957dae40a1,"Ward, Mike",Liberal Democrats,2026-05-07,,True,https://www.birmingham.gov.uk/info/50385/election_2026_candidates/3212/edgbaston_ward_election_2026
05b09e7afa3a1d00,Ahmed Shaaky,Independent,2018-05-03,,True,https://www.birmingham.gov.uk/info/50381/past_election_results/1685/local_government_election_results_may_2018/6
0c74f9427458b86b,Akhtar Pervez,Conservative Party Candidate,2018-05-03,,True,https://www.birmingham.gov.uk/info/50381/past_election_results/1685/local_government_election_results_may_2018/6
982a990bf3083a78,Akhtar Safia Alif Noor,Labour Party,2018-05-03,,True,https://www.birmingham.gov.uk/info/50381/past_election_results/1685/local_government_election_results_may_2018/6
65a962b554fdad8e,Clawley Hazel Marjorie,Green Party,2018-05-03,,True,https://www.birmingham.gov.uk/info/50381/past_election_results/1685/local_government_election_results_may_2018/6
a2825937d51e5a2b,Khan Zaheer,Labour Party,2018-05-03,,True,https://www.birmingham.gov.uk/info/50381/past_election_results/1685/local_government_election_results_may_2018/6
462606f455ea2663,"Moynihan, Gerry",Liberal Democrat,2018-05-03,2022-05-04,False,https://www.birmingham.gov.uk/info/50381/past_election_results/1685/local_government_election_results_may_2018/6
462606f455ea2663,"Moynihan, Gerry",Liberal Democrats,2022-05-05,2026-05-06,False,https://www.birmingham.gov.uk/directory_record/370717/bordesley_green_ward_results
462606f455ea2663,"Moynihan, Gerry",Independent,2026-05-07,,True,https://www.birmingham.gov.uk/info/50385/election_2026_candidates/3204/bordesley_and_highgate_ward_election_2026
795e8d6d311c3d6e,Shaukat Ali Khan,Liberal Democrat,2018-05-03,2022-05-04,False,https://www.birmingham.gov.uk/info/50381/past_election_results/1685/local_government_election_results_may_2018/6
795e8d6d311c3d6e,Shaukat Ali Khan,Liberal Democrats,2022-05-05,,True,https://www.birmingham.gov.uk/directory_record/370737/garretts_green_ward_results
272f3605c3bde07b,Uddin Kabir,Conservative Party Candidate,2018-05-03,,True,https://www.birmingham.gov.uk/info/50381/past_election_results/1685/local_government_election_results_may_2018/6
c8eafd1f8d32747b,Choudhury Janatul Thamanna,Conservative Party Candidate,2018-05-03,,True,https://www.birmingham.gov.uk/info/50381/past_election_results/1685/local_government_election_results_may_2018/6
b24dcd3aaa9c239a,Dennis Kefentse,Green Party,2018-05-03,,True,https://www.birmingham.gov.uk/info/50381/past_election_results/1685/local_government_election_results_may_2018/6
b46405a9c69a0ac9,Hardy Gareth Andrew,Liberal Democrat,2018-05-03,2022-05-04,False,https://www.birmingham.gov.uk/info/50381/past_election_results/1685/local_government_election_results_may_2018/6
b46405a9c69a0ac9,Hardy Gareth Andrew,Liberal Democrats,2022-05-05,,True,https://www.birmingham.gov.uk/directory_record/370730/soho_and_jewellery_quarter_ward_results
1e3f967cd3416cf5,Islam Mohammed Kaisarul,Conservative Party Candidate,2018-05-03,,True,https://www.birmingham.gov.uk/info/50381/past_election_results/1685/local_government_election_results_may_2018/6
4b2438d9be639d64,"Lal, Chaman",Labour Party,2018-05-03,2026-05-06,False,https://www.birmingham.gov.uk/info/50381/past_election_results/1685/local_government_election_results_may_2018/6
4b2438d9be639d64,"Lal, Chaman",Independent,2026-05-07,,True,https://www.birmingham.gov.uk/info/50385/election_2026_candidates/3220/handsworth_ward_election_2026
9285fd3a6e418019,Maxwell Richard William,Liberal Democrat,2018-05-03,,True,https://www.birmingham.gov.uk/info/50381/past_election_results/1685/local_government_election_results_may_2018/6
4baf0c3aa1c3431b,Spence Sybil,Labour Party,2018-05-03,,True,https://www.birmingham.gov.uk/info/50381/past_election_results/1685/local_government_election_results_may_2018/6
d08ebf5893ad03d9,Axford Susan,The Conservative Party Candidate,2018-05-03,2022-05-04,False,https://www.birmingham.gov.uk/info/50381/past_election_results/1685/local_government_election_results_may_2018/6
d08ebf5893ad03d9,Axford Susan,Local Conservatives,2022-05-05,,True,https://www.birmingham.gov.uk/directory_record/370773/sheldon_ward_results
64ed5faa73aae6b1,Garghan Christopher,Green Party,2018-05-03,,True,https://www.birmingham.gov.uk/info/50381/past_election_results/1685/local_government_election_results_may_2018/6
47db6ac51d75cd5a,Welburn David Arthur,Labour Party,2018-05-03,,True,https://www.birmingham.gov.uk/info/50381/past_election_results/1685/local_government_election_results_may_2018/6
8179ac58da309b54,Zaker Choudhry,Liberal Democrat,2018-05-03,2022-05-04,False,https://www.birmingham.gov.uk/info/50381/past_election_results/1685/local_government_election_results_may_2018/6
8179ac58da309b54,Zaker Choudhry,Liberal Democrats,2022-05-05,,True,https://www.birmingham.gov.uk/directory_record/370727/south_yardley_ward_results
686db484f66820b4,Abedin Md Joynal,Liberal Democrat,2018-05-03,,True,https://www.birmingham.gov.uk/info/50381/past_election_results/1685/local_government_election_results_may_2018/6
34243f456ed7a1b3,"Abu, Nowshed",Conservative Party Candidate,2018-05-03,2022-05-04,False,https://www.birmingham.gov.uk/info/50381/past_election_results/1685/local_government_election_results_may_2018/6
34243f456ed7a1b3,"Abu, Nowshed",Local Conservatives,2022-05-05,2026-05-06,False,https://www.birmingham.gov.uk/directory_record/370728/small_heath_ward_results
34243f456ed7a1b3,"Abu, Nowshed",Your Party,2026-05-07,,True,https://www.birmingham.gov.uk/info/50385/election_2026_candidates/3248/sparkbrook_and_balsall_heath_east_ward_election_2026
69742611131a7fec,Azim Mohammed,Labour Party,2018-05-03,,True,https://www.birmingham.gov.uk/info/50381/past_election_results/1685/local_government_election_results_may_2018/6
b84732bf5092bfe1,"Hussain, Shabrana",Labour Party,2018-05-03,,True,https://www.birmingham.gov.uk/info/50381/past_election_results/1685/local_government_election_results_may_2018/6
122aac77fe903062,Roxanne Green,Green Party,2018-05-03,,True,https://www.birmingham.gov.uk/info/50381/past_election_results/1685/local_government_election_results_may_2018/6
fb3a6c1167e85d5a,Singh Satwinder,Liberal Democrat,2018-05-03,,True,https://www.birmingham.gov.uk/info/50381/past_election_results/1685/local_government_election_results_may_2018/6
a1abdb4ccb2e3c76,Sweet Mohammed Choudhury,Conservative Party Candidate,2018-05-03,,True,https://www.birmingham.gov.uk/info/50381/past_election_results/1685/local_government_election_results_may_2018/6
5fd65531d753ffb3,"Choudhry, Tanveer",Liberal Democrat,2018-05-03,2022-05-04,False,https://www.birmingham.gov.uk/info/50381/past_election_results/1685/local_government_election_results_may_2018/6
5fd65531d753ffb3,"Choudhry, Tanveer",Local Conservatives,2022-05-05,2026-05-06,False,https://www.birmingham.gov.uk/directory_record/370744/hall_green_north_ward_results
5fd65531d753ffb3,"Choudhry, Tanveer",Liberal Democrats,2026-05-07,,True,https://www.birmingham.gov.uk/info/50385/election_2026_candidates/3249/sparkhill_ward_election_2026
f4991248187d8eb5,Fazal Mohammed,Labour Party,2018-05-03,,True,https://www.birmingham.gov.uk/info/50381/past_election_results/1685/local_government_election_results_may_2018/6
63ded36ceb9e9fa7,"Hussain, Tassawar",Liberal Democrat,2018-05-03,2026-05-06,False,https://www.birmingham.gov.uk/info/50381/past_election_results/1685/local_government_election_results_may_2018/6
63ded36ceb9e9fa7,"Hussain, Tassawar",Liberal Democrats,2026-05-07,,True,https://www.birmingham.gov.uk/info/50385/election_2026_candidates/3249/sparkhill_ward_election_2026
9b90e62926f7e3d2,Mohammed Murad,Conservative Party Candidate,2018-05-03,,True,https://www.birmingham.gov.uk/info/50381/past_election_results/1685/local_government_election_results_may_2018/6
dfa474b1a12da0e5,Nicky Brennan,Labour Party,2018-05-03,,True,https://www.birmingham.gov.uk/info/50381/past_election_results/1685/local_government_election_results_may_2018/6
60c6ea6cfbbc4dc9,Talukder Mohammed Zia Uddin,Conservative Party Candidate,2018-05-03,,True,https://www.birmingham.gov.uk/info/50381/past_election_results/1685/local_government_election_results_may_2018/6
8e4ba3e35e608b8d,"Banting, Philip Andrew",Liberal Democrat,2018-05-03,2022-05-04,False,https://www.birmingham.gov.uk/info/50381/past_election_results/1685/local_government_election_results_may_2018/6
8e4ba3e35e608b8d,"Banting, Philip Andrew",Liberal Democrats,2022-05-05,,True,https://www.birmingham.gov.uk/directory_record/370721/stirchley_ward_results
adf1be3426180ded,Lawrence Reuben,Birmingham Worker,2018-05-03,,True,https://www.birmingham.gov.uk/info/50381/past_election_results/1685/local_government_election_results_may_2018/6
7dd884c1540296fa,"Locke, Mary",Labour and Co-operative Party,2018-05-03,,True,https://www.birmingham.gov.uk/info/50381/past_election_results/1685/local_government_election_results_may_2018/6
021b0e17dabdd1db,"Stanton, Elly",Green Party,2018-05-03,2026-05-06,False,https://www.birmingham.gov.uk/info/50381/past_election_results/1685/local_government_election_results_may_2018/6
021b0e17dabdd1db,"Stanton, Elly",Liberal Democrats,2026-05-07,,True,https://www.birmingham.gov.uk/info/50385/election_2026_candidates/3262/weoley_and_selly_oak_ward_election_2026
84f3717422ce3006,Williams Owen Vaughan,The Conservative Party Candidate,2018-05-03,,True,https://www.birmingham.gov.uk/info/50381/past_election_results/1685/local_government_election_results_may_2018/6
3ba220d750afdd5c,Harmer Joseph Benjamin,Liberal Democrat,2018-05-03,2022-05-04,False,https://www.birmingham.gov.uk/info/50381/past_election_results/1685/local_government_election_results_may_2018/6
3ba220d750afdd5c,Harmer Joseph Benjamin,Liberal Democrats,2022-05-05,,True,https://www.birmingham.gov.uk/directory_record/370741/harborne_ward_results
094a0f44c50ee292,Holbrook Penny,Labour Party,2018-05-03,,True,https://www.birmingham.gov.uk/info/50381/past_election_results/1685/local_government_election_results_may_2018/6
14eddb4aa3cf0a67,Jones Josh,Labour Party,2018-05-03,,True,https://www.birmingham.gov.uk/info/50381/past_election_results/1685/local_government_election_results_may_2018/6
5ff72d811f4c5a4b,Kayani Mohammad Shahnawaz,Conservative Party Candidate,2018-05-03,,True,https://www.birmingham.gov.uk/info/50381/past_election_results/1685/local_government_election_results_may_2018/6
4f3de31d0d83a2b4,"Mehmood, Asif",Conservative Party Candidate,2018-05-03,2022-05-04,False,https://www.birmingham.gov.uk/info/50381/past_election_results/1685/local_government_election_results_may_2018/6
4f3de31d0d83a2b4,"Mehmood, Asif",Local Conservatives,2022-05-05,2026-05-06,False,https://www.birmingham.gov.uk/directory_record/370739/gravelly_hill_ward_results
4f3de31d0d83a2b4,"Mehmood, Asif",Independent,2026-05-07,,True,https://www.birmingham.gov.uk/info/50385/election_2026_candidates/3217/gravelly_hill_ward_election_2026
888ae821342d73f0,Syed Riz,Liberal Democrat,2018-05-03,,True,https://www.birmingham.gov.uk/info/50381/past_election_results/1685/local_government_election_results_may_2018/6
8a66678054ec316b,"Woodley, Ted",Trade Unionist and Socialist Coalition,2018-05-03,,True,https://www.birmingham.gov.uk/info/50381/past_election_results/1685/local_government_election_results_may_2018/6
3a48081de295bc2e,"Barley, Roger",Labour Party,2018-05-03,,True,https://www.birmingham.gov.uk/info/50381/past_election_results/1685/local_government_election_results_may_2018/6
189084bebee3a0d8,Cornish Maureen,The Conservative Party Candidate,2018-05-03,,True,https://www.birmingham.gov.uk/info/50381/past_election_results/1685/local_government_election_results_may_2018/6
e5b6a2dcece0adf1,Nunan Fiona,Green Party,2018-05-03,,True,https://www.birmingham.gov.uk/info/50381/past_election_results/1685/local_government_election_results_may_2018/6
9cd3a54607e87a06,"Willett, David Michael",Liberal Democrat,2018-05-03,2022-05-04,False,https://www.birmingham.gov.uk/info/50381/past_election_results/1685/local_government_election_results_may_2018/6
9cd3a54607e87a06,"Willett, David Michael",Liberal Democrats,2022-05-05,,True,https://www.birmingham.gov.uk/directory_record/370771/sutton_four_oaks_ward_results
6a2243f5421d570f,Brindley Ian,Labour Party,2018-05-03,,True,https://www.birmingham.gov.uk/info/50381/past_election_results/1685/local_government_election_results_may_2018/6
21ebe63df7eac4b4,Mayner Jonny,Liberal Democrat,2018-05-03,,True,https://www.birmingham.gov.uk/info/50381/past_election_results/1685/local_government_election_results_may_2018/6
7c0f87203f7d8201,Meirion Jenkins,The Conservative Party Candidate,2018-05-03,2026-05-06,False,https://www.birmingham.gov.uk/info/50381/past_election_results/1685/local_government_election_results_may_2018/6
7c0f87203f7d8201,Meirion Jenkins,Local Conservatives,2026-05-07,,True,https://www.birmingham.gov.uk/info/50385/election_2026_candidates/3253/sutton_mere_green_ward_election_2026
68a1e4d207c6bfe5,Ratcliff David Martin,Green Party,2018-05-03,,True,https://www.birmingham.gov.uk/info/50381/past_election_results/1685/local_government_election_results_may_2018/6
e7b795712fac9260,Cotterill Stewart James,UK Independence Party (UKIP),2018-05-03,,True,https://www.birmingham.gov.uk/info/50381/past_election_results/1685/local_government_election_results_may_2018/6
0be2b4efe91b0242,"Cotterill, Timothy James",Liberal Democrat,2018-05-03,2026-05-06,False,https://www.birmingham.gov.uk/info/50381/past_election_results/1685/local_government_election_results_may_2018/6
0be2b4efe91b0242,"Cotterill, Timothy James",Liberal Democrats,2026-05-07,,True,https://www.birmingham.gov.uk/info/50385/election_2026_candidates/3255/sutton_roughley_ward_election_2026
e685ca5686d48925,Hodivala Charlotte,The Conservative Party Candidate,2018-05-03,,True,https://www.birmingham.gov.uk/info/50381/past_election_results/1685/local_government_election_results_may_2018/6
624755c9fc48b523,Preston Judy,Labour Party,2018-05-03,,True,https://www.birmingham.gov.uk/info/50381/past_election_results/1685/local_government_election_results_may_2018/6
f834b2a1ba61e4f6,Greaves Will,Green Party,2018-05-03,,True,https://www.birmingham.gov.uk/info/50381/past_election_results/1685/local_government_election_results_may_2018/6
836177dbe2ef931f,Mackey Ewan,The Conservative Party Candidate,2018-05-03,,True,https://www.birmingham.gov.uk/info/50381/past_election_results/1685/local_government_election_results_may_2018/6
687582583c84dadd,Potter Kate,Liberal Democrat,2018-05-03,,True,https://www.birmingham.gov.uk/info/50381/past_election_results/1685/local_government_election_results_may_2018/6
ac6bc7f362f25707,Tomlinson Paul,Labour Party,2018-05-03,,True,https://www.birmingham.gov.uk/info/50381/past_election_results/1685/local_government_election_results_may_2018/6
d42709ea64998f9c,David Pears,The Conservative Party Candidate,2018-05-03,2026-05-06,False,https://www.birmingham.gov.uk/info/50381/past_election_results/1685/local_government_election_results_may_2018/6
d42709ea64998f9c,David Pears,Local Conservatives,2026-05-07,,True,https://www.birmingham.gov.uk/info/50385/election_2026_candidates/3256/sutton_trinity_ward_election_2026
055757fce0314dac,French Peter Robert,Labour Party,2018-05-03,,True,https://www.birmingham.gov.uk/info/50381/past_election_results/1685/local_government_election_results_may_2018/6
04288151cb3ab210,Madden Sean,Green Party,2018-05-03,,True,https://www.birmingham.gov.uk/info/50381/past_election_results/1685/local_government_election_results_may_2018/6
99cc987eac634fd0,"Wilkinson, Jenny",Liberal Democrat,2018-05-03,2022-05-04,False,https://www.birmingham.gov.uk/info/50381/past_election_results/1685/local_government_election_results_may_2018/6
99cc987eac634fd0,"Wilkinson, Jenny",Liberal Democrats,2022-05-05,,True,https://www.birmingham.gov.uk/directory_record/370720/sutton_trinity_ward_results
825cf1a1ad9dac74,Cairns Janet,Conservative Party Candidate,2018-05-03,,True,https://www.birmingham.gov.uk/info/50381/past_election_results/1685/local_government_election_results_may_2018/6
eaf6c4db95c691d2,Gibson Matthew James,Liberal Democrat,2018-05-03,,True,https://www.birmingham.gov.uk/info/50381/past_election_results/1685/local_government_election_results_may_2018/6
4514641fd8f53f88,Khalid Mohammed,Liberal Democrat,2018-05-03,,True,https://www.birmingham.gov.uk/info/50381/past_election_results/1685/local_government_election_results_may_2018/6
87b01e7414708019,Marriott Colin,Green Party,2018-05-03,,True,https://www.birmingham.gov.uk/info/50381/past_election_results/1685/local_government_election_results_may_2018/6
0f3f83d8cd06332b,Passey Louise,Conservative Party Candidate,2018-05-03,,True,https://www.birmingham.gov.uk/info/50381/past_election_results/1685/local_government_election_results_may_2018/6
7fa44f64bf8018b5,"Pocock, Rob",Labour Party,2018-05-03,,True,https://www.birmingham.gov.uk/info/50381/past_election_results/1685/local_government_election_results_may_2018/6
e0184d29f136179f,Scott Kath,Labour Party,2018-05-03,,True,https://www.birmingham.gov.uk/info/50381/past_election_results/1685/local_government_election_results_may_2018/6
f7be5491f25dc8fc,"Auton, Ben",Green Party,2018-05-03,,True,https://www.birmingham.gov.uk/info/50381/past_election_results/1685/local_government_election_results_may_2018/6
b37e9dd005007858,Barrie David Stuart,Conservative Party Candidate,2018-05-03,2022-05-04,False,https://www.birmingham.gov.uk/info/50381/past_election_results/1685/local_government_election_results_may_2018/6
b37e9dd005007858,Barrie David Stuart,The Conservative Party Candidate,2022-05-05,,True,https://www.birmingham.gov.uk/directory_record/370713/sutton_walmley_and_minworth_ward_results
922ea744268dabb3,"Cooke, David",Liberal Democrat,2018-05-03,2022-05-04,False,https://www.birmingham.gov.uk/info/50381/past_election_results/1685/local_government_election_results_may_2018/6
922ea744268dabb3,"Cooke, David",Liberal Democrats,2022-05-05,,True,https://www.birmingham.gov.uk/directory_record/370713/sutton_walmley_and_minworth_ward_results
914b9d4e175349b9,Coxall Katy,Labour Party,2018-05-03,,True,https://www.birmingham.gov.uk/info/50381/past_election_results/1685/local_government_election_results_may_2018/6
4d1b1078b92a230e,Finnegan Paul,Labour Party,2018-05-03,,True,https://www.birmingham.gov.uk/info/50381/past_election_results/1685/local_government_election_results_may_2018/6
e9257652a3078537,Garrington James Austin,Liberal Democrat,2018-05-03,2022-05-04,False,https://www.birmingham.gov.uk/info/50381/past_election_results/1685/local_government_election_results_may_2018/6
e9257652a3078537,Garrington James Austin,Liberal Democrats,2022-05-05,,True,https://www.birmingham.gov.uk/directory_record/370713/sutton_walmley_and_minworth_ward_results
fecc48b84224e02c,Ken Wood,Conservative Party Candidate,2018-05-03,2022-05-04,False,https://www.birmingham.gov.uk/info/50381/past_election_results/1685/local_government_election_results_may_2018/6
fecc48b84224e02c,Ken Wood,The Conservative Party Candidate,2022-05-05,2026-05-06,False,https://www.birmingham.gov.uk/directory_record/370713/sutton_walmley_and_minworth_ward_results
fecc48b84224e02c,Ken Wood,Local Conservatives,2026-05-07,,True,https://www.birmingham.gov.uk/info/50385/election_2026_candidates/3258/sutton_walmley_and_minworth_ward_election_2026
c93fb7f3cbab7ddc,O'Hagan David Michael,Independents for Sutton,2018-05-03,,True,https://www.birmingham.gov.uk/info/50381/past_election_results/1685/local_government_election_results_may_2018/6
a3beeb3c6a10648a,Alex Yip,The Conservative Party Candidate,2018-05-03,2026-05-06,False,https://www.birmingham.gov.uk/info/50381/past_election_results/1685/local_government_election_results_may_2018/6
a3beeb3c6a10648a,Alex Yip,Local Conservatives,2026-05-07,,True,https://www.birmingham.gov.uk/info/50385/election_2026_candidates/3259/sutton_wylde_green_ward_election_2026
7c90b8902e044071,Challenor Zoe,Green Party,2018-05-03,,True,https://www.birmingham.gov.uk/info/50381/past_election_results/1685/local_government_election_results_may_2018/6
c68efa3f1e080b2e,Johnson Terry,Labour Party,2018-05-03,,True,https://www.birmingham.gov.uk/info/50381/past_election_results/1685/local_government_election_results_may_2018/6
be7cc0811de4b427,Spencer John Malcolm,Liberal Democrat,2018-05-03,,True,https://www.birmingham.gov.uk/info/50381/past_election_results/1685/local_government_election_results_may_2018/6
db5e17fb3c0d46a2,Ali Syed Jamshed,Liberal Democrat,2018-05-03,,True,https://www.birmingham.gov.uk/info/50381/past_election_results/1685/local_government_election_results_may_2018/7
e89ae4da88da15fd,"Iqbal, Zafar",Labour Party,2018-05-03,2026-05-06,False,https://www.birmingham.gov.uk/info/50381/past_election_results/1685/local_government_election_results_may_2018/7
e89ae4da88da15fd,"Iqbal, Zafar",Local Conservatives,2026-05-07,,True,https://www.birmingham.gov.uk/info/50385/election_2026_candidates/3260/tyseley_and_hay_mills_ward_election_2026
d864752f4269b281,Khan Shafayet Ali,The Conservative Party Candidate,2018-05-03,,True,https://www.birmingham.gov.uk/info/50381/past_election_results/1685/local_government_election_results_may_2018/7
0ec0fc9eb4f60d29,Sheridan Mike,The Liberal Party Candidate,2018-05-03,,True,https://www.birmingham.gov.uk/info/50381/past_election_results/1685/local_government_election_results_may_2018/7
8c1fed6516f53982,"Aikhlaq, Mohammed",Labour Party,2018-05-03,,True,https://www.birmingham.gov.uk/info/50381/past_election_results/1685/local_government_election_results_may_2018/7
2b265f7abe27bd10,Ali Nazabit,Liberal Democrat,2018-05-03,,True,https://www.birmingham.gov.uk/info/50381/past_election_results/1685/local_government_election_results_may_2018/7
64fac60cc770465b,Hamblin Joseph David John,The Conservative Party Candidate,2018-05-03,,True,https://www.birmingham.gov.uk/info/50381/past_election_results/1685/local_government_election_results_may_2018/7
bb653d125745a51a,Hussain Wajid,Independent,2018-05-03,,True,https://www.birmingham.gov.uk/info/50381/past_election_results/1685/local_government_election_results_may_2018/7
209d84193bed00e3,Chatfield Tristan John Freeston,Labour Party,2018-05-03,,True,https://www.birmingham.gov.uk/info/50381/past_election_results/1685/local_government_election_results_may_2018/7
33e916b3b8972266,Flood Des,Conservative Party Candidate,2018-05-03,,True,https://www.birmingham.gov.uk/info/50381/past_election_results/1685/local_government_election_results_may_2018/7
00b6b3c5e5997a14,"Hardie, Andrew David",Conservative Party Candidate,2018-05-03,2026-05-06,False,https://www.birmingham.gov.uk/info/50381/past_election_results/1685/local_government_election_results_may_2018/7
00b6b3c5e5997a14,"Hardie, Andrew David",Local Conservatives,2026-05-07,,True,https://www.birmingham.gov.uk/info/50385/election_2026_candidates/3207/bournville_and_cotteridge_ward_election_2026
83c04565739c5cc7,Hart Nick,Trade Unionist and Socialist Coalition,2018-05-03,,True,https://www.birmingham.gov.uk/info/50381/past_election_results/1685/local_government_election_results_may_2018/7
897aaa742f140622,Johnson Julie,Labour Party,2018-05-03,,True,https://www.birmingham.gov.uk/info/50381/past_election_results/1685/local_government_election_results_may_2018/7
8f5240e69c261416,Masters Eleanor Jane,Green Party,2018-05-03,,True,https://www.birmingham.gov.uk/info/50381/past_election_results/1685/local_government_election_results_may_2018/7
523a9aa2d3fe227a,Sword Trevor Peter,Liberal Democrat,2018-05-03,,True,https://www.birmingham.gov.uk/info/50381/past_election_results/1685/local_government_election_results_may_2018/7
da01d2e00ecc3b18,"Wright, Robert Ian",Liberal Democrat,2018-05-03,2026-05-06,False,https://www.birmingham.gov.uk/info/50381/past_election_results/1685/local_government_election_results_may_2018/7
da01d2e00ecc3b18,"Wright, Robert Ian",Liberal Democrats,2026-05-07,,True,https://www.birmingham.gov.uk/info/50385/election_2026_candidates/3235/north_edgbaston_ward_election_2026
4d1697a9e2cc939c,Caldecott Edwin Luke Charles,The Conservative Party Candidate,2018-05-03,,True,https://www.birmingham.gov.uk/info/50381/past_election_results/1685/local_government_election_results_may_2018/7
2c4670367cda072a,Eustace Neil Anthony,Liberal Democrat,2018-05-03,,True,https://www.birmingham.gov.uk/info/50381/past_election_results/1685/local_government_election_results_may_2018/7
795bc179f61b7aeb,Wackett Ann Ruth,Labour Party,2018-05-03,,True,https://www.birmingham.gov.uk/info/50381/past_election_results/1685/local_government_election_results_may_2018/7
d11bc87b7ab61509,Ali Mothin,The Conservative Party Candidate,2018-05-03,,True,https://www.birmingham.gov.uk/info/50381/past_election_results/1685/local_government_election_results_may_2018/7
761ddcccf898c5d4,Baber Baz,Liberal Democrat,2018-05-03,2022-05-04,False,https://www.birmingham.gov.uk/info/50381/past_election_results/1685/local_government_election_results_may_2018/7
761ddcccf898c5d4,Baber Baz,Liberal Democrats,2022-05-05,,True,https://www.birmingham.gov.uk/directory_record/370703/yardley_west_and_stetchford_ward_results
47e139434522b339,Dad Basharat,Labour Party,2018-05-03,,True,https://www.birmingham.gov.uk/info/50381/past_election_results/1685/local_government_election_results_may_2018/7
32d3bfcbc7c319ca,Iqbal Malik Zafar,Local Conservatives,2022-05-05,,True,https://www.birmingham.gov.uk/directory_record/370699/acocks_green_ward_results
abd529b603e2c273,Makrinov Ninna Isabel,Labour Party,2022-05-05,,True,https://www.birmingham.gov.uk/directory_record/370699/acocks_green_ward_results
3a01c2e08fd28d2c,"O'Shea, John Anthony",Labour Party,2022-05-05,,True,https://www.birmingham.gov.uk/directory_record/370699/acocks_green_ward_results
4be78cf9e0432ac4,Shingadia Sunil,Local Conservatives,2022-05-05,,True,https://www.birmingham.gov.uk/directory_record/370699/acocks_green_ward_results
a1d46b1c249795c6,Deakin Jack,Labour and Co-operative Party,2022-05-05,,True,https://www.birmingham.gov.uk/directory_record/370700/allens_cross_ward_results
532fb2962d37342f,Rust Daniel Brian,Green Party,2022-05-05,,True,https://www.birmingham.gov.uk/directory_record/370700/allens_cross_ward_results
807939639bb33ccd,Hussain Ishraq,Liberal Democrats,2022-05-05,,True,https://www.birmingham.gov.uk/directory_record/370701/alum_rock_ward_results
06f5a1e72b9eac2a,Rani Farhat,Local Conservatives,2022-05-05,,True,https://www.birmingham.gov.uk/directory_record/370701/alum_rock_ward_results
c6c720661f90ad1a,Yousaf Wasim,Local Conservatives,2022-05-05,,True,https://www.birmingham.gov.uk/directory_record/370701/alum_rock_ward_results
b37667c08af35648,Choudhury Jahid,Local Conservatives,2022-05-05,,True,https://www.birmingham.gov.uk/directory_record/370702/aston_ward_results
abcd3e0d6ebd4d66,Coke Raymond George,We Matter Party,2022-05-05,,True,https://www.birmingham.gov.uk/directory_record/370702/aston_ward_results
bee1d8f477dbf4ec,"Gerald, Dorothy Elizabeth",We Matter Party,2022-05-05,2026-05-06,False,https://www.birmingham.gov.uk/directory_record/370702/aston_ward_results
bee1d8f477dbf4ec,"Gerald, Dorothy Elizabeth",Independent,2026-05-07,,True,https://www.birmingham.gov.uk/info/50385/election_2026_candidates/3199/aston_ward_election_2026
46e061b269ec70dd,Hakim Lokman,Local Conservatives,2022-05-05,,True,https://www.birmingham.gov.uk/directory_record/370702/aston_ward_results
925d796a0dae9e7b,Meah Nazma Begum,Breakthrough Party,2022-05-05,,True,https://www.birmingham.gov.uk/directory_record/370702/aston_ward_results
6fe24a23d7cbdc47,Mumtaz Hussain,Liberal Democrats,2022-05-05,,True,https://www.birmingham.gov.uk/directory_record/370702/aston_ward_results
1a2e7d457cd1ed89,"Guest, Carol",Green Party,2022-05-05,,True,https://www.birmingham.gov.uk/directory_record/370704/balsall_heath_west_ward_results
9c4e2d8c03f4eace,Khatoon Haleema,Liberal Democrats,2022-05-05,,True,https://www.birmingham.gov.uk/directory_record/370704/balsall_heath_west_ward_results
48fbd60a5250aa54,Moledina Shehla,Labour Party,2022-05-05,,True,https://www.birmingham.gov.uk/directory_record/370704/balsall_heath_west_ward_results
b8e42bd21c6330ad,"Scrivens, Paul Jonathan",Workers Party - Birmingham,2022-05-05,2026-05-06,False,https://www.birmingham.gov.uk/directory_record/370704/balsall_heath_west_ward_results
b8e42bd21c6330ad,"Scrivens, Paul Jonathan",Workers Party,2026-05-07,,True,https://www.birmingham.gov.uk/info/50385/election_2026_candidates/3213/erdington_ward_election_2026
13f0ea0e1f10a347,"Brewer, Kerry",Local Conservatives,2022-05-05,,True,https://www.birmingham.gov.uk/directory_record/370705/bartley_green_ward_results
155a885eac5d2a37,Hook Elaine,Labour and Co-operative Party,2022-05-05,,True,https://www.birmingham.gov.uk/directory_record/370705/bartley_green_ward_results
4aabb03a05c9f417,Knowles Martin John,Liberal Democrats,2022-05-05,,True,https://www.birmingham.gov.uk/directory_record/370705/bartley_green_ward_results
b733f2520b58b52b,Morrow Jacob,Liberal Democrats,2022-05-05,,True,https://www.birmingham.gov.uk/directory_record/370705/bartley_green_ward_results
9164c316750b9285,"Preston, Paul Simon",Labour and Co-operative Party,2022-05-05,,True,https://www.birmingham.gov.uk/directory_record/370705/bartley_green_ward_results
0395e3dc7c458a14,Bishop Ian,Reform UK,2022-05-05,,True,https://www.birmingham.gov.uk/directory_record/370709/billesley_ward_results
9d560965b100b121,Iroh Katherine,Labour Party,2022-05-05,,True,https://www.birmingham.gov.uk/directory_record/370709/billesley_ward_results
6d66e2b6da0f41d0,Maguire Clare,Liberal Democrats,2022-05-05,,True,https://www.birmingham.gov.uk/directory_record/370709/billesley_ward_results
28e5ee117cdb8ea4,McLernan Michael James Alexander,Local Conservatives,2022-05-05,,True,https://www.birmingham.gov.uk/directory_record/370709/billesley_ward_results
d88f989bbb1d4e36,"Neal, Ian",Liberal Democrats,2022-05-05,,True,https://www.birmingham.gov.uk/directory_record/370709/billesley_ward_results
f2a313d6dfd6fbac,Peacock Hilary Clare,Green Party,2022-05-05,,True,https://www.birmingham.gov.uk/directory_record/370709/billesley_ward_results
acb5616ba6ea3ebb,Peacock Joseph Michael,Green Party,2022-05-05,,True,https://www.birmingham.gov.uk/directory_record/370709/billesley_ward_results
3b35b1d3f7300001,"Qazi, Nayaz",Local Conservatives,2022-05-05,,True,https://www.birmingham.gov.uk/directory_record/370709/billesley_ward_results
d05ba9eb5e4ac96f,Anton Christopher Stephen,Liberal Democrats,2022-05-05,,True,https://www.birmingham.gov.uk/directory_record/370710/birchfield_ward_results
2349366b0fcb7116,Chanda Alak,Local Conservatives,2022-05-05,,True,https://www.birmingham.gov.uk/directory_record/370710/birchfield_ward_results
4124daabaa8c4f50,"Aziz, Raqeeb",Labour Party,2022-05-05,,True,https://www.birmingham.gov.uk/directory_record/370717/bordesley_green_ward_results
9b95f0cf538e8ee6,Burkey Wajad,Local Conservatives,2022-05-05,,True,https://www.birmingham.gov.uk/directory_record/370717/bordesley_green_ward_results
7efc042f17bd1e4d,Talukder Zia,Local Conservatives,2022-05-05,,True,https://www.birmingham.gov.uk/directory_record/370716/bordesley_and_highgate_ward_results
20a6ebb99c9b876b,Woollard Ed,Workers Party - Birmingham,2022-05-05,,True,https://www.birmingham.gov.uk/directory_record/370716/bordesley_and_highgate_ward_results
05fd175a3d752828,Curtis Robert Turner,Liberal Democrats,2022-05-05,,True,https://www.birmingham.gov.uk/directory_record/370722/bournbrook_and_selly_park_ward_results
ce0d15f4a19365af,Gilbert Patrick Wiliam,Liberal Democrats,2022-05-05,,True,https://www.birmingham.gov.uk/directory_record/370722/bournbrook_and_selly_park_ward_results
910cf69c4ff82b2a,Green Tom,Trade Unionist and Socialist Coalition,2022-05-05,,True,https://www.birmingham.gov.uk/directory_record/370722/bournbrook_and_selly_park_ward_results
e66bc16ef1f55722,"Nela, Musa",Local Conservatives,2022-05-05,,True,https://www.birmingham.gov.uk/directory_record/370722/bournbrook_and_selly_park_ward_results
fc305d2a10b0647e,Nelson Jane Elizabeth,Green Party,2022-05-05,,True,https://www.birmingham.gov.uk/directory_record/370722/bournbrook_and_selly_park_ward_results
82213ed78b566fbe,Neville Mathew John,Green Party,2022-05-05,,True,https://www.birmingham.gov.uk/directory_record/370722/bournbrook_and_selly_park_ward_results
554f31c315414240,Dawkins Nigel,Local Conservatives,2022-05-05,,True,https://www.birmingham.gov.uk/directory_record/370715/bournville_and_cotteridge_ward_results
c350b6c176dda5d3,"Dixon, Jack",Local Conservatives,2022-05-05,,True,https://www.birmingham.gov.uk/directory_record/370715/bournville_and_cotteridge_ward_results
6afb52c221d84fa8,Hentsch Phillippa Mary Elizabeth,Liberal Democrats,2022-05-05,,True,https://www.birmingham.gov.uk/directory_record/370715/bournville_and_cotteridge_ward_results
3e55fd5b68214173,Mabbett Ben,Green Party,2022-05-05,,True,https://www.birmingham.gov.uk/directory_record/370715/bournville_and_cotteridge_ward_results
f9821224d61ed716,Masters Rob,Green Party,2022-05-05,,True,https://www.birmingham.gov.uk/directory_record/370715/bournville_and_cotteridge_ward_results
2e15cfccfe630c8a,Radciffe David Stephen,Liberal Democrats,2022-05-05,,True,https://www.birmingham.gov.uk/directory_record/370715/bournville_and_cotteridge_ward_results
7145a9c4bb19fd27,Barker David Seán,Labour and Co-operative Party,2022-05-05,,True,https://www.birmingham.gov.uk/directory_record/370714/brandwood_and_kings_heath_ward_results
7c3d8cbe6c29f2c5,Bevin Phil,Workers Party - Birmingham,2022-05-05,,True,https://www.birmingham.gov.uk/directory_record/370714/brandwood_and_kings_heath_ward_results
4b06b1a5035298c9,Cox Patrick Hugo Anthony,Green Party,2022-05-05,,True,https://www.birmingham.gov.uk/directory_record/370714/brandwood_and_kings_heath_ward_results
137079c5cd545335,Hudson Mark,Independent,2022-05-05,,True,https://www.birmingham.gov.uk/directory_record/370714/brandwood_and_kings_heath_ward_results
b2883d74f1037b64,"Hussain, Asia",Local Conservatives,2022-05-05,2026-05-06,False,https://www.birmingham.gov.uk/directory_record/370714/brandwood_and_kings_heath_ward_results
b2883d74f1037b64,"Hussain, Asia",Liberal Democrats,2026-05-07,,True,https://www.birmingham.gov.uk/info/50385/election_2026_candidates/3198/alum_rock_ward_election_2026
ca812292b4bbd90a,Mullaney Martin James Paul,Liberal Democrats,2022-05-05,,True,https://www.birmingham.gov.uk/directory_record/370714/brandwood_and_kings_heath_ward_results
0c57a422def54791,Stanley Chris,Liberal Democrats,2022-05-05,,True,https://www.birmingham.gov.uk/directory_record/370714/brandwood_and_kings_heath_ward_results
793d64131ae252d4,Trickett Lisa Stephanie,Labour and Co-operative Party,2022-05-05,,True,https://www.birmingham.gov.uk/directory_record/370714/brandwood_and_kings_heath_ward_results
2ae93e1683e7714e,Voigt Astrid Gisela Margarete,Green Party,2022-05-05,,True,https://www.birmingham.gov.uk/directory_record/370714/brandwood_and_kings_heath_ward_results
301a958e109e4ea0,Whitby Harvey Stuart,Local Conservatives,2022-05-05,,True,https://www.birmingham.gov.uk/directory_record/370714/brandwood_and_kings_heath_ward_results
116a59d1015dadec,Wilson Lauren Elisse,Workers Party - Birmingham,2022-05-05,,True,https://www.birmingham.gov.uk/directory_record/370714/brandwood_and_kings_heath_ward_results
7131481606beaa8f,Higgs James,Local Conservatives,2022-05-05,,True,https://www.birmingham.gov.uk/directory_record/370706/bromford_and_hodge_hill_ward_results
7ccfdaa543de8c82,"Khan, Javed",Liberal Democrats,2022-05-05,,True,https://www.birmingham.gov.uk/directory_record/370706/bromford_and_hodge_hill_ward_results
b9ea7ecf248cc10b,Phillpotts Jack Andrew,Green Party,2022-05-05,,True,https://www.birmingham.gov.uk/directory_record/370706/bromford_and_hodge_hill_ward_results
dd7d816beb17c1f3,Zychon James John Francis,Local Conservatives,2022-05-05,,True,https://www.birmingham.gov.uk/directory_record/370706/bromford_and_hodge_hill_ward_results
f8ba95b044a59a2c,"Macefield, John Dell",Green Party,2022-05-05,,True,https://www.birmingham.gov.uk/directory_record/370732/castle_vale_ward_results
db03b4f3af52f392,Ray Goodwin,Labour Party,2022-05-05,,True,https://www.birmingham.gov.uk/directory_record/370732/castle_vale_ward_results
3221331c8bcdb259,Romain Tyrese Raymond Kingsley,Local Conservatives,2022-05-05,,True,https://www.birmingham.gov.uk/directory_record/370732/castle_vale_ward_results
9274dec1a7b5a72b,"Bertram, Christopher John",Liberal Democrats,2022-05-05,,True,https://www.birmingham.gov.uk/directory_record/370733/druids_heath_and_monyhull_ward_results
cb7bfdc5f5b300a7,Fuller Andrew Michael,Local Conservatives,2022-05-05,,True,https://www.birmingham.gov.uk/directory_record/370733/druids_heath_and_monyhull_ward_results
9a8ead56ffbed65f,Awasthi Ashish,Green Party,2022-05-05,,True,https://www.birmingham.gov.uk/directory_record/370734/edgbaston_ward_results
5b1c49a38c0a019a,Bryant James Liam,Liberal Democrats,2022-05-05,,True,https://www.birmingham.gov.uk/directory_record/370734/edgbaston_ward_results
f1de3bd8920bf86f,Hill Marie Joann,Labour Party,2022-05-05,,True,https://www.birmingham.gov.uk/directory_record/370734/edgbaston_ward_results
657d1f5da5bd7408,Kaur Bal Baljit,Labour Party,2022-05-05,,True,https://www.birmingham.gov.uk/directory_record/370734/edgbaston_ward_results
e7364e230b9bcda9,"Amin, Mohammed",Liberal Democrats,2022-05-05,,True,https://www.birmingham.gov.uk/directory_record/370735/erdington_ward_results
f70b1253cfb7592a,Bi Suryiah,Labour Party,2022-05-05,,True,https://www.birmingham.gov.uk/directory_record/370735/erdington_ward_results
08ba11fe6c00200d,Ferguson Andrew McKenzie,Green Party,2022-05-05,,True,https://www.birmingham.gov.uk/directory_record/370735/erdington_ward_results
474ef6c750796e38,Green James Richard,Liberal Democrats,2022-05-05,,True,https://www.birmingham.gov.uk/directory_record/370735/erdington_ward_results
4faa5ae4e89f7e9e,"Haynes, Steve",Labour and Co-operative Party,2022-05-05,2026-05-06,False,https://www.birmingham.gov.uk/directory_record/370736/frankley_great_park_ward_results
4faa5ae4e89f7e9e,"Haynes, Steve",Labour Party,2026-05-07,,True,https://www.birmingham.gov.uk/info/50385/election_2026_candidates/3242/rubery_and_rednal_ward_election_2026
ee8313db14c4637e,"Hall, Daphne Claire",Local Conservatives,2022-05-05,,True,https://www.birmingham.gov.uk/directory_record/370737/garretts_green_ward_results
e3bd0f615ad2355a,Cotton John Leslie Barton,Labour Party,2022-05-05,,True,https://www.birmingham.gov.uk/directory_record/370738/glebe_farm_and_tile_cross_ward_results
ea49d62576a07d71,Fox Matthew,Local Conservatives,2022-05-05,,True,https://www.birmingham.gov.uk/directory_record/370738/glebe_farm_and_tile_cross_ward_results
8254dda37125996a,"Hussain, Iftekhar",Liberal Democrats,2022-05-05,,True,https://www.birmingham.gov.uk/directory_record/370738/glebe_farm_and_tile_cross_ward_results
a9c29330c28939c4,Norman Elizabeth Anne,Liberal Democrats,2022-05-05,,True,https://www.birmingham.gov.uk/directory_record/370738/glebe_farm_and_tile_cross_ward_results
8354048d044af9eb,Lusk David,Liberal Democrats,2022-05-05,,True,https://www.birmingham.gov.uk/directory_record/370739/gravelly_hill_ward_results
31ff2893009fe0b6,Patrick Thomas,Trade Unionist and Socialist Coalition,2022-05-05,,True,https://www.birmingham.gov.uk/directory_record/370739/gravelly_hill_ward_results
4dbfbc6f28657c76,Siobhan Harper-Nunes,Green Party,2022-05-05,,True,https://www.birmingham.gov.uk/directory_record/370739/gravelly_hill_ward_results
602fba8b88861b34,Courage Gareth William,Green Party,2022-05-05,,True,https://www.birmingham.gov.uk/directory_record/370744/hall_green_north_ward_results
2d0f72101dc52923,Hemming Alexender John Arthur,Liberal Democrats,2022-05-05,,True,https://www.birmingham.gov.uk/directory_record/370744/hall_green_north_ward_results
73fe70d0f0553a51,Iqbal Malik,Local Conservatives,2022-05-05,,True,https://www.birmingham.gov.uk/directory_record/370744/hall_green_north_ward_results
8d9b1dacaea69ca5,Spruce Andy,Liberal Democrats,2022-05-05,,True,https://www.birmingham.gov.uk/directory_record/370744/hall_green_north_ward_results
363bb13877226285,"Suleman, Saima",Labour Party,2022-05-05,,True,https://www.birmingham.gov.uk/directory_record/370744/hall_green_north_ward_results
48fca75e39f1c493,"Ahmed, Shafaq",Labour Party,2022-05-05,,True,https://www.birmingham.gov.uk/directory_record/370745/hall_green_south_ward_results
e63a8b0fc6e7b9ed,Lickiss David Alan Nigel,Liberal Democrats,2022-05-05,,True,https://www.birmingham.gov.uk/directory_record/370745/hall_green_south_ward_results
8077ec088f88d10f,Parker David James,Green Party,2022-05-05,,True,https://www.birmingham.gov.uk/directory_record/370745/hall_green_south_ward_results
650e7ddcfbf8b41a,Timothy Huxtable,Local Conservatives,2022-05-05,,True,https://www.birmingham.gov.uk/directory_record/370745/hall_green_south_ward_results
bab88b6831993ba2,Ed Freshwater,Green Party,2022-05-05,,True,https://www.birmingham.gov.uk/directory_record/370740/handsworth_ward_results
f65f21191415c915,Okae Fosu George Michael,Liberal Democrats,2022-05-05,,True,https://www.birmingham.gov.uk/directory_record/370740/handsworth_ward_results
b410c3e536f00773,"Surti, Devia",Local Conservatives,2022-05-05,,True,https://www.birmingham.gov.uk/directory_record/370740/handsworth_ward_results
f9d853d76f8b9b77,Burgess Christopher James Foster,Liberal Democrats,2022-05-05,,True,https://www.birmingham.gov.uk/directory_record/370742/handsworth_wood_ward_results
ce23c2220b69bc9a,"Chumber, Ravinder Singh",Local Conservatives,2022-05-05,,True,https://www.birmingham.gov.uk/directory_record/370742/handsworth_wood_ward_results
90de8e1c56fede82,"Brooks, Martin John",Labour and Co-operative Party,2022-05-05,2026-05-06,False,https://www.birmingham.gov.uk/directory_record/370741/harborne_ward_results
90de8e1c56fede82,"Brooks, Martin John",Independent,2026-05-07,,True,https://www.birmingham.gov.uk/info/50385/election_2026_candidates/3222/harborne_ward_election_2026
d194591979c1fe32,Crisp Alistair,Green Party,2022-05-05,,True,https://www.birmingham.gov.uk/directory_record/370741/harborne_ward_results
3ca1cb17d62442b4,Fowler Peter,Local Conservatives,2022-05-05,,True,https://www.birmingham.gov.uk/directory_record/370741/harborne_ward_results
3241c2f05fb4d33b,"O'Hara, Harriet Rose",Local Conservatives,2022-05-05,,True,https://www.birmingham.gov.uk/directory_record/370741/harborne_ward_results
6d65c29d14a1b5c4,Azam Adil,Local Conservatives,2022-05-05,,True,https://www.birmingham.gov.uk/directory_record/370743/heartlands_ward_results
5a3dd95f2610647e,Ellinor Clair Elieen,Liberal Democrats,2022-05-05,,True,https://www.birmingham.gov.uk/directory_record/370743/heartlands_ward_results
b789f39effec50d8,Thomas Clare Louise,Green Party,2022-05-05,,True,https://www.birmingham.gov.uk/directory_record/370746/highters_heath_ward_results
daaf3ade9307cd8a,Waltho Lynda Ellen,Labour and Co-operative Party,2022-05-05,,True,https://www.birmingham.gov.uk/directory_record/370746/highters_heath_ward_results
3b80f61e9cc163a2,Hardie Andrew,Local Conservatives,2022-05-05,,True,https://www.birmingham.gov.uk/directory_record/370747/holyhead_ward_results
7edd9cf0f3d09ce7,Rinkal Shergill,Labour Party,2022-05-05,2026-05-06,False,https://www.birmingham.gov.uk/directory_record/370747/holyhead_ward_results
7edd9cf0f3d09ce7,Rinkal Shergill,Independent,2026-05-07,,True,https://www.birmingham.gov.uk/info/50385/election_2026_candidates/3225/holyhead_ward_election_2026
d146330e7cfeb72b,Trench Karen Geraldine,Independent,2022-05-05,,True,https://www.birmingham.gov.uk/directory_record/370747/holyhead_ward_results
79c5ff09767ddf12,Blissett Marsha,Liberal Democrats,2022-05-05,,True,https://www.birmingham.gov.uk/directory_record/370754/kings_norton_north_ward_results
57ee8ec1c02c1c71,Sorboen Kari Benedikte,Green Party,2022-05-05,,True,https://www.birmingham.gov.uk/directory_record/370754/kings_norton_north_ward_results
4a31efd62d5f0ae9,Clancy Robert Joseph,The Conservative Party Candidate,2022-05-05,,True,https://www.birmingham.gov.uk/directory_record/370755/kings_norton_south_ward_results
bf54ea502396f0c6,Kumar Sonia,Labour and Co-operative Party,2022-05-05,,True,https://www.birmingham.gov.uk/directory_record/370755/kings_norton_south_ward_results
721d224beea71820,Rob Grant,Green Party,2022-05-05,,True,https://www.birmingham.gov.uk/directory_record/370755/kings_norton_south_ward_results
a18ede8f0de343bf,Ambler Doctor Simon John,Liberal Democrats,2022-05-05,,True,https://www.birmingham.gov.uk/directory_record/370749/kingstanding_ward_results
4c04798b57b3926b,Brittain Ben,Local Conservatives,2022-05-05,,True,https://www.birmingham.gov.uk/directory_record/370749/kingstanding_ward_results
dabc5fb1f5b5cbe9,"Foster, Joe",Trade Unionist and Socialist Coalition,2022-05-05,,True,https://www.birmingham.gov.uk/directory_record/370749/kingstanding_ward_results
449a895d8f759932,Khan Adam,We Matter Party,2022-05-05,,True,https://www.birmingham.gov.uk/directory_record/370749/kingstanding_ward_results
c8c75ee4775480fd,Painter Richard Hugh,Green Party,2022-05-05,,True,https://www.birmingham.gov.uk/directory_record/370749/kingstanding_ward_results
7c9bca107adac696,Payne Rick,Local Conservatives,2022-05-05,,True,https://www.birmingham.gov.uk/directory_record/370749/kingstanding_ward_results
c1c5b2bec500d1c9,"Rasheed, Naz",Labour Party,2022-05-05,,True,https://www.birmingham.gov.uk/directory_record/370749/kingstanding_ward_results
79919f3f1c773e9c,Taylor Patricia Susan,Green Party,2022-05-05,,True,https://www.birmingham.gov.uk/directory_record/370749/kingstanding_ward_results
d860c9c8aca9f0c2,Axford Kenneth,Local Conservatives,2022-05-05,,True,https://www.birmingham.gov.uk/directory_record/370756/ladywood_ward_results
b63bdb50117bf16d,"Hordern, Guy",Local Conservatives,2022-05-05,,True,https://www.birmingham.gov.uk/directory_record/370756/ladywood_ward_results
1d82c63e9177040e,Jeyanayagam Piriyasha,Trade Unionist and Socialist Coalition,2022-05-05,,True,https://www.birmingham.gov.uk/directory_record/370756/ladywood_ward_results
ef5ac6ef4ff94f6e,Wilson John,Liberal Democrats,2022-05-05,,True,https://www.birmingham.gov.uk/directory_record/370756/ladywood_ward_results
54c8685bfbfd6ef6,Abdi Muhamed,Labour Party,2022-05-05,,True,https://www.birmingham.gov.uk/directory_record/370758/longbridge_and_west_heath_ward_results
869050f7286e27d0,Kalik Sanja,Labour Party,2022-05-05,,True,https://www.birmingham.gov.uk/directory_record/370758/longbridge_and_west_heath_ward_results
0d9a02cd8fdc1458,"McKears, Sylvia Jane",Green Party,2022-05-05,,True,https://www.birmingham.gov.uk/directory_record/370758/longbridge_and_west_heath_ward_results
318cd197f2e136ae,"Sturt-Joy, Michael",Liberal Democrats,2022-05-05,,True,https://www.birmingham.gov.uk/directory_record/370758/longbridge_and_west_heath_ward_results
e6b0b312845fa894,Faisal Mohammed,Local Conservatives,2022-05-05,,True,https://www.birmingham.gov.uk/directory_record/370757/lozells_ward_results
6de49c9e66a79709,Khan Abid,Local Conservatives,2022-05-05,,True,https://www.birmingham.gov.uk/directory_record/370759/moseley_ward_results
5a7cf39506985a43,Khan Iqrah,Local Conservatives,2022-05-05,,True,https://www.birmingham.gov.uk/directory_record/370759/moseley_ward_results
ee82f47884872783,"Porteous, Edward",Green Party,2022-05-05,,True,https://www.birmingham.gov.uk/directory_record/370759/moseley_ward_results
31c3c66b5a58ea74,"Russell, Radley",Liberal Democrats,2022-05-05,,True,https://www.birmingham.gov.uk/directory_record/370759/moseley_ward_results
636cc9991cb1fe83,"Babington, Jamie",Local Conservatives,2022-05-05,,True,https://www.birmingham.gov.uk/directory_record/370760/nechells_ward_results
60cdc2b177af4307,Marsham Lee,Labour Party,2022-05-05,,True,https://www.birmingham.gov.uk/directory_record/370760/nechells_ward_results
a44487634cb543b0,Islam Zia,Labour Party,2022-05-05,,True,https://www.birmingham.gov.uk/directory_record/370762/newtown_ward_results
9db6d6f412fc12ec,Ruumi Cabdulqaadir,Liberal Democrats,2022-05-05,,True,https://www.birmingham.gov.uk/directory_record/370762/newtown_ward_results
778d1e40e4c47d80,Burford Timon James,Liberal Democrats,2022-05-05,,True,https://www.birmingham.gov.uk/directory_record/370761/north_edgbaston_ward_results
5d2a8d6973d6d38f,Chaudary Kamran,Local Conservatives,2022-05-05,,True,https://www.birmingham.gov.uk/directory_record/370761/north_edgbaston_ward_results
133b27f15d9c8ae6,Downs William,Trade Unionist and Socialist Coalition,2022-05-05,,True,https://www.birmingham.gov.uk/directory_record/370761/north_edgbaston_ward_results
721b79918b7ab224,Thompson Sharon Anne-Marie,Labour Party,2022-05-05,,True,https://www.birmingham.gov.uk/directory_record/370761/north_edgbaston_ward_results
11264c77e8caae24,Ward Michael,Liberal Democrats,2022-05-05,,True,https://www.birmingham.gov.uk/directory_record/370761/north_edgbaston_ward_results
e9ea690f245d7f73,Zaman Wasim,Local Conservatives,2022-05-05,,True,https://www.birmingham.gov.uk/directory_record/370761/north_edgbaston_ward_results
86db3a9d7f4f5fcb,Kurt-Elli Kirsten,Labour Party,2022-05-05,,True,https://www.birmingham.gov.uk/directory_record/370763/northfield_ward_results
bf4aaa1fc8838a87,"Moles, Andy",Liberal Democrats,2022-05-05,,True,https://www.birmingham.gov.uk/directory_record/370763/northfield_ward_results
675f8383aa8e3bf9,"Rowe, Keith Alexander",The Conservative Party Candidate,2022-05-05,2026-05-06,False,https://www.birmingham.gov.uk/directory_record/370763/northfield_ward_results
675f8383aa8e3bf9,"Rowe, Keith Alexander",Reform UK,2026-05-07,,True,https://www.birmingham.gov.uk/info/50385/election_2026_candidates/3234/newtown_ward_election_2026
5ff8a18e905456ed,Wilson Trevor Tudor,Green Party,2022-05-05,,True,https://www.birmingham.gov.uk/directory_record/370763/northfield_ward_results
508ce27ea5921036,Bunting Josh,Liberal Democrats,2022-05-05,,True,https://www.birmingham.gov.uk/directory_record/370764/oscott_ward_results
0218b10e59176f5c,"Hall, Alex",Conservative Party Candidate,2022-05-05,2026-05-06,False,https://www.birmingham.gov.uk/directory_record/370764/oscott_ward_results
0218b10e59176f5c,"Hall, Alex",Local Conservatives,2026-05-07,,True,https://www.birmingham.gov.uk/info/50385/election_2026_candidates/3237/oscott_ward_election_2026
f489865a9a4d3259,Majahid Haleem,Labour Party,2022-05-05,,True,https://www.birmingham.gov.uk/directory_record/370764/oscott_ward_results
54c86873e7079aff,Sandhu Darius,Conservative Party Candidate,2022-05-05,,True,https://www.birmingham.gov.uk/directory_record/370764/oscott_ward_results
346fafd7f0ac40d7,Warnaby Nora Mary Teresa,Liberal Democrats,2022-05-05,,True,https://www.birmingham.gov.uk/directory_record/370764/oscott_ward_results
3ebf90f132c06b6f,Ahmed Jahangir,Local Conservatives,2022-05-05,,True,https://www.birmingham.gov.uk/directory_record/370765/perry_barr_ward_results
85df681ec0831646,Jenkins William,Local Conservatives,2022-05-05,,True,https://www.birmingham.gov.uk/directory_record/370765/perry_barr_ward_results
87ba6e88c6de4770,Williams Fiona Jocelyn Mair,Labour and Co-operative Party,2022-05-05,,True,https://www.birmingham.gov.uk/directory_record/370765/perry_barr_ward_results
bfc6c5767d88db99,Bermingham Jillian Joanne,Labour Party,2022-05-05,,True,https://www.birmingham.gov.uk/directory_record/370766/perry_common_ward_results
42b43ba4a76b3981,"Boyle, Stephanie",Green Party,2022-05-05,,True,https://www.birmingham.gov.uk/directory_record/370766/perry_common_ward_results
b52bdd2cd230792a,Friel Siobhan,Trade Unionist and Socialist Coalition,2022-05-05,,True,https://www.birmingham.gov.uk/directory_record/370766/perry_common_ward_results
1be40970c8bc1e59,Deamer Robert James David,Green Party,2022-05-05,,True,https://www.birmingham.gov.uk/directory_record/370767/pype_hayes_ward_results
fd89fd8441673bd0,Mahmood Basharat,Labour Party,2022-05-05,,True,https://www.birmingham.gov.uk/directory_record/370767/pype_hayes_ward_results
1c67f8843c614c99,"Watts, Gerald",Liberal Democrats,2022-05-05,,True,https://www.birmingham.gov.uk/directory_record/370767/pype_hayes_ward_results
dc9bdee8a6a58bd5,"Anderson, Sue",Liberal Democrats,2022-05-05,,True,https://www.birmingham.gov.uk/directory_record/370768/quinton_ward_results
4d316d9ef5c9fe49,"Bolton, James Liam Pennington",Green Party,2022-05-05,,True,https://www.birmingham.gov.uk/directory_record/370768/quinton_ward_results
86d71f55732cda3c,Garrett Stephanie Larissa,Liberal Democrats,2022-05-05,,True,https://www.birmingham.gov.uk/directory_record/370768/quinton_ward_results
925df295f80d556f,McCormack Connor Brendan,Local Conservatives,2022-05-05,,True,https://www.birmingham.gov.uk/directory_record/370768/quinton_ward_results
781261ccd5b29933,Rainbow Lauren,Labour and Co-operative Party,2022-05-05,,True,https://www.birmingham.gov.uk/directory_record/370768/quinton_ward_results
e9bf418946e09a78,Sam Forsyth,Labour and Co-operative Party,2022-05-05,2026-05-06,False,https://www.birmingham.gov.uk/directory_record/370768/quinton_ward_results
e9bf418946e09a78,Sam Forsyth,Independent,2026-05-07,,True,https://www.birmingham.gov.uk/info/50385/election_2026_candidates/3241/quinton_ward_election_2026
0290f9fa4536670d,Stanford Dominic James,Local Conservatives,2022-05-05,,True,https://www.birmingham.gov.uk/directory_record/370768/quinton_ward_results
bbfddfe514b0ad7e,Ball Robert Michael,Green Party,2022-05-05,,True,https://www.birmingham.gov.uk/directory_record/370769/rubery_and_rednal_ward_results
e5dd761782daf99c,"Kennedy, Tony",Labour and Co-operative Party,2022-05-05,,True,https://www.birmingham.gov.uk/directory_record/370769/rubery_and_rednal_ward_results
241b0ac6e4d81346,Lister Thomas Daniel,Liberal Democrats,2022-05-05,,True,https://www.birmingham.gov.uk/directory_record/370769/rubery_and_rednal_ward_results
ddc4916cbe29393d,Allsop Eve,Green Party,2022-05-05,,True,https://www.birmingham.gov.uk/directory_record/370772/shard_end_ward_results
4e16e741e93d1e1e,"Briggs, Tony",Local Conservatives,2022-05-05,,True,https://www.birmingham.gov.uk/directory_record/370772/shard_end_ward_results
628a04b5ff7fc7ce,Abdi Isra,Labour Party,2022-05-05,,True,https://www.birmingham.gov.uk/directory_record/370773/sheldon_ward_results
07df2e4a3310d29b,Jenkins Oliver,Local Conservatives,2022-05-05,,True,https://www.birmingham.gov.uk/directory_record/370773/sheldon_ward_results
5b0f4fb4cc640365,Piekarz Joseph,Labour Party,2022-05-05,,True,https://www.birmingham.gov.uk/directory_record/370773/sheldon_ward_results
1b59cc197f11d5fe,"Bano, Shabina",Labour Party,2022-05-05,2026-05-06,False,https://www.birmingham.gov.uk/directory_record/370728/small_heath_ward_results
1b59cc197f11d5fe,"Bano, Shabina",Liberal Democrats,2026-05-07,,True,https://www.birmingham.gov.uk/info/50385/election_2026_candidates/3218/hall_green_north_ward_election_2026
82b70e94ca64d93a,Khan Saqib,Labour Party,2022-05-05,,True,https://www.birmingham.gov.uk/directory_record/370728/small_heath_ward_results
5f65f9742e75d088,Sadiq Naveed,Liberal Democrats,2022-05-05,,True,https://www.birmingham.gov.uk/directory_record/370728/small_heath_ward_results
2d0655910ac19b3d,"Christoffersen, Mette",Green Party,2022-05-05,,True,https://www.birmingham.gov.uk/directory_record/370730/soho_and_jewellery_quarter_ward_results
428c7706cea04410,"Coffey, Janet",Local Conservatives,2022-05-05,,True,https://www.birmingham.gov.uk/directory_record/370730/soho_and_jewellery_quarter_ward_results
c01b07f0d9216b5a,Hashmi Ali,Local Conservatives,2022-05-05,,True,https://www.birmingham.gov.uk/directory_record/370730/soho_and_jewellery_quarter_ward_results
f612c342ea0df0df,Spence Sybil Eurlena,Labour Party,2022-05-05,,True,https://www.birmingham.gov.uk/directory_record/370730/soho_and_jewellery_quarter_ward_results
d331b7dbbcd5b04e,Bashir Anser,Labour Party,2022-05-05,,True,https://www.birmingham.gov.uk/directory_record/370727/south_yardley_ward_results
a33dc0c3b330d663,Garghan Christopher Paul,Green Party,2022-05-05,,True,https://www.birmingham.gov.uk/directory_record/370727/south_yardley_ward_results
92ac21eaa2229dac,Severn Bob,Trade Unionist and Socialist Coalition,2022-05-05,,True,https://www.birmingham.gov.uk/directory_record/370727/south_yardley_ward_results
22e70baafd7966cb,Bari Abdul,Local Conservatives,2022-05-05,,True,https://www.birmingham.gov.uk/directory_record/370770/sparkbrook_and_balsall_heath_east_ward_results
692c96e6c7bc8888,Bishop Paul,Liberal Democrats,2022-05-05,,True,https://www.birmingham.gov.uk/directory_record/370770/sparkbrook_and_balsall_heath_east_ward_results
ca1b8f3dc745cc1f,Crickmay Maddison Sarah-Jane,Liberal Democrats,2022-05-05,,True,https://www.birmingham.gov.uk/directory_record/370770/sparkbrook_and_balsall_heath_east_ward_results
78188d4680860877,Kabir Md Obaydul,Local Conservatives,2022-05-05,,True,https://www.birmingham.gov.uk/directory_record/370770/sparkbrook_and_balsall_heath_east_ward_results
2e5408e856bbf953,"Al-Haq, Aysan",Liberal Democrats,2022-05-05,2026-05-06,False,https://www.birmingham.gov.uk/directory_record/370726/sparkhill_ward_results
2e5408e856bbf953,"Al-Haq, Aysan",Reform UK,2026-05-07,,True,https://www.birmingham.gov.uk/info/50385/election_2026_candidates/3247/south_yardley_ward_election_2026
caf6688d1a64205d,Asad Aneela,Local Conservatives,2022-05-05,,True,https://www.birmingham.gov.uk/directory_record/370726/sparkhill_ward_results
a8cf996c05dde1d4,Rashad Mahmood,Labour Party,2022-05-05,,True,https://www.birmingham.gov.uk/directory_record/370726/sparkhill_ward_results
43051b6301b2a293,Rehman Habib,Local Conservatives,2022-05-05,,True,https://www.birmingham.gov.uk/directory_record/370726/sparkhill_ward_results
81f3375c37545874,"Wilkinson, Anthony",Liberal Democrats,2022-05-05,,True,https://www.birmingham.gov.uk/directory_record/370726/sparkhill_ward_results
4e0482a9fffbf329,Locke Mary Anne,Labour and Co-operative Party,2022-05-05,,True,https://www.birmingham.gov.uk/directory_record/370721/stirchley_ward_results
971403903bad075e,Masters Eleanor,Green Party,2022-05-05,,True,https://www.birmingham.gov.uk/directory_record/370721/stirchley_ward_results
2f314d3fe8a626b7,Amar Khan,Labour Party,2022-05-05,2026-05-06,False,https://www.birmingham.gov.uk/directory_record/370723/stockland_green_ward_results
2f314d3fe8a626b7,Amar Khan,Independent,2026-05-07,,True,https://www.birmingham.gov.uk/info/50385/election_2026_candidates/3251/stockland_green_ward_election_2026
f2dda3c1cf6249ff,"Jones, Jane Esther",Labour Party,2022-05-05,2026-05-06,False,https://www.birmingham.gov.uk/directory_record/370723/stockland_green_ward_results
f2dda3c1cf6249ff,"Jones, Jane Esther",Independent,2026-05-07,,True,https://www.birmingham.gov.uk/info/50385/election_2026_candidates/3251/stockland_green_ward_election_2026
0115d52e8a78e4f8,Kayani Mohammad,Local Conservatives,2022-05-05,,True,https://www.birmingham.gov.uk/directory_record/370723/stockland_green_ward_results
a266181f6b6eb295,Moore Charlie,Liberal Democrats,2022-05-05,,True,https://www.birmingham.gov.uk/directory_record/370723/stockland_green_ward_results
d5337803c6e0e566,Murphy Estelle Louise,Local Conservatives,2022-05-05,,True,https://www.birmingham.gov.uk/directory_record/370723/stockland_green_ward_results
139a2f2cbf0ef331,Norris Joe,Liberal Democrats,2022-05-05,,True,https://www.birmingham.gov.uk/directory_record/370723/stockland_green_ward_results
dd26e150e5be5851,Barley Roger Eric,Labour Party,2022-05-05,,True,https://www.birmingham.gov.uk/directory_record/370771/sutton_four_oaks_ward_results
f8f3611387d95646,Hudson Linda Mary,Green Party,2022-05-05,,True,https://www.birmingham.gov.uk/directory_record/370771/sutton_four_oaks_ward_results
9ad028efbd1f7307,Mackenzie Max Cameron,Labour Party,2022-05-05,,True,https://www.birmingham.gov.uk/directory_record/370729/sutton_mere_green_ward_results
5c120813f832c02f,"Wilber, Regine",Liberal Democrats,2022-05-05,,True,https://www.birmingham.gov.uk/directory_record/370729/sutton_mere_green_ward_results
bf37f9c44bd95033,Jex Parkin,The Conservative Party Candidate,2022-05-05,2026-05-06,False,https://www.birmingham.gov.uk/directory_record/370725/sutton_reddicap_ward_results
bf37f9c44bd95033,Jex Parkin,Reform UK,2026-05-07,2026-05-06,False,https://www.birmingham.gov.uk/info/50385/election_2026_candidates/3228/kingstanding_ward_election_2026
bf37f9c44bd95033,Jex Parkin,Local Conservatives,2026-05-07,,True,https://www.birmingham.gov.uk/info/50385/election_2026_candidates/3254/sutton_reddicap_ward_election_2026
09f8eda63725e6fb,Preston Judy Annemarie,Labour Party,2022-05-05,,True,https://www.birmingham.gov.uk/directory_record/370725/sutton_reddicap_ward_results
f54f6f7b041ad02f,Mackey Ewan Forbes,The Conservative Party Candidate,2022-05-05,,True,https://www.birmingham.gov.uk/directory_record/370724/sutton_roughley_ward_results
fc6feafa9c0a16cc,Masih Brandon,Liberal Democrats,2022-05-05,,True,https://www.birmingham.gov.uk/directory_record/370724/sutton_roughley_ward_results
4caa7799a1b20917,Mika Pat,Labour Party,2022-05-05,,True,https://www.birmingham.gov.uk/directory_record/370724/sutton_roughley_ward_results
b1af42fe2bca256e,McCollin Rachel Emma,Green Party,2022-05-05,,True,https://www.birmingham.gov.uk/directory_record/370720/sutton_trinity_ward_results
36ea472dee37bdde,Quinn Peter Anthony,Labour Party,2022-05-05,,True,https://www.birmingham.gov.uk/directory_record/370720/sutton_trinity_ward_results
abdf39ff763e43ed,Cairns Jan,The Conservative Party Candidate,2022-05-05,,True,https://www.birmingham.gov.uk/directory_record/370719/sutton_vesey_ward_results
488d47092690686a,Eperjesi Frank,The Conservative Party Candidate,2022-05-05,,True,https://www.birmingham.gov.uk/directory_record/370719/sutton_vesey_ward_results
6ec3587cfa898ff6,"Lewis, Mark Andrew",Liberal Democrats,2022-05-05,,True,https://www.birmingham.gov.uk/directory_record/370719/sutton_vesey_ward_results
68e10dcb0b93506a,Richardson Doctor Paul Benjamin,Liberal Democrats,2022-05-05,,True,https://www.birmingham.gov.uk/directory_record/370719/sutton_vesey_ward_results
0df854372f678f4b,Blenkinsop Joseph Anselm,Labour Party,2022-05-05,,True,https://www.birmingham.gov.uk/directory_record/370713/sutton_walmley_and_minworth_ward_results
98193bd0ead7f4cb,"Marriott, Colin Leslie Fredric",Green Party,2022-05-05,,True,https://www.birmingham.gov.uk/directory_record/370713/sutton_walmley_and_minworth_ward_results
0b939cf6ec9bbc00,Wilde Ruth Anna Jane,Labour Party,2022-05-05,,True,https://www.birmingham.gov.uk/directory_record/370713/sutton_walmley_and_minworth_ward_results
9830e059cb46a121,Spencer Doctor John Malcolm,Liberal Democrats,2022-05-05,,True,https://www.birmingham.gov.uk/directory_record/370718/sutton_wylde_green_ward_results
ca7f471823290575,Amjad Sajad,Liberal Democrats,2022-05-05,,True,https://www.birmingham.gov.uk/directory_record/370712/tyseley_and_hay_mills_ward_results
2a9d2e7472f4441e,Begum Najma,Local Conservatives,2022-05-05,,True,https://www.birmingham.gov.uk/directory_record/370712/tyseley_and_hay_mills_ward_results
bac7569e001b2658,Hindley Joanna Mae,Green Party,2022-05-05,,True,https://www.birmingham.gov.uk/directory_record/370712/tyseley_and_hay_mills_ward_results
f79ab68b34443cfb,Ali Hassan,Local Conservatives,2022-05-05,,True,https://www.birmingham.gov.uk/directory_record/370711/ward_end_ward_results
effb64902e1f662a,"Ali, Naz",Liberal Democrats,2022-05-05,,True,https://www.birmingham.gov.uk/directory_record/370711/ward_end_ward_results
47fd3da32af07e98,Bushra Bi,Labour Party,2022-05-05,,True,https://www.birmingham.gov.uk/directory_record/370711/ward_end_ward_results
c792acda1b6c492e,"Khan, Imran Ali",Green Party,2022-05-05,,True,https://www.birmingham.gov.uk/directory_record/370711/ward_end_ward_results
4c880829815bbf41,Axe Kirsty Jayne,Green Party,2022-05-05,,True,https://www.birmingham.gov.uk/directory_record/370708/weoley_and_selly_oak_ward_results
72939e0b39ac69bb,Ellinor Luke,Liberal Democrats,2022-05-05,,True,https://www.birmingham.gov.uk/directory_record/370708/weoley_and_selly_oak_ward_results
08344f389b11295f,Perks Miranda Juliet,Labour Party,2022-05-05,,True,https://www.birmingham.gov.uk/directory_record/370708/weoley_and_selly_oak_ward_results
b1a3505dd33bcad0,Smith Claire Lesley,Conservative Party Candidate,2022-05-05,,True,https://www.birmingham.gov.uk/directory_record/370708/weoley_and_selly_oak_ward_results
437baff35b441817,Smith Paul Michael,Conservative Party Candidate,2022-05-05,,True,https://www.birmingham.gov.uk/directory_record/370708/weoley_and_selly_oak_ward_results
f3b349c433cd0241,Tennant Jamie,Labour Party,2022-05-05,,True,https://www.birmingham.gov.uk/directory_record/370708/weoley_and_selly_oak_ward_results
2d3b3c194bb4b06f,Broadley Ben,Local Conservatives,2022-05-05,,True,https://www.birmingham.gov.uk/directory_record/370707/yardley_east_ward_results
8316b63ce8adc311,Deborah Harries,Liberal Democrats,2022-05-05,,True,https://www.birmingham.gov.uk/directory_record/370707/yardley_east_ward_results
224b1aff6fb9b27d,Khuhro Fayaz Ahmed,Labour Party,2022-05-05,,True,https://www.birmingham.gov.uk/directory_record/370707/yardley_east_ward_results
2695a96bae358970,Hardie Monica,Local Conservatives,2022-05-05,,True,https://www.birmingham.gov.uk/directory_record/370703/yardley_west_and_stetchford_ward_results
aeaa7c4269456bd2,John Yvette,Labour Party,2022-05-05,,True,https://www.birmingham.gov.uk/directory_record/370703/yardley_west_and_stetchford_ward_results
985206d746bf927d,"Baker, A C",Green Party,2026-05-07,,True,https://www.birmingham.gov.uk/info/50385/election_2026_candidates/3196/acocks_green_ward_election_2026
d9e80fbce1bc65b4,"Bhatti, Sajid Mehmood",Workers Party,2026-05-07,,True,https://www.birmingham.gov.uk/info/50385/election_2026_candidates/3196/acocks_green_ward_election_2026
2e24c98f44703ef5,"Drennan, Danny",Reform UK,2026-05-07,,True,https://www.birmingham.gov.uk/info/50385/election_2026_candidates/3196/acocks_green_ward_election_2026
6d686ad13a4b6ce3,"Griffiths-Hughes, Tristan Thomas",Local Conservatives,2026-05-07,,True,https://www.birmingham.gov.uk/info/50385/election_2026_candidates/3196/acocks_green_ward_election_2026
d790d0bbf94ad525,"Khan, Sadia Mahmood",Green Party,2026-05-07,,True,https://www.birmingham.gov.uk/info/50385/election_2026_candidates/3196/acocks_green_ward_election_2026
73454f4621c7f9a4,"Mehta, Doctor Sanjeev",Reform UK,2026-05-07,,True,https://www.birmingham.gov.uk/info/50385/election_2026_candidates/3196/acocks_green_ward_election_2026
e8c2f8d6b7183050,"O'Shea, Lu",Labour Party,2026-05-07,,True,https://www.birmingham.gov.uk/info/50385/election_2026_candidates/3196/acocks_green_ward_election_2026
f2900298b6b6b233,"Patel, Dhiran",Local Conservatives,2026-05-07,,True,https://www.birmingham.gov.uk/info/50385/election_2026_candidates/3196/acocks_green_ward_election_2026
d6cf60da5bb696a8,"Robinson, Jae",Independent Trade Union and Socialist Candidate,2026-05-07,,True,https://www.birmingham.gov.uk/info/50385/election_2026_candidates/3196/acocks_green_ward_election_2026
56d81d8be6bad092,"Tahir, Mohammed Afzal",Workers Party,2026-05-07,,True,https://www.birmingham.gov.uk/info/50385/election_2026_candidates/3196/acocks_green_ward_election_2026
e2c1a60e8a320dec,"Lovell-Huckle, Seb",Labour Party,2026-05-07,,True,https://www.birmingham.gov.uk/info/50385/election_2026_candidates/3197/allens_cross_ward_election_2026
746b987700a76b39,"Rust, Daniel",Green Party,2026-05-07,,True,https://www.birmingham.gov.uk/info/50385/election_2026_candidates/3197/allens_cross_ward_election_2026
dc2cf1e98acbadf4,"Smith, Paul",Independent,2026-05-07,,True,https://www.birmingham.gov.uk/info/50385/election_2026_candidates/3197/allens_cross_ward_election_2026
1870736a2ff1315c,"Toescu, Emil-Crisan",Liberal Democrats,2026-05-07,,True,https://www.birmingham.gov.uk/info/50385/election_2026_candidates/3197/allens_cross_ward_election_2026
e407304848a7e3d8,"Wicking, Theo",Local Conservatives,2026-05-07,,True,https://www.birmingham.gov.uk/info/50385/election_2026_candidates/3197/allens_cross_ward_election_2026
f5d7985c1c7f3da2,"Ahamad, Hussain",Green Party,2026-05-07,,True,https://www.birmingham.gov.uk/info/50385/election_2026_candidates/3198/alum_rock_ward_election_2026
794865a037f9402b,"Bloxham, David",Green Party,2026-05-07,,True,https://www.birmingham.gov.uk/info/50385/election_2026_candidates/3198/alum_rock_ward_election_2026
b142f87d822ef8f8,"Khan, Ansar Ali",Labour Party,2026-05-07,,True,https://www.birmingham.gov.uk/info/50385/election_2026_candidates/3198/alum_rock_ward_election_2026
6c770b22618f4703,"M c Pake, Thomas Ian",Reform UK,2026-05-07,,True,https://www.birmingham.gov.uk/info/50385/election_2026_candidates/3198/alum_rock_ward_election_2026
e5cef4c30314da6c,"Malhotra, Wajid Bashir",Liberal Democrats,2026-05-07,,True,https://www.birmingham.gov.uk/info/50385/election_2026_candidates/3198/alum_rock_ward_election_2026
8126f8dbc49dde8e,Nosheen Khalid,Independent,2026-05-07,,True,https://www.birmingham.gov.uk/info/50385/election_2026_candidates/3198/alum_rock_ward_election_2026
8b9a0ae52301635a,Shaukat Mahmood,Independent,2026-05-07,,True,https://www.birmingham.gov.uk/info/50385/election_2026_candidates/3198/alum_rock_ward_election_2026
b1495fea51f331e5,"Strangward, Karen Jayne",Reform UK,2026-05-07,,True,https://www.birmingham.gov.uk/info/50385/election_2026_candidates/3198/alum_rock_ward_election_2026
284d8c8e714b9e94,"Wood, Barbara",Local Conservatives,2026-05-07,,True,https://www.birmingham.gov.uk/info/50385/election_2026_candidates/3198/alum_rock_ward_election_2026
abe4b6d597456e73,Abdul Shumon,Independent,2026-05-07,,True,https://www.birmingham.gov.uk/info/50385/election_2026_candidates/3199/aston_ward_election_2026
39fd09e52cd72db7,"Ahmed, Saeed",Liberal Democrats,2026-05-07,,True,https://www.birmingham.gov.uk/info/50385/election_2026_candidates/3199/aston_ward_election_2026
bc1beb0eabf7a2cc,"Ali, Zafar",Labour Party,2026-05-07,,True,https://www.birmingham.gov.uk/info/50385/election_2026_candidates/3199/aston_ward_election_2026
f4530a854f7664fd,"Dobson, Desmond Hayden",Reform UK,2026-05-07,,True,https://www.birmingham.gov.uk/info/50385/election_2026_candidates/3199/aston_ward_election_2026
f830ee5fffcd15ab,"Fitzgerald, Adam",Reform UK,2026-05-07,,True,https://www.birmingham.gov.uk/info/50385/election_2026_candidates/3199/aston_ward_election_2026
3d134f7f112780e1,"Groom, Claire",Green Party,2026-05-07,,True,https://www.birmingham.gov.uk/info/50385/election_2026_candidates/3199/aston_ward_election_2026
1d5ffb2f7c3f1dc0,"Hussain, Naib",Independent,2026-05-07,,True,https://www.birmingham.gov.uk/info/50385/election_2026_candidates/3199/aston_ward_election_2026
52fa89f2319ccfaf,"Lambert, Derek Desmond Harold",Local Conservatives,2026-05-07,,True,https://www.birmingham.gov.uk/info/50385/election_2026_candidates/3199/aston_ward_election_2026
88a5fe93d9f1e5f1,"Shinnie, Damon Scott",Local Conservatives,2026-05-07,,True,https://www.birmingham.gov.uk/info/50385/election_2026_candidates/3199/aston_ward_election_2026
1c19e95e656daaf1,"Amin, Raja Mohammed",Independent,2026-05-07,,True,https://www.birmingham.gov.uk/info/50385/election_2026_candidates/3200/balsall_heath_west_ward_election_2026
99ca4a4bc86811c1,Duncan Ali,Green Party,2026-05-07,,True,https://www.birmingham.gov.uk/info/50385/election_2026_candidates/3200/balsall_heath_west_ward_election_2026
fc4c6c75f31b5668,"Naz, Farah",Liberal Democrats,2026-05-07,,True,https://www.birmingham.gov.uk/info/50385/election_2026_candidates/3200/balsall_heath_west_ward_election_2026
88548ab380b51c77,"Webb, Michael Sidear",Reform UK,2026-05-07,,True,https://www.birmingham.gov.uk/info/50385/election_2026_candidates/3200/balsall_heath_west_ward_election_2026
be831d15427dd555,"Kelly-Trow, Sheila Ann",Liberal Democrats,2026-05-07,,True,https://www.birmingham.gov.uk/info/50385/election_2026_candidates/3201/bartley_green_ward_election_2026
a9ee15caa7e1c295,"Preston, Rachel Marie",Labour and Co-operative Party,2026-05-07,,True,https://www.birmingham.gov.uk/info/50385/election_2026_candidates/3201/bartley_green_ward_election_2026
a6df137682ee2c74,Rajbir Singh,Reform UK,2026-05-07,,True,https://www.birmingham.gov.uk/info/50385/election_2026_candidates/3201/bartley_green_ward_election_2026
60684d1bc5ba4e76,"Steele, Chris",Reform UK,2026-05-07,,True,https://www.birmingham.gov.uk/info/50385/election_2026_candidates/3201/bartley_green_ward_election_2026
fa7ce9e2edcb393c,"Treharne Jones, Phillippa",Green Party,2026-05-07,,True,https://www.birmingham.gov.uk/info/50385/election_2026_candidates/3201/bartley_green_ward_election_2026
e685ef96e5c897d3,"Venables, Sean Lewis",Green Party,2026-05-07,,True,https://www.birmingham.gov.uk/info/50385/election_2026_candidates/3201/bartley_green_ward_election_2026
86f78a745c049476,"Aftab, Mudassir",Workers Party,2026-05-07,,True,https://www.birmingham.gov.uk/info/50385/election_2026_candidates/3202/billesley_ward_election_2026
3bd4d3367923a074,"Beg, Raf",Workers Party,2026-05-07,,True,https://www.birmingham.gov.uk/info/50385/election_2026_candidates/3202/billesley_ward_election_2026
a092048dd7bc8bb3,"Chishty, Sanjida",Local Conservatives,2026-05-07,,True,https://www.birmingham.gov.uk/info/50385/election_2026_candidates/3202/billesley_ward_election_2026
552da9e405eba9f7,Chris Garghan,Green Party,2026-05-07,,True,https://www.birmingham.gov.uk/info/50385/election_2026_candidates/3202/billesley_ward_election_2026
27cfd88b74a253c1,"Felton, Clair",Reform UK,2026-05-07,,True,https://www.birmingham.gov.uk/info/50385/election_2026_candidates/3202/billesley_ward_election_2026
11130a8e9ece3265,"Iroh, Katherine Elizabeth",Labour Party,2026-05-07,,True,https://www.birmingham.gov.uk/info/50385/election_2026_candidates/3202/billesley_ward_election_2026
fd763ea90972106e,Joe Peacock,Green Party,2026-05-07,,True,https://www.birmingham.gov.uk/info/50385/election_2026_candidates/3202/billesley_ward_election_2026
349b28086d64ce36,"Khan, Sulliman",Local Conservatives,2026-05-07,,True,https://www.birmingham.gov.uk/info/50385/election_2026_candidates/3202/billesley_ward_election_2026
0fd91fd36558310e,"McGarry, Margaret",Reform UK,2026-05-07,,True,https://www.birmingham.gov.uk/info/50385/election_2026_candidates/3202/billesley_ward_election_2026
68d443aaa40f1fa7,"Naeem, Sahibzada Abid",Liberal Democrats,2026-05-07,,True,https://www.birmingham.gov.uk/info/50385/election_2026_candidates/3202/billesley_ward_election_2026
acc584024022a81c,"Roberts, Jess",Labour Party,2026-05-07,,True,https://www.birmingham.gov.uk/info/50385/election_2026_candidates/3202/billesley_ward_election_2026
63c955ba011fa87d,"Anton, Christopher",Liberal Democrats,2026-05-07,,True,https://www.birmingham.gov.uk/info/50385/election_2026_candidates/3203/birchfield_ward_election_2026
4aef9ff9923c43a3,Arshid Mahmood,Labour Party,2026-05-07,,True,https://www.birmingham.gov.uk/info/50385/election_2026_candidates/3203/birchfield_ward_election_2026
f28610e5b8b91f21,"Easy, Glenton",Local Conservatives,2026-05-07,,True,https://www.birmingham.gov.uk/info/50385/election_2026_candidates/3203/birchfield_ward_election_2026
41b5392848b103f2,"Newton, Barry",Reform UK,2026-05-07,,True,https://www.birmingham.gov.uk/info/50385/election_2026_candidates/3203/birchfield_ward_election_2026
3829cb9610097a0f,"Yaseen, Mohammed",Independent,2026-05-07,,True,https://www.birmingham.gov.uk/info/50385/election_2026_candidates/3203/birchfield_ward_election_2026
dc9e8d5f87e010cf,"Yasir, Muhammad",Green Party,2026-05-07,,True,https://www.birmingham.gov.uk/info/50385/election_2026_candidates/3203/birchfield_ward_election_2026
3bf6cd89297fe049,Adnan Hussain,Independent,2026-05-07,,True,https://www.birmingham.gov.uk/info/50385/election_2026_candidates/3205/bordesley_green_ward_election_2026
cccba0a797a424c2,"Attiq, Mohammed",Liberal Democrats,2026-05-07,,True,https://www.birmingham.gov.uk/info/50385/election_2026_candidates/3205/bordesley_green_ward_election_2026
8ddae320aaafebd5,"Ballard, Joe",Green Party,2026-05-07,,True,https://www.birmingham.gov.uk/info/50385/election_2026_candidates/3205/bordesley_green_ward_election_2026
f6ea13f8b3e94a75,"Burkey, Wajid",Workers Party,2026-05-07,,True,https://www.birmingham.gov.uk/info/50385/election_2026_candidates/3205/bordesley_green_ward_election_2026
1b17ce166ce0ba16,"Jeynes, Charles Robert",Local Conservatives,2026-05-07,,True,https://www.birmingham.gov.uk/info/50385/election_2026_candidates/3205/bordesley_green_ward_election_2026
91eaeb8b3177414b,"Linden, Paul Gerald",Reform UK,2026-05-07,,True,https://www.birmingham.gov.uk/info/50385/election_2026_candidates/3205/bordesley_green_ward_election_2026
b8484ad4875426ac,"Abedin, Mohammed Joynal",Independent,2026-05-07,,True,https://www.birmingham.gov.uk/info/50385/election_2026_candidates/3204/bordesley_and_highgate_ward_election_2026
fc7c2c9fa0487b33,"Ahmed, Hakil",Independent,2026-05-07,,True,https://www.birmingham.gov.uk/info/50385/election_2026_candidates/3204/bordesley_and_highgate_ward_election_2026
e86dc125b94034a2,Ali Kazi,Green Party,2026-05-07,,True,https://www.birmingham.gov.uk/info/50385/election_2026_candidates/3204/bordesley_and_highgate_ward_election_2026
6e6b0c6de8b6d24b,"Fowles, Tyrone Reece",Labour and Co-operative Party,2026-05-07,,True,https://www.birmingham.gov.uk/info/50385/election_2026_candidates/3204/bordesley_and_highgate_ward_election_2026
ac09c429af40341f,"Obad, Waleed",Liberal Democrats,2026-05-07,,True,https://www.birmingham.gov.uk/info/50385/election_2026_candidates/3204/bordesley_and_highgate_ward_election_2026
cd4ae4298c88e1bf,"Slater, Alexander Ross Douglas",Reform UK,2026-05-07,,True,https://www.birmingham.gov.uk/info/50385/election_2026_candidates/3204/bordesley_and_highgate_ward_election_2026
f056fa934d6f02e1,"Tuki, Jamil",Local Conservatives,2026-05-07,,True,https://www.birmingham.gov.uk/info/50385/election_2026_candidates/3204/bordesley_and_highgate_ward_election_2026
a3c543ce12ad5820,Corinne Fowler,Green Party,2026-05-07,,True,https://www.birmingham.gov.uk/info/50385/election_2026_candidates/3206/bournbrook_and_selly_park_ward_election_2026
f6bbeb56b93f5ad9,"Faulkner, Gary John",Reform UK,2026-05-07,,True,https://www.birmingham.gov.uk/info/50385/election_2026_candidates/3206/bournbrook_and_selly_park_ward_election_2026
8a617058633c85c6,Jane Baston,Green Party,2026-05-07,,True,https://www.birmingham.gov.uk/info/50385/election_2026_candidates/3206/bournbrook_and_selly_park_ward_election_2026
fe2cfa8fd4347e87,"Johnson, Neil",Local Conservatives,2026-05-07,,True,https://www.birmingham.gov.uk/info/50385/election_2026_candidates/3206/bournbrook_and_selly_park_ward_election_2026
ca6eec15f1b8d38c,"Lees, Ben",Trade Unionist and Socialist Coalition,2026-05-07,,True,https://www.birmingham.gov.uk/info/50385/election_2026_candidates/3206/bournbrook_and_selly_park_ward_election_2026
73d620411ac800c5,"Mullaney, Martin",Liberal Democrats,2026-05-07,,True,https://www.birmingham.gov.uk/info/50385/election_2026_candidates/3206/bournbrook_and_selly_park_ward_election_2026
f6c356cee907c9bb,"Ross, Colin Andrew",Liberal Democrats,2026-05-07,,True,https://www.birmingham.gov.uk/info/50385/election_2026_candidates/3206/bournbrook_and_selly_park_ward_election_2026
42cd476950bcd9da,"Scott, Jamie Christopher",Labour and Co-operative Party,2026-05-07,,True,https://www.birmingham.gov.uk/info/50385/election_2026_candidates/3206/bournbrook_and_selly_park_ward_election_2026
25fda0ce613f879e,"Vikal, Neetu",Reform UK,2026-05-07,,True,https://www.birmingham.gov.uk/info/50385/election_2026_candidates/3206/bournbrook_and_selly_park_ward_election_2026
18fd647570d6a5e2,"Ali, Muhammad",Labour Party,2026-05-07,,True,https://www.birmingham.gov.uk/info/50385/election_2026_candidates/3207/bournville_and_cotteridge_ward_election_2026
47aed0a7b21aa17d,"Dawkins, Nigel Douglas",Independent,2026-05-07,,True,https://www.birmingham.gov.uk/info/50385/election_2026_candidates/3207/bournville_and_cotteridge_ward_election_2026
074f074aaa949a65,"Grosvenor, Robert",Reform UK,2026-05-07,,True,https://www.birmingham.gov.uk/info/50385/election_2026_candidates/3207/bournville_and_cotteridge_ward_election_2026
819efff66ce735c9,"Ingram, Chloe Octavia Kay",Local Conservatives,2026-05-07,,True,https://www.birmingham.gov.uk/info/50385/election_2026_candidates/3207/bournville_and_cotteridge_ward_election_2026
da47199c6e756ba4,"Lacey, Chris",Reform UK,2026-05-07,,True,https://www.birmingham.gov.uk/info/50385/election_2026_candidates/3207/bournville_and_cotteridge_ward_election_2026
7b327ca961e1aa5a,"Vazaios, Ilias",Liberal Democrats,2026-05-07,,True,https://www.birmingham.gov.uk/info/50385/election_2026_candidates/3207/bournville_and_cotteridge_ward_election_2026
e74445597fe88f59,"Winter, Richard George",Green Party,2026-05-07,,True,https://www.birmingham.gov.uk/info/50385/election_2026_candidates/3207/bournville_and_cotteridge_ward_election_2026
b14f426ce3d5e754,"Allen, Leeford Claude Beresford",Local Conservatives,2026-05-07,,True,https://www.birmingham.gov.uk/info/50385/election_2026_candidates/3208/brandwood_and_kings_heath_ward_election_2026
92821d793e3e1885,"Cox, Emily",Liberal Democrats,2026-05-07,,True,https://www.birmingham.gov.uk/info/50385/election_2026_candidates/3208/brandwood_and_kings_heath_ward_election_2026
a4cc46a73ba2f166,Hamzah Sheikh,Green Party,2026-05-07,,True,https://www.birmingham.gov.uk/info/50385/election_2026_candidates/3208/brandwood_and_kings_heath_ward_election_2026
63425be4475fbb39,"Hudson, Mark Andrew",Independent,2026-05-07,,True,https://www.birmingham.gov.uk/info/50385/election_2026_candidates/3208/brandwood_and_kings_heath_ward_election_2026
db1a87b30f53745c,Jordan Phillip,Green Party,2026-05-07,,True,https://www.birmingham.gov.uk/info/50385/election_2026_candidates/3208/brandwood_and_kings_heath_ward_election_2026
24a8e7c7f115c65f,"Lockley, Ben",Labour and Co-operative Party,2026-05-07,,True,https://www.birmingham.gov.uk/info/50385/election_2026_candidates/3208/brandwood_and_kings_heath_ward_election_2026
389bbca7ee5d1461,"Malik, Muhammad Saleem",Workers Party,2026-05-07,,True,https://www.birmingham.gov.uk/info/50385/election_2026_candidates/3208/brandwood_and_kings_heath_ward_election_2026
ecef7ce3543f30bd,"Nwofor, Tochi",Reform UK,2026-05-07,,True,https://www.birmingham.gov.uk/info/50385/election_2026_candidates/3208/brandwood_and_kings_heath_ward_election_2026
bfc3a5ed9009614f,"Wagg, Cat",Liberal Democrats,2026-05-07,,True,https://www.birmingham.gov.uk/info/50385/election_2026_candidates/3208/brandwood_and_kings_heath_ward_election_2026
c70016f19cf7b9db,"Williams, Stephen John",Reform UK,2026-05-07,,True,https://www.birmingham.gov.uk/info/50385/election_2026_candidates/3208/brandwood_and_kings_heath_ward_election_2026
148fc4f142041eca,"Annett, Jack",Local Conservatives,2026-05-07,,True,https://www.birmingham.gov.uk/info/50385/election_2026_candidates/3209/bromford_and_hodge_hill_ward_election_2026
ba86e7da66c96611,"Cheshire, Robert William",Local Conservatives,2026-05-07,,True,https://www.birmingham.gov.uk/info/50385/election_2026_candidates/3209/bromford_and_hodge_hill_ward_election_2026
387af5e655977f77,"Hussain, Arshad",Liberal Democrats,2026-05-07,,True,https://www.birmingham.gov.uk/info/50385/election_2026_candidates/3209/bromford_and_hodge_hill_ward_election_2026
999c22a26fca4b54,"Jonah, Zakarya",Green Party,2026-05-07,,True,https://www.birmingham.gov.uk/info/50385/election_2026_candidates/3209/bromford_and_hodge_hill_ward_election_2026
48f953571612f2e0,"Karagiannopoulos, Andreas Nektarios",Reform UK,2026-05-07,,True,https://www.birmingham.gov.uk/info/50385/election_2026_candidates/3209/bromford_and_hodge_hill_ward_election_2026
cb0fe453b4e09d38,"Khan, Sardar",Workers Party,2026-05-07,,True,https://www.birmingham.gov.uk/info/50385/election_2026_candidates/3209/bromford_and_hodge_hill_ward_election_2026
aeb9c977d30f3e88,"Riley, Duncan Douglas",Reform UK,2026-05-07,,True,https://www.birmingham.gov.uk/info/50385/election_2026_candidates/3209/bromford_and_hodge_hill_ward_election_2026
cbf0a58675c68eaa,"Shah, Tasawar Hussain",Workers Party,2026-05-07,,True,https://www.birmingham.gov.uk/info/50385/election_2026_candidates/3209/bromford_and_hodge_hill_ward_election_2026
de9fc8f2a13f1f96,"Chapman, Roman",Local Conservatives,2026-05-07,,True,https://www.birmingham.gov.uk/info/50385/election_2026_candidates/3210/castle_vale_ward_election_2026
d82ac6482e167c5e,"Copeland, Ross",Reform UK,2026-05-07,,True,https://www.birmingham.gov.uk/info/50385/election_2026_candidates/3210/castle_vale_ward_election_2026
48880f630ea1eafc,"Okole, Margaret",Green Party,2026-05-07,,True,https://www.birmingham.gov.uk/info/50385/election_2026_candidates/3210/castle_vale_ward_election_2026
7e299fb3f4495da2,"Scrivens, Louise Arabella",Workers Party,2026-05-07,,True,https://www.birmingham.gov.uk/info/50385/election_2026_candidates/3210/castle_vale_ward_election_2026
8076bc9079a3ee63,"Sword, Trevor",Liberal Democrats,2026-05-07,,True,https://www.birmingham.gov.uk/info/50385/election_2026_candidates/3210/castle_vale_ward_election_2026
3f9db06325343796,"Brown, Stephen",Local Conservatives,2026-05-07,,True,https://www.birmingham.gov.uk/info/50385/election_2026_candidates/3211/druids_heath_and_monyhull_ward_election_2026
6e4061172e4f39a2,"Clement, Gavin",Liberal Democrats,2026-05-07,,True,https://www.birmingham.gov.uk/info/50385/election_2026_candidates/3211/druids_heath_and_monyhull_ward_election_2026
6db638db45d581b3,"Ishtiaq, Muhammad",Labour Party,2026-05-07,,True,https://www.birmingham.gov.uk/info/50385/election_2026_candidates/3211/druids_heath_and_monyhull_ward_election_2026
8bdab528de3421fe,"Singh, Aman",Reform UK,2026-05-07,,True,https://www.birmingham.gov.uk/info/50385/election_2026_candidates/3211/druids_heath_and_monyhull_ward_election_2026
f7916f3ececf3e36,"Siva, Giri",Workers Party,2026-05-07,,True,https://www.birmingham.gov.uk/info/50385/election_2026_candidates/3211/druids_heath_and_monyhull_ward_election_2026
2e24775bc275e400,"Gibbons, Simon",Reform UK,2026-05-07,,True,https://www.birmingham.gov.uk/info/50385/election_2026_candidates/3212/edgbaston_ward_election_2026
d7ef3621d89a55f2,"Hogg, Nathan James",Green Party,2026-05-07,,True,https://www.birmingham.gov.uk/info/50385/election_2026_candidates/3212/edgbaston_ward_election_2026
5e9dbc5ab91598b9,"Prosser, Oscar George",Green Party,2026-05-07,,True,https://www.birmingham.gov.uk/info/50385/election_2026_candidates/3212/edgbaston_ward_election_2026
77cd15d85f0b26d2,"Sanghera, Mandy",Labour Party,2026-05-07,,True,https://www.birmingham.gov.uk/info/50385/election_2026_candidates/3212/edgbaston_ward_election_2026
6c2063f086fc418c,"Shergill, Onkar",Labour Party,2026-05-07,,True,https://www.birmingham.gov.uk/info/50385/election_2026_candidates/3212/edgbaston_ward_election_2026
e75fab9d22d4dc73,"Vidhani, Madhu",Reform UK,2026-05-07,,True,https://www.birmingham.gov.uk/info/50385/election_2026_candidates/3212/edgbaston_ward_election_2026
03b96400dab36d9a,"Choudhury, Shefa",Liberal Democrats,2026-05-07,,True,https://www.birmingham.gov.uk/info/50385/election_2026_candidates/3213/erdington_ward_election_2026
7c5fd21bea3e1961,"Karra-Webb, Alex",Green Party,2026-05-07,,True,https://www.birmingham.gov.uk/info/50385/election_2026_candidates/3213/erdington_ward_election_2026
11f5134ee220c4cd,"May, Richard Haydn",Liberal Democrats,2026-05-07,,True,https://www.birmingham.gov.uk/info/50385/election_2026_candidates/3213/erdington_ward_election_2026
eced9e30e2ab5c13,"Taranssari, Ali",Reform UK,2026-05-07,,True,https://www.birmingham.gov.uk/info/50385/election_2026_candidates/3213/erdington_ward_election_2026
68485d25d09a8963,"Uddin, Mahtab",Labour Party,2026-05-07,,True,https://www.birmingham.gov.uk/info/50385/election_2026_candidates/3213/erdington_ward_election_2026
144bf7491c885553,"Walden, Lauren",Labour Party,2026-05-07,,True,https://www.birmingham.gov.uk/info/50385/election_2026_candidates/3213/erdington_ward_election_2026
bf397eaca05b2bf2,"Ward, Corinthia",Trade Unionist and Socialist Coalition,2026-05-07,,True,https://www.birmingham.gov.uk/info/50385/election_2026_candidates/3213/erdington_ward_election_2026
dbafd4573ed80591,"Beck, Peter",Green Party,2026-05-07,,True,https://www.birmingham.gov.uk/info/50385/election_2026_candidates/3214/frankley_great_park_ward_election_2026
0d71a0e07f802484,Gemma Guttridge,Reform UK,2026-05-07,,True,https://www.birmingham.gov.uk/info/50385/election_2026_candidates/3214/frankley_great_park_ward_election_2026
329098e30510567a,"Lloyd, Peter",Liberal Democrats,2026-05-07,,True,https://www.birmingham.gov.uk/info/50385/election_2026_candidates/3214/frankley_great_park_ward_election_2026
5c19bce372dbdab5,"Saad, Mohamed",Labour Party,2026-05-07,,True,https://www.birmingham.gov.uk/info/50385/election_2026_candidates/3214/frankley_great_park_ward_election_2026
26348d0437b30761,"Storer, Tilton Tobias",Local Conservatives,2026-05-07,,True,https://www.birmingham.gov.uk/info/50385/election_2026_candidates/3214/frankley_great_park_ward_election_2026
ad947792706fd068,"Busuttil, Carla",Green Party,2026-05-07,,True,https://www.birmingham.gov.uk/info/50385/election_2026_candidates/3215/garretts_green_ward_election_2026
61cda3cd81c32b73,"Higgins, Peter",Workers Party,2026-05-07,,True,https://www.birmingham.gov.uk/info/50385/election_2026_candidates/3215/garretts_green_ward_election_2026
91520d1e3a5725b4,"O'Callaghan, Benjamin",Liberal Democrats,2026-05-07,,True,https://www.birmingham.gov.uk/info/50385/election_2026_candidates/3215/garretts_green_ward_election_2026
772c182d49821100,"Webster, Carl Richard",Reform UK,2026-05-07,,True,https://www.birmingham.gov.uk/info/50385/election_2026_candidates/3215/garretts_green_ward_election_2026
69b15dedd12495bb,"Charles, Gary",Green Party,2026-05-07,,True,https://www.birmingham.gov.uk/info/50385/election_2026_candidates/3216/glebe_farm_and_tile_cross_ward_election_2026
84c911387cb84b04,"Fikeis, Chris",Local Conservatives,2026-05-07,,True,https://www.birmingham.gov.uk/info/50385/election_2026_candidates/3216/glebe_farm_and_tile_cross_ward_election_2026
be637081631518d4,"Hooper, Gareth",Green Party,2026-05-07,,True,https://www.birmingham.gov.uk/info/50385/election_2026_candidates/3216/glebe_farm_and_tile_cross_ward_election_2026
6860469fb44d620e,Jess Ankrett,Reform UK,2026-05-07,,True,https://www.birmingham.gov.uk/info/50385/election_2026_candidates/3216/glebe_farm_and_tile_cross_ward_election_2026
c0b0d57c44adce34,"Kayani, Shehryar",Workers Party,2026-05-07,,True,https://www.birmingham.gov.uk/info/50385/election_2026_candidates/3216/glebe_farm_and_tile_cross_ward_election_2026
9533497d8bef483d,"Kiani, Uzman",Liberal Democrats,2026-05-07,,True,https://www.birmingham.gov.uk/info/50385/election_2026_candidates/3216/glebe_farm_and_tile_cross_ward_election_2026
376fcada90b2f527,"Shafique, Amir",Workers Party,2026-05-07,,True,https://www.birmingham.gov.uk/info/50385/election_2026_candidates/3216/glebe_farm_and_tile_cross_ward_election_2026
cb244c219b874b40,"Tank, Satnam",Reform UK,2026-05-07,,True,https://www.birmingham.gov.uk/info/50385/election_2026_candidates/3216/glebe_farm_and_tile_cross_ward_election_2026
2506129e8eac6a56,"Akhtar, Wahid",Independent,2026-05-07,,True,https://www.birmingham.gov.uk/info/50385/election_2026_candidates/3217/gravelly_hill_ward_election_2026
9537d1094768c0ea,"Mackey, Julia Anne",Local Conservatives,2026-05-07,,True,https://www.birmingham.gov.uk/info/50385/election_2026_candidates/3217/gravelly_hill_ward_election_2026
52f7e9709d5c3c7d,"Wilton, Maisie Lou Evelyn",Reform UK,2026-05-07,,True,https://www.birmingham.gov.uk/info/50385/election_2026_candidates/3217/gravelly_hill_ward_election_2026
ea57e3acede5d6e7,"Arabi, Belal",Independent,2026-05-07,,True,https://www.birmingham.gov.uk/info/50385/election_2026_candidates/3218/hall_green_north_ward_election_2026
f13ddc35bbd6ed06,"Dukes-Hogan, Estelle",Liberal Democrats,2026-05-07,,True,https://www.birmingham.gov.uk/info/50385/election_2026_candidates/3218/hall_green_north_ward_election_2026
6df060aaefca5f65,Haroon Salim,Green Party,2026-05-07,,True,https://www.birmingham.gov.uk/info/50385/election_2026_candidates/3218/hall_green_north_ward_election_2026
ec79b1fa0cb268e6,"Holland, Jordan",Reform UK,2026-05-07,,True,https://www.birmingham.gov.uk/info/50385/election_2026_candidates/3218/hall_green_north_ward_election_2026
4320f14c803cf160,"Hussain, Fahad Ali",Workers Party,2026-05-07,,True,https://www.birmingham.gov.uk/info/50385/election_2026_candidates/3218/hall_green_north_ward_election_2026
00b96da865fdb778,"Iqbal, Malik Nasir",Local Conservatives,2026-05-07,,True,https://www.birmingham.gov.uk/info/50385/election_2026_candidates/3218/hall_green_north_ward_election_2026
785e830e029f8e32,Mansoor Qureshi,Green Party,2026-05-07,,True,https://www.birmingham.gov.uk/info/50385/election_2026_candidates/3218/hall_green_north_ward_election_2026
79899af5c2789b2f,"Mattison, Kyra Nicole",Reform UK,2026-05-07,,True,https://www.birmingham.gov.uk/info/50385/election_2026_candidates/3218/hall_green_north_ward_election_2026
f5d6c1bd310f7128,"Carpenter, Daniel Thomas",Green Party,2026-05-07,,True,https://www.birmingham.gov.uk/info/50385/election_2026_candidates/3219/hall_green_south_ward_election_2026
8304e95307c906c4,"Lickiss, David Alan",Liberal Democrats,2026-05-07,,True,https://www.birmingham.gov.uk/info/50385/election_2026_candidates/3219/hall_green_south_ward_election_2026
f7fd140c8c45ff90,"Shabir, Aminah",Workers Party,2026-05-07,,True,https://www.birmingham.gov.uk/info/50385/election_2026_candidates/3219/hall_green_south_ward_election_2026
34bdd78595c63a97,"Taylor, Stephen",Reform UK,2026-05-07,,True,https://www.birmingham.gov.uk/info/50385/election_2026_candidates/3219/hall_green_south_ward_election_2026
f3c16e89c0c8370c,"Bishop, Paul Andrew",Liberal Democrats,2026-05-07,,True,https://www.birmingham.gov.uk/info/50385/election_2026_candidates/3220/handsworth_ward_election_2026
7732ffa7f602d02f,"Brittain, Curtis James",Reform UK,2026-05-07,,True,https://www.birmingham.gov.uk/info/50385/election_2026_candidates/3220/handsworth_ward_election_2026
6e3655122fb65601,"Dakunivosa, Mosese",Labour Party,2026-05-07,,True,https://www.birmingham.gov.uk/info/50385/election_2026_candidates/3220/handsworth_ward_election_2026
10a4f7ce712646b8,"Mohamed, Abdulaziz",Independent,2026-05-07,,True,https://www.birmingham.gov.uk/info/50385/election_2026_candidates/3220/handsworth_ward_election_2026
f9f37d1ee9aa9564,"Rahman, Enam",Local Conservatives,2026-05-07,,True,https://www.birmingham.gov.uk/info/50385/election_2026_candidates/3220/handsworth_ward_election_2026
1b8c48518d432c46,"Atholi, Junior",Independent,2026-05-07,,True,https://www.birmingham.gov.uk/info/50385/election_2026_candidates/3221/handsworth_wood_ward_election_2026
9b384bb212575f9a,"Banger, Lalit Kumar",Independent,2026-05-07,,True,https://www.birmingham.gov.uk/info/50385/election_2026_candidates/3221/handsworth_wood_ward_election_2026
e1b4e6ba4d2bda23,"Brown, Neil James",Reform UK,2026-05-07,,True,https://www.birmingham.gov.uk/info/50385/election_2026_candidates/3221/handsworth_wood_ward_election_2026
d11c4b5d5571815f,"Clark, Michael George",Reform UK,2026-05-07,,True,https://www.birmingham.gov.uk/info/50385/election_2026_candidates/3221/handsworth_wood_ward_election_2026
20d59cb7e10788f8,"Hafeez, Junaid",Green Party,2026-05-07,,True,https://www.birmingham.gov.uk/info/50385/election_2026_candidates/3221/handsworth_wood_ward_election_2026
2ef8264db2643044,"Hallam, Stephen Michael",Liberal Democrats,2026-05-07,,True,https://www.birmingham.gov.uk/info/50385/election_2026_candidates/3221/handsworth_wood_ward_election_2026
00ac13811fde9f0f,"Khan, Umar Hayat",Independent,2026-05-07,,True,https://www.birmingham.gov.uk/info/50385/election_2026_candidates/3221/handsworth_wood_ward_election_2026
db268a2a9cacc4df,Randeep Kular,Labour Party,2026-05-07,,True,https://www.birmingham.gov.uk/info/50385/election_2026_candidates/3221/handsworth_wood_ward_election_2026
be7ff3f55da6c372,"Sheahan, Peter John",Green Party,2026-05-07,,True,https://www.birmingham.gov.uk/info/50385/election_2026_candidates/3221/handsworth_wood_ward_election_2026
d2e252db271e45c3,"Uddin, Sam",Independent,2026-05-07,,True,https://www.birmingham.gov.uk/info/50385/election_2026_candidates/3221/handsworth_wood_ward_election_2026
28f4dac2be38998f,"Burgess, James Victor",Independent,2026-05-07,,True,https://www.birmingham.gov.uk/info/50385/election_2026_candidates/3222/harborne_ward_election_2026
09ed10e0ada58216,"Cross, James Peter",Independent,2026-05-07,,True,https://www.birmingham.gov.uk/info/50385/election_2026_candidates/3222/harborne_ward_election_2026
f62ca21352baaf04,"Goodwin, Ben",Green Party,2026-05-07,,True,https://www.birmingham.gov.uk/info/50385/election_2026_candidates/3222/harborne_ward_election_2026
5c5f5e7277c5fd8d,Kevin Carmody,Green Party,2026-05-07,,True,https://www.birmingham.gov.uk/info/50385/election_2026_candidates/3222/harborne_ward_election_2026
fe737c79f162af66,"Khan, Hasnain Qamar Rashid Bhatti",Labour Party,2026-05-07,,True,https://www.birmingham.gov.uk/info/50385/election_2026_candidates/3222/harborne_ward_election_2026
b3cd5d285aa7e01a,"Marwick, Sarah",Liberal Democrats,2026-05-07,,True,https://www.birmingham.gov.uk/info/50385/election_2026_candidates/3222/harborne_ward_election_2026
d10f6684645e234a,"Moore, Richard William",Labour Party,2026-05-07,,True,https://www.birmingham.gov.uk/info/50385/election_2026_candidates/3222/harborne_ward_election_2026
75016dc6c6f1eb04,"Rasenberg, Hugo George",Local Conservatives,2026-05-07,,True,https://www.birmingham.gov.uk/info/50385/election_2026_candidates/3222/harborne_ward_election_2026
5bc94adf2b35ba2c,"Shahzada, Amaar",Local Conservatives,2026-05-07,,True,https://www.birmingham.gov.uk/info/50385/election_2026_candidates/3222/harborne_ward_election_2026
c8a98f7b166bb589,"Sharma, Aniraj",Reform UK,2026-05-07,,True,https://www.birmingham.gov.uk/info/50385/election_2026_candidates/3222/harborne_ward_election_2026
c96bc0bfa12ea94a,"Singh, Jyotsna",Reform UK,2026-05-07,,True,https://www.birmingham.gov.uk/info/50385/election_2026_candidates/3222/harborne_ward_election_2026
4ebc16d639ad6aa7,"Ali, Abid",Liberal Democrats,2026-05-07,,True,https://www.birmingham.gov.uk/info/50385/election_2026_candidates/3223/heartlands_ward_election_2026
b04d55b2044970d2,"Hussain, Sajid",Independent,2026-05-07,,True,https://www.birmingham.gov.uk/info/50385/election_2026_candidates/3223/heartlands_ward_election_2026
e3c790f35064c479,"Islam, Md Ohidul",Local Conservatives,2026-05-07,,True,https://www.birmingham.gov.uk/info/50385/election_2026_candidates/3223/heartlands_ward_election_2026
10ab77da98e7cf18,"Mazhar, Danny",Birmingham Community Independents,2026-05-07,,True,https://www.birmingham.gov.uk/info/50385/election_2026_candidates/3223/heartlands_ward_election_2026
8246353b15b09f46,"Raman, Sathish Kumar",Reform UK,2026-05-07,,True,https://www.birmingham.gov.uk/info/50385/election_2026_candidates/3223/heartlands_ward_election_2026
657e47180ee01ffe,"Seharai, Mateen",Green Party,2026-05-07,,True,https://www.birmingham.gov.uk/info/50385/election_2026_candidates/3223/heartlands_ward_election_2026
43fa06ef8f4a26ef,"Bowen, Iain David",Liberal Democrats,2026-05-07,,True,https://www.birmingham.gov.uk/info/50385/election_2026_candidates/3224/highters_heath_ward_election_2026
db2d880504122dd6,"Samuels, Joe",Labour Party,2026-05-07,,True,https://www.birmingham.gov.uk/info/50385/election_2026_candidates/3224/highters_heath_ward_election_2026
de10070cdc22f6c6,"West, Jason",Reform UK,2026-05-07,,True,https://www.birmingham.gov.uk/info/50385/election_2026_candidates/3224/highters_heath_ward_election_2026
ca2c480ae88c0c6c,"Atholi, Senior",Independent,2026-05-07,,True,https://www.birmingham.gov.uk/info/50385/election_2026_candidates/3225/holyhead_ward_election_2026
3b71e91559cc4fb8,"Clarke, Martin",Local Conservatives,2026-05-07,,True,https://www.birmingham.gov.uk/info/50385/election_2026_candidates/3225/holyhead_ward_election_2026
406db7787e30aecd,"Clough, Nigel",Green Party,2026-05-07,,True,https://www.birmingham.gov.uk/info/50385/election_2026_candidates/3225/holyhead_ward_election_2026
10631d6756d0f022,"Dainty, Mark Richard",Reform UK,2026-05-07,,True,https://www.birmingham.gov.uk/info/50385/election_2026_candidates/3225/holyhead_ward_election_2026
20ce7dc2c3cfc74a,"Hamilton, Keshia",Labour Party,2026-05-07,,True,https://www.birmingham.gov.uk/info/50385/election_2026_candidates/3225/holyhead_ward_election_2026
816f9a376743932a,"Jaddoo, Alexander Samuel Vivian",Independent,2026-05-07,,True,https://www.birmingham.gov.uk/info/50385/election_2026_candidates/3225/holyhead_ward_election_2026
1e6768d5c25794fc,"Tanveer, Faizan",Liberal Democrats,2026-05-07,,True,https://www.birmingham.gov.uk/info/50385/election_2026_candidates/3225/holyhead_ward_election_2026
b220315a9797c7cc,"Chandler, James Andrew Ayodele",Liberal Democrats,2026-05-07,,True,https://www.birmingham.gov.uk/info/50385/election_2026_candidates/3228/kingstanding_ward_election_2026
fc608bc44ec73470,John Lambert,Reform UK,2026-05-07,,True,https://www.birmingham.gov.uk/info/50385/election_2026_candidates/3228/kingstanding_ward_election_2026
b432de0b10eb844d,"Lee, Chris",Green Party,2026-05-07,,True,https://www.birmingham.gov.uk/info/50385/election_2026_candidates/3228/kingstanding_ward_election_2026
c779528edb212a5e,"Lilly, Paul",Labour Party,2026-05-07,,True,https://www.birmingham.gov.uk/info/50385/election_2026_candidates/3228/kingstanding_ward_election_2026
1d2670d61bb99afb,"Orme, Jerry",Green Party,2026-05-07,,True,https://www.birmingham.gov.uk/info/50385/election_2026_candidates/3228/kingstanding_ward_election_2026
64ff77abd24ac021,"Richards, Alex Lawrence",Local Conservatives,2026-05-07,,True,https://www.birmingham.gov.uk/info/50385/election_2026_candidates/3228/kingstanding_ward_election_2026
1a0d414c26990ae6,"Corrigan, Carmel Gertrude",Labour Party,2026-05-07,,True,https://www.birmingham.gov.uk/info/50385/election_2026_candidates/3226/kings_norton_north_ward_election_2026
ddb1e47c79b26f29,"Hemming, Alexander",Liberal Democrats,2026-05-07,,True,https://www.birmingham.gov.uk/info/50385/election_2026_candidates/3226/kings_norton_north_ward_election_2026
2b18891d4ea66a37,Martin Smith,Reform UK,2026-05-07,,True,https://www.birmingham.gov.uk/info/50385/election_2026_candidates/3226/kings_norton_north_ward_election_2026
745328b9dde89722,"Molloy-Brookes, Daniel Patrick",Local Conservatives,2026-05-07,,True,https://www.birmingham.gov.uk/info/50385/election_2026_candidates/3226/kings_norton_north_ward_election_2026
f297e6e1c5c192bd,"Rooney, Joe",Green Party,2026-05-07,,True,https://www.birmingham.gov.uk/info/50385/election_2026_candidates/3226/kings_norton_north_ward_election_2026
a84cf79ebbea28c0,"Brown, Joel Samuel",Local Conservatives,2026-05-07,,True,https://www.birmingham.gov.uk/info/50385/election_2026_candidates/3227/kings_norton_south_ward_election_2026
6f308e6f2218a300,"Malec, Agata Joanna",Reform UK,2026-05-07,,True,https://www.birmingham.gov.uk/info/50385/election_2026_candidates/3227/kings_norton_south_ward_election_2026
f3ae908facfec5a2,"Benton, Sally",Labour Party,2026-05-07,,True,https://www.birmingham.gov.uk/info/50385/election_2026_candidates/3229/ladywood_ward_election_2026
6f4654f2ebef16b8,"Cotton, Jade Marie",Reform UK,2026-05-07,,True,https://www.birmingham.gov.uk/info/50385/election_2026_candidates/3229/ladywood_ward_election_2026
0fce6f0a41accd17,"Cressman, Gary Edwin",Independent,2026-05-07,,True,https://www.birmingham.gov.uk/info/50385/election_2026_candidates/3229/ladywood_ward_election_2026
f39f36b1092235d5,"Dargue, Lee",Liberal Democrats,2026-05-07,,True,https://www.birmingham.gov.uk/info/50385/election_2026_candidates/3229/ladywood_ward_election_2026
ce5d54ad8cf77413,"Dosanjh, Satvir",Labour Party,2026-05-07,,True,https://www.birmingham.gov.uk/info/50385/election_2026_candidates/3229/ladywood_ward_election_2026
a282660d988749a9,"Maragh, Deborah Moria",Independent,2026-05-07,,True,https://www.birmingham.gov.uk/info/50385/election_2026_candidates/3229/ladywood_ward_election_2026
da6429d19f03352d,"Noor, Zoobia",Liberal Democrats,2026-05-07,,True,https://www.birmingham.gov.uk/info/50385/election_2026_candidates/3229/ladywood_ward_election_2026
9f7a2b63c7e2296a,"Pandey, Abhinav Priyadarshi",Reform UK,2026-05-07,,True,https://www.birmingham.gov.uk/info/50385/election_2026_candidates/3229/ladywood_ward_election_2026
3ae740342c3b514d,Raheem Humphreys,Green Party,2026-05-07,,True,https://www.birmingham.gov.uk/info/50385/election_2026_candidates/3229/ladywood_ward_election_2026
9723aa36ddcce350,"Smith, Abigail Margaret",Local Conservatives,2026-05-07,,True,https://www.birmingham.gov.uk/info/50385/election_2026_candidates/3229/ladywood_ward_election_2026
e70898d0c4dd7076,"Yip, Cindy",Local Conservatives,2026-05-07,,True,https://www.birmingham.gov.uk/info/50385/election_2026_candidates/3229/ladywood_ward_election_2026
9ac1f8736e7b76bb,Anthony Ward,Reform UK,2026-05-07,,True,https://www.birmingham.gov.uk/info/50385/election_2026_candidates/3230/longbridge_and_west_heath_ward_election_2026
904f335e19791935,"Asonibare, Francine",Liberal Democrats,2026-05-07,,True,https://www.birmingham.gov.uk/info/50385/election_2026_candidates/3230/longbridge_and_west_heath_ward_election_2026
504f0fac4044ead3,"Brett Young, Tony",Liberal Democrats,2026-05-07,,True,https://www.birmingham.gov.uk/info/50385/election_2026_candidates/3230/longbridge_and_west_heath_ward_election_2026
7c0dcfbe040ae2af,Charlie Latchford,Reform UK,2026-05-07,,True,https://www.birmingham.gov.uk/info/50385/election_2026_candidates/3230/longbridge_and_west_heath_ward_election_2026
a71f489e1a82c7cf,"Jones, Hannah",Green Party,2026-05-07,,True,https://www.birmingham.gov.uk/info/50385/election_2026_candidates/3230/longbridge_and_west_heath_ward_election_2026
15024987064b5eb7,"Lloyd, Matthew Josef",Labour Party,2026-05-07,,True,https://www.birmingham.gov.uk/info/50385/election_2026_candidates/3230/longbridge_and_west_heath_ward_election_2026
64d9f2e947616f89,"Neville, Matthew John",Green Party,2026-05-07,,True,https://www.birmingham.gov.uk/info/50385/election_2026_candidates/3230/longbridge_and_west_heath_ward_election_2026
ae6b8bdea79f4eb0,"Sanusi, Femi",Labour Party,2026-05-07,,True,https://www.birmingham.gov.uk/info/50385/election_2026_candidates/3230/longbridge_and_west_heath_ward_election_2026
ef46fa0c88d82bf8,"Costa, Rafael",Independent,2026-05-07,,True,https://www.birmingham.gov.uk/info/50385/election_2026_candidates/3231/lozells_ward_election_2026
32326dabeadc94c3,"Din, Qiam Ud",Green Party,2026-05-07,,True,https://www.birmingham.gov.uk/info/50385/election_2026_candidates/3231/lozells_ward_election_2026
fa606d16f2377415,"Hinton, Peter Charles John",Reform UK,2026-05-07,,True,https://www.birmingham.gov.uk/info/50385/election_2026_candidates/3231/lozells_ward_election_2026
097a036bf56ee191,"Khan, Raja Asim",Independent,2026-05-07,,True,https://www.birmingham.gov.uk/info/50385/election_2026_candidates/3231/lozells_ward_election_2026
4ae36a60cda0a89c,"King, Andy",Liberal Democrats,2026-05-07,,True,https://www.birmingham.gov.uk/info/50385/election_2026_candidates/3231/lozells_ward_election_2026
1c0a0cfe919f5e26,"Rayean, Nufayej",Independent,2026-05-07,,True,https://www.birmingham.gov.uk/info/50385/election_2026_candidates/3231/lozells_ward_election_2026
c79e4e75f29dd504,"Sisman, Dean",Local Conservatives,2026-05-07,,True,https://www.birmingham.gov.uk/info/50385/election_2026_candidates/3231/lozells_ward_election_2026
fa81440fe8fa440b,Taj Uddin,Independent,2026-05-07,,True,https://www.birmingham.gov.uk/info/50385/election_2026_candidates/3231/lozells_ward_election_2026
7826f4715b413306,"Zaffar, Samarah",Labour Party,2026-05-07,,True,https://www.birmingham.gov.uk/info/50385/election_2026_candidates/3231/lozells_ward_election_2026
9b8f1188486534a6,"Ali, Ayyub",Green Party,2026-05-07,,True,https://www.birmingham.gov.uk/info/50385/election_2026_candidates/3232/moseley_ward_election_2026
96b02291380edf7a,"Ashton, Oliver",Green Party,2026-05-07,,True,https://www.birmingham.gov.uk/info/50385/election_2026_candidates/3232/moseley_ward_election_2026
abcff358eeef4ba7,"Bentley, Joshua",Reform UK,2026-05-07,,True,https://www.birmingham.gov.uk/info/50385/election_2026_candidates/3232/moseley_ward_election_2026
fc50d2970a9d3a61,"Cuthel, Cheryl Ann",Reform UK,2026-05-07,,True,https://www.birmingham.gov.uk/info/50385/election_2026_candidates/3232/moseley_ward_election_2026
cc4220716763e546,"Goby, Margaret",Local Conservatives,2026-05-07,,True,https://www.birmingham.gov.uk/info/50385/election_2026_candidates/3232/moseley_ward_election_2026
aa6d124e0e5eabbf,"Mabhena, Gwaza",Labour Party,2026-05-07,,True,https://www.birmingham.gov.uk/info/50385/election_2026_candidates/3232/moseley_ward_election_2026
2861cf145f82fad6,"Pihlaja, Stephen",Labour Party,2026-05-07,,True,https://www.birmingham.gov.uk/info/50385/election_2026_candidates/3232/moseley_ward_election_2026
9dc1689fa3e7ebfb,"Shah, Mukhtarim",Independent,2026-05-07,,True,https://www.birmingham.gov.uk/info/50385/election_2026_candidates/3232/moseley_ward_election_2026
02fbf72f988c3c9c,"Elizabeth, Sophie Juda",Reform UK,2026-05-07,,True,https://www.birmingham.gov.uk/info/50385/election_2026_candidates/3233/nechells_ward_election_2026
880d37b15bc6f998,"Farah, Guled",Liberal Democrats,2026-05-07,,True,https://www.birmingham.gov.uk/info/50385/election_2026_candidates/3233/nechells_ward_election_2026
45f0d1d8d419eb6f,Mansuur Ahmed,Independent,2026-05-07,,True,https://www.birmingham.gov.uk/info/50385/election_2026_candidates/3233/nechells_ward_election_2026
100b8db20d8a411e,"O'Donovan, Conor",Trade Unionist and Socialist Coalition,2026-05-07,,True,https://www.birmingham.gov.uk/info/50385/election_2026_candidates/3233/nechells_ward_election_2026
1927253b973f9ae7,"Reka, Marcelo",Labour Party,2026-05-07,,True,https://www.birmingham.gov.uk/info/50385/election_2026_candidates/3233/nechells_ward_election_2026
d066ea8d35787816,"Sufian, Md Abu",Green Party,2026-05-07,,True,https://www.birmingham.gov.uk/info/50385/election_2026_candidates/3233/nechells_ward_election_2026
1a25579f9335f01c,"Warmington, Devinchi",Local Conservatives,2026-05-07,,True,https://www.birmingham.gov.uk/info/50385/election_2026_candidates/3233/nechells_ward_election_2026
7a09e1ab2d3786cb,"Anderson, Sonya",Independent,2026-05-07,,True,https://www.birmingham.gov.uk/info/50385/election_2026_candidates/3234/newtown_ward_election_2026
447087f0e34afd9f,"Hussain, Amjad",Independent,2026-05-07,,True,https://www.birmingham.gov.uk/info/50385/election_2026_candidates/3234/newtown_ward_election_2026
d72bc18f1a0d37b9,"Khatun, Rashia",Liberal Democrats,2026-05-07,,True,https://www.birmingham.gov.uk/info/50385/election_2026_candidates/3234/newtown_ward_election_2026
800a170f02159db6,"Miah, Burhan",Local Conservatives,2026-05-07,,True,https://www.birmingham.gov.uk/info/50385/election_2026_candidates/3234/newtown_ward_election_2026
a21aa3480d685c81,"Mohammed, Hannah",Green Party,2026-05-07,,True,https://www.birmingham.gov.uk/info/50385/election_2026_candidates/3234/newtown_ward_election_2026
adce10ebc3a1d6fa,Rasheda Begum,Labour Party,2026-05-07,,True,https://www.birmingham.gov.uk/info/50385/election_2026_candidates/3234/newtown_ward_election_2026
a264e8e6c363b0fe,"Anarfi, Kofi Agyei Tabiri",Local Conservatives,2026-05-07,,True,https://www.birmingham.gov.uk/info/50385/election_2026_candidates/3235/north_edgbaston_ward_election_2026
c939c97b7d5883a1,"Arifeen, Shamsul",Local Conservatives,2026-05-07,,True,https://www.birmingham.gov.uk/info/50385/election_2026_candidates/3235/north_edgbaston_ward_election_2026
1a6785e8b6c3c8c0,"Dow, Alistair",Liberal Democrats,2026-05-07,,True,https://www.birmingham.gov.uk/info/50385/election_2026_candidates/3235/north_edgbaston_ward_election_2026
a1394032c747e111,"Hassan, Hanooshi",Green Party,2026-05-07,,True,https://www.birmingham.gov.uk/info/50385/election_2026_candidates/3235/north_edgbaston_ward_election_2026
a7edcb4ecc3ebb44,"Jones, Neil",Reform UK,2026-05-07,,True,https://www.birmingham.gov.uk/info/50385/election_2026_candidates/3235/north_edgbaston_ward_election_2026
ea43239203179c34,"Khan, Amer",Independent,2026-05-07,,True,https://www.birmingham.gov.uk/info/50385/election_2026_candidates/3235/north_edgbaston_ward_election_2026
4a9f2d65363d0391,"Pattison, Joshua",Reform UK,2026-05-07,,True,https://www.birmingham.gov.uk/info/50385/election_2026_candidates/3235/north_edgbaston_ward_election_2026
3474b970435b8553,Sarina Younas,Labour Party,2026-05-07,,True,https://www.birmingham.gov.uk/info/50385/election_2026_candidates/3235/north_edgbaston_ward_election_2026
3f3438202e641073,"Wallin, Ralph Anthony",Green Party,2026-05-07,,True,https://www.birmingham.gov.uk/info/50385/election_2026_candidates/3235/north_edgbaston_ward_election_2026
00251c6bbb86c0b7,"Xavier, Francois",Independent,2026-05-07,,True,https://www.birmingham.gov.uk/info/50385/election_2026_candidates/3235/north_edgbaston_ward_election_2026
60f0cef88f2523a5,George Hall,Reform UK,2026-05-07,,True,https://www.birmingham.gov.uk/info/50385/election_2026_candidates/3236/northfield_ward_election_2026
8cb92775713d66d6,"Neumann, Alfie",Green Party,2026-05-07,,True,https://www.birmingham.gov.uk/info/50385/election_2026_candidates/3236/northfield_ward_election_2026
a6e909b0e63dea2e,"Rai, Esther",Labour Party,2026-05-07,,True,https://www.birmingham.gov.uk/info/50385/election_2026_candidates/3236/northfield_ward_election_2026
3528cb6eb5ecc09a,"Barnett, Francis Liam",Labour Party,2026-05-07,,True,https://www.birmingham.gov.uk/info/50385/election_2026_candidates/3237/oscott_ward_election_2026
29baa9687bb07aef,"Brookes, Jack Matthew",Independent,2026-05-07,,True,https://www.birmingham.gov.uk/info/50385/election_2026_candidates/3237/oscott_ward_election_2026
3c030e8fcc9a9f2c,"Bunting, Joshua-John",Liberal Democrats,2026-05-07,,True,https://www.birmingham.gov.uk/info/50385/election_2026_candidates/3237/oscott_ward_election_2026
e4c2a6e94e2e99cd,"Douglas, Eleanor Louise",Labour Party,2026-05-07,,True,https://www.birmingham.gov.uk/info/50385/election_2026_candidates/3237/oscott_ward_election_2026
032280b702a0bbd9,Graham Green,Reform UK,2026-05-07,,True,https://www.birmingham.gov.uk/info/50385/election_2026_candidates/3237/oscott_ward_election_2026
d53e8c83eee18743,"Khan, Sajida",Independent,2026-05-07,,True,https://www.birmingham.gov.uk/info/50385/election_2026_candidates/3237/oscott_ward_election_2026
0dbb63b9d764bc7b,"Knight, Ian",Green Party,2026-05-07,,True,https://www.birmingham.gov.uk/info/50385/election_2026_candidates/3237/oscott_ward_election_2026
d6655aff8b32a1f7,Martin McAuley,Reform UK,2026-05-07,,True,https://www.birmingham.gov.uk/info/50385/election_2026_candidates/3237/oscott_ward_election_2026
5baf0875c88da81a,"Stevenson, Andrew",Green Party,2026-05-07,,True,https://www.birmingham.gov.uk/info/50385/election_2026_candidates/3237/oscott_ward_election_2026
60a48a21e1dd7edf,"Warnaby, Nora",Liberal Democrats,2026-05-07,,True,https://www.birmingham.gov.uk/info/50385/election_2026_candidates/3237/oscott_ward_election_2026
f98350728301fdbe,"Whitehouse, Charlotte",Local Conservatives,2026-05-07,,True,https://www.birmingham.gov.uk/info/50385/election_2026_candidates/3237/oscott_ward_election_2026
c1f372a0dea815a1,"Allen, David",Reform UK,2026-05-07,,True,https://www.birmingham.gov.uk/info/50385/election_2026_candidates/3238/perry_barr_ward_election_2026
a9facd1497f955ae,"Hall, Elizabeth Ann",Local Conservatives,2026-05-07,,True,https://www.birmingham.gov.uk/info/50385/election_2026_candidates/3238/perry_barr_ward_election_2026
323a2cfe9ba8e1d4,"Hammond, Jonathan",Green Party,2026-05-07,,True,https://www.birmingham.gov.uk/info/50385/election_2026_candidates/3238/perry_barr_ward_election_2026
80539b959fc9f563,"Islam, Safiqul",Independent,2026-05-07,,True,https://www.birmingham.gov.uk/info/50385/election_2026_candidates/3238/perry_barr_ward_election_2026
1a0b8b7041748942,James Hinton,Liberal Democrats,2026-05-07,,True,https://www.birmingham.gov.uk/info/50385/election_2026_candidates/3238/perry_barr_ward_election_2026
dfb48b2064ee4e66,"Khuhro, Mehran",Labour Party,2026-05-07,,True,https://www.birmingham.gov.uk/info/50385/election_2026_candidates/3238/perry_barr_ward_election_2026
4516a976dd0ad343,"Mohammed, Hayyan",Independent,2026-05-07,,True,https://www.birmingham.gov.uk/info/50385/election_2026_candidates/3238/perry_barr_ward_election_2026
9db1938f1b42dbeb,"Shaikh, Zarine",Labour Party,2026-05-07,,True,https://www.birmingham.gov.uk/info/50385/election_2026_candidates/3238/perry_barr_ward_election_2026
e52174cdff102f73,"Wood, Barry Paul",Reform UK,2026-05-07,,True,https://www.birmingham.gov.uk/info/50385/election_2026_candidates/3238/perry_barr_ward_election_2026
5f364b2d5031a011,"Bermingham, Jilly",Labour Party,2026-05-07,,True,https://www.birmingham.gov.uk/info/50385/election_2026_candidates/3239/perry_common_ward_election_2026
5f1e2bea7f551aa0,"Ghulam, Ahmed",Independent,2026-05-07,,True,https://www.birmingham.gov.uk/info/50385/election_2026_candidates/3239/perry_common_ward_election_2026
3d9958525080ae85,"Hill, Colin Edward",Liberal Democrats,2026-05-07,,True,https://www.birmingham.gov.uk/info/50385/election_2026_candidates/3239/perry_common_ward_election_2026
0069bdf3a1d15204,"Khan, Husham",Local Conservatives,2026-05-07,,True,https://www.birmingham.gov.uk/info/50385/election_2026_candidates/3239/perry_common_ward_election_2026
c5bf5430bbbd7f3e,"Willetts, Sue",Reform UK,2026-05-07,,True,https://www.birmingham.gov.uk/info/50385/election_2026_candidates/3239/perry_common_ward_election_2026
e2578db22dca1fe7,Danny Carter,Reform UK,2026-05-07,,True,https://www.birmingham.gov.uk/info/50385/election_2026_candidates/3240/pype_hayes_ward_election_2026
c313fba3f9e6c39f,"Khuhro, Fayaz",Labour Party,2026-05-07,,True,https://www.birmingham.gov.uk/info/50385/election_2026_candidates/3240/pype_hayes_ward_election_2026
39522e006ebe7b90,"Skidmore, Julian",Green Party,2026-05-07,,True,https://www.birmingham.gov.uk/info/50385/election_2026_candidates/3240/pype_hayes_ward_election_2026
fb055338247ed66c,"Tsouvallaris, Athena Christina",Local Conservatives,2026-05-07,,True,https://www.birmingham.gov.uk/info/50385/election_2026_candidates/3240/pype_hayes_ward_election_2026
97a2b7ee26f752d3,"Ul-Haq, Umar",Independent,2026-05-07,,True,https://www.birmingham.gov.uk/info/50385/election_2026_candidates/3240/pype_hayes_ward_election_2026
3e12ef90adc9ba70,"Hardy, Gareth",Liberal Democrats,2026-05-07,,True,https://www.birmingham.gov.uk/info/50385/election_2026_candidates/3241/quinton_ward_election_2026
eff334b9651a0801,"Hussain, Sohail",Labour and Co-operative Party,2026-05-07,,True,https://www.birmingham.gov.uk/info/50385/election_2026_candidates/3241/quinton_ward_election_2026
38c1cc0e029ddc5b,"Khadabadi, Nikhil",Local Conservatives,2026-05-07,,True,https://www.birmingham.gov.uk/info/50385/election_2026_candidates/3241/quinton_ward_election_2026
a9188c7ae4c16409,"Khan, Asif",Local Conservatives,2026-05-07,,True,https://www.birmingham.gov.uk/info/50385/election_2026_candidates/3241/quinton_ward_election_2026
ee3bfe0af6db1e9c,Nagu Penakacherla,Reform UK,2026-05-07,,True,https://www.birmingham.gov.uk/info/50385/election_2026_candidates/3241/quinton_ward_election_2026
12a3c3af5a204661,"Vikal, Sanjay Kumar",Reform UK,2026-05-07,,True,https://www.birmingham.gov.uk/info/50385/election_2026_candidates/3241/quinton_ward_election_2026
bbb593e45ff9a2fa,"Alton, Paul",Liberal Democrats,2026-05-07,,True,https://www.birmingham.gov.uk/info/50385/election_2026_candidates/3242/rubery_and_rednal_ward_election_2026
cc2c968b4aec0071,Rebecca Waters,Reform UK,2026-05-07,,True,https://www.birmingham.gov.uk/info/50385/election_2026_candidates/3242/rubery_and_rednal_ward_election_2026
0ff3de3f1cb9b649,"Wassell, Billy John",Green Party,2026-05-07,,True,https://www.birmingham.gov.uk/info/50385/election_2026_candidates/3242/rubery_and_rednal_ward_election_2026
64e8717f89a92b3b,Alan Feeney,Reform UK,2026-05-07,,True,https://www.birmingham.gov.uk/info/50385/election_2026_candidates/3243/shard_end_ward_election_2026
d71d8fa3ceeee4cb,"Ballard, Harry",Green Party,2026-05-07,,True,https://www.birmingham.gov.uk/info/50385/election_2026_candidates/3243/shard_end_ward_election_2026
812d1b87202cb19e,"Smyth, Ginge",Independent,2026-05-07,,True,https://www.birmingham.gov.uk/info/50385/election_2026_candidates/3243/shard_end_ward_election_2026
67a9661ca9d3fb53,"Ackroyd, Mark Stewart",Local Conservatives,2026-05-07,,True,https://www.birmingham.gov.uk/info/50385/election_2026_candidates/3244/sheldon_ward_election_2026
cb36fcae681894d7,"Ackroyd, Sara Jane",Local Conservatives,2026-05-07,,True,https://www.birmingham.gov.uk/info/50385/election_2026_candidates/3244/sheldon_ward_election_2026
ce6c63af40970ae1,"Aslam, Sikander",Workers Party,2026-05-07,,True,https://www.birmingham.gov.uk/info/50385/election_2026_candidates/3244/sheldon_ward_election_2026
605e1f9ab817898c,Darren Colling,Reform UK,2026-05-07,,True,https://www.birmingham.gov.uk/info/50385/election_2026_candidates/3244/sheldon_ward_election_2026
6f5c5804799ee18e,"Dickson, Gerald David",Labour Party,2026-05-07,,True,https://www.birmingham.gov.uk/info/50385/election_2026_candidates/3244/sheldon_ward_election_2026
03a670382c1cb300,"Gopal, Meenatchi",Labour Party,2026-05-07,,True,https://www.birmingham.gov.uk/info/50385/election_2026_candidates/3244/sheldon_ward_election_2026
d885b148de3ddd18,"Khattak, Haroon Ahmed",Workers Party,2026-05-07,,True,https://www.birmingham.gov.uk/info/50385/election_2026_candidates/3244/sheldon_ward_election_2026
df58673b9de5fa0e,"Meatcher, Mark Richard",Green Party,2026-05-07,,True,https://www.birmingham.gov.uk/info/50385/election_2026_candidates/3244/sheldon_ward_election_2026
96c969aa24b0b1dd,Rachel Conaghan,Reform UK,2026-05-07,,True,https://www.birmingham.gov.uk/info/50385/election_2026_candidates/3244/sheldon_ward_election_2026
62c25f0a7d42a2c8,"Smith, Melanie Jane",Green Party,2026-05-07,,True,https://www.birmingham.gov.uk/info/50385/election_2026_candidates/3244/sheldon_ward_election_2026
c1d7eb896a1a9a2a,"Ahmed, Shanaz",Labour Party,2026-05-07,,True,https://www.birmingham.gov.uk/info/50385/election_2026_candidates/3245/small_heath_ward_election_2026
618f9b6199f67b85,"Al-Athwari, Ahmed",Workers Party,2026-05-07,,True,https://www.birmingham.gov.uk/info/50385/election_2026_candidates/3245/small_heath_ward_election_2026
d6bf55685f82be56,"Ali, Amaan Hader",Labour Party,2026-05-07,,True,https://www.birmingham.gov.uk/info/50385/election_2026_candidates/3245/small_heath_ward_election_2026
2022d58913056054,"Choudhury, Hayaan Bin Sultan",Green Party,2026-05-07,,True,https://www.birmingham.gov.uk/info/50385/election_2026_candidates/3245/small_heath_ward_election_2026
e36d5af613fd8064,"Cope, Sally Jane",Reform UK,2026-05-07,,True,https://www.birmingham.gov.uk/info/50385/election_2026_candidates/3245/small_heath_ward_election_2026
5194e4edd256ea2a,"Dhalivaal, Makham Singh",Local Conservatives,2026-05-07,,True,https://www.birmingham.gov.uk/info/50385/election_2026_candidates/3245/small_heath_ward_election_2026
bf82a4e0479c8703,"Hanif, Kash",Green Party,2026-05-07,,True,https://www.birmingham.gov.uk/info/50385/election_2026_candidates/3245/small_heath_ward_election_2026
cfe51d34b417bcfe,"Hussain, Altaf",Independent,2026-05-07,,True,https://www.birmingham.gov.uk/info/50385/election_2026_candidates/3245/small_heath_ward_election_2026
63e16e5349e1b353,"Hussain, Shafaq",Your Party,2026-05-07,,True,https://www.birmingham.gov.uk/info/50385/election_2026_candidates/3245/small_heath_ward_election_2026
9223013f81e30e18,"Kabir, Obaydul",Your Party,2026-05-07,,True,https://www.birmingham.gov.uk/info/50385/election_2026_candidates/3245/small_heath_ward_election_2026
0eb2be549b45728b,"Khanna, Amit",Local Conservatives,2026-05-07,,True,https://www.birmingham.gov.uk/info/50385/election_2026_candidates/3245/small_heath_ward_election_2026
95971b25aa10a63a,"Talukdar, Rehab",Workers Party,2026-05-07,,True,https://www.birmingham.gov.uk/info/50385/election_2026_candidates/3245/small_heath_ward_election_2026
f2766a5200e1bd21,"Vocari, Amelia",Reform UK,2026-05-07,,True,https://www.birmingham.gov.uk/info/50385/election_2026_candidates/3245/small_heath_ward_election_2026
5ee2868100ad2cd6,"Barker, Nigel Frederick",Reform UK,2026-05-07,,True,https://www.birmingham.gov.uk/info/50385/election_2026_candidates/3246/soho_and_jewellery_quarter_ward_election_2026
4de9e971926e7c23,"Bhatti, Abbas",Green Party,2026-05-07,,True,https://www.birmingham.gov.uk/info/50385/election_2026_candidates/3246/soho_and_jewellery_quarter_ward_election_2026
adc2d9868a994601,"Cremer, Katt",Workers Party,2026-05-07,,True,https://www.birmingham.gov.uk/info/50385/election_2026_candidates/3246/soho_and_jewellery_quarter_ward_election_2026
68048fcc63e79dc3,"Panton, Patricia Beverley",Local Conservatives,2026-05-07,,True,https://www.birmingham.gov.uk/info/50385/election_2026_candidates/3246/soho_and_jewellery_quarter_ward_election_2026
dce2e594d3e58f3b,"Poshakwale, Sunil",Local Conservatives,2026-05-07,,True,https://www.birmingham.gov.uk/info/50385/election_2026_candidates/3246/soho_and_jewellery_quarter_ward_election_2026
626b10041097a240,Shuranjeet Singh,Labour Party,2026-05-07,,True,https://www.birmingham.gov.uk/info/50385/election_2026_candidates/3246/soho_and_jewellery_quarter_ward_election_2026
761544664f49ba6d,Su Brooks,Labour Party,2026-05-07,,True,https://www.birmingham.gov.uk/info/50385/election_2026_candidates/3246/soho_and_jewellery_quarter_ward_election_2026
51b5dde276111176,"Walker-Rhoden, Nicola Kedeisha",Reform UK,2026-05-07,,True,https://www.birmingham.gov.uk/info/50385/election_2026_candidates/3246/soho_and_jewellery_quarter_ward_election_2026
9c02dfcd49effac0,"Yousaf, Omar",Workers Party,2026-05-07,,True,https://www.birmingham.gov.uk/info/50385/election_2026_candidates/3246/soho_and_jewellery_quarter_ward_election_2026
461604be47d1c5f9,"Khan, Anya",Local Conservatives,2026-05-07,,True,https://www.birmingham.gov.uk/info/50385/election_2026_candidates/3247/south_yardley_ward_election_2026
e7b04b102d543bb6,"Lyew, Gordon",Labour Party,2026-05-07,,True,https://www.birmingham.gov.uk/info/50385/election_2026_candidates/3247/south_yardley_ward_election_2026
5d53a95d91474222,"Zahir, Aheesha",Workers Party,2026-05-07,,True,https://www.birmingham.gov.uk/info/50385/election_2026_candidates/3247/south_yardley_ward_election_2026
02c37b858f10bbed,"Ahmed, Saima",Labour Party,2026-05-07,,True,https://www.birmingham.gov.uk/info/50385/election_2026_candidates/3248/sparkbrook_and_balsall_heath_east_ward_election_2026
91b639043a4dcfe7,"Hanif, Khalid",Labour Party,2026-05-07,,True,https://www.birmingham.gov.uk/info/50385/election_2026_candidates/3248/sparkbrook_and_balsall_heath_east_ward_election_2026
fc20e42ee0b404dd,"Hashmi, Shahid",Your Party,2026-05-07,,True,https://www.birmingham.gov.uk/info/50385/election_2026_candidates/3248/sparkbrook_and_balsall_heath_east_ward_election_2026
2cefec0fea38708f,"Hindley, Jo",Green Party,2026-05-07,,True,https://www.birmingham.gov.uk/info/50385/election_2026_candidates/3248/sparkbrook_and_balsall_heath_east_ward_election_2026
d16736db11823a69,"Hussain, Parwez",Liberal Democrats,2026-05-07,,True,https://www.birmingham.gov.uk/info/50385/election_2026_candidates/3248/sparkbrook_and_balsall_heath_east_ward_election_2026
099e9e792fef2214,Jamil Khan,Independent,2026-05-07,,True,https://www.birmingham.gov.uk/info/50385/election_2026_candidates/3248/sparkbrook_and_balsall_heath_east_ward_election_2026
8dfaed1b7bae20e5,"Peters, Nathaneal James",Local Conservatives,2026-05-07,,True,https://www.birmingham.gov.uk/info/50385/election_2026_candidates/3248/sparkbrook_and_balsall_heath_east_ward_election_2026
8bc39eabbf0f2bbd,Raihaan Abbas,Independent,2026-05-07,,True,https://www.birmingham.gov.uk/info/50385/election_2026_candidates/3248/sparkbrook_and_balsall_heath_east_ward_election_2026
4b77bae4fa194535,"Rind, Faizan",Green Party,2026-05-07,,True,https://www.birmingham.gov.uk/info/50385/election_2026_candidates/3248/sparkbrook_and_balsall_heath_east_ward_election_2026
ad016e927e5d0f69,"Sant'Agostino, Gloria",Reform UK,2026-05-07,,True,https://www.birmingham.gov.uk/info/50385/election_2026_candidates/3248/sparkbrook_and_balsall_heath_east_ward_election_2026
fde16021ffefdf7c,"Waldron, Nigel Paul",Local Conservatives,2026-05-07,,True,https://www.birmingham.gov.uk/info/50385/election_2026_candidates/3248/sparkbrook_and_balsall_heath_east_ward_election_2026
714ebc87b72e9603,"Willetts, Ryan Kevin Louis",Reform UK,2026-05-07,,True,https://www.birmingham.gov.uk/info/50385/election_2026_candidates/3248/sparkbrook_and_balsall_heath_east_ward_election_2026
c71447d357e721ec,"Abdulhaq, Hiyam",Independent,2026-05-07,,True,https://www.birmingham.gov.uk/info/50385/election_2026_candidates/3249/sparkhill_ward_election_2026
513a766a69d9f7a7,"Aftab, Safina Parveen",Green Party,2026-05-07,,True,https://www.birmingham.gov.uk/info/50385/election_2026_candidates/3249/sparkhill_ward_election_2026
6a1707784b8898cb,"Butt, Shahid",Independent,2026-05-07,,True,https://www.birmingham.gov.uk/info/50385/election_2026_candidates/3249/sparkhill_ward_election_2026
d3872c5b4794e4a4,"Mirza, Adam",Independent,2026-05-07,,True,https://www.birmingham.gov.uk/info/50385/election_2026_candidates/3249/sparkhill_ward_election_2026
62815445776f177a,"Naseem, Sal",Green Party,2026-05-07,,True,https://www.birmingham.gov.uk/info/50385/election_2026_candidates/3249/sparkhill_ward_election_2026
f480bff7e17334a3,"O'Shea, Michael Lee",Reform UK,2026-05-07,,True,https://www.birmingham.gov.uk/info/50385/election_2026_candidates/3249/sparkhill_ward_election_2026
107e8638bf0ed43b,"Smith, Andrew",Reform UK,2026-05-07,,True,https://www.birmingham.gov.uk/info/50385/election_2026_candidates/3249/sparkhill_ward_election_2026
80257a4484337ffd,"Walcott, Degigha",Local Conservatives,2026-05-07,,True,https://www.birmingham.gov.uk/info/50385/election_2026_candidates/3249/sparkhill_ward_election_2026
6d8f865c44a22589,"Walcott-Merry-Rose, Jennifer",Local Conservatives,2026-05-07,,True,https://www.birmingham.gov.uk/info/50385/election_2026_candidates/3249/sparkhill_ward_election_2026
035edc29da4ef0c0,"Bishop, Ian William Derek",Reform UK,2026-05-07,,True,https://www.birmingham.gov.uk/info/50385/election_2026_candidates/3250/stirchley_ward_election_2026
5d72e9bcadb1221d,"Dooley, James William Edward",Local Conservatives,2026-05-07,,True,https://www.birmingham.gov.uk/info/50385/election_2026_candidates/3250/stirchley_ward_election_2026
d409a338dc2191d5,Kamel Hawwash,Green Party,2026-05-07,,True,https://www.birmingham.gov.uk/info/50385/election_2026_candidates/3250/stirchley_ward_election_2026
97a9d786fa3e152a,"Compton, Gareth Francis Thomas",Local Conservatives,2026-05-07,,True,https://www.birmingham.gov.uk/info/50385/election_2026_candidates/3251/stockland_green_ward_election_2026
22f0ee8d5f4e4b18,"Douglas, Derek",Labour Party,2026-05-07,,True,https://www.birmingham.gov.uk/info/50385/election_2026_candidates/3251/stockland_green_ward_election_2026
c42b8413b2fc4a05,"Enahoro, Steven",Liberal Democrats,2026-05-07,,True,https://www.birmingham.gov.uk/info/50385/election_2026_candidates/3251/stockland_green_ward_election_2026
8f4cacea703b6e29,"Hemus, Richard James",Liberal Democrats,2026-05-07,,True,https://www.birmingham.gov.uk/info/50385/election_2026_candidates/3251/stockland_green_ward_election_2026
447d8290805b9f4c,Manni Butt,Reform UK,2026-05-07,,True,https://www.birmingham.gov.uk/info/50385/election_2026_candidates/3251/stockland_green_ward_election_2026
cff8a7b0e023fbf0,"Murphy, Stella",Local Conservatives,2026-05-07,,True,https://www.birmingham.gov.uk/info/50385/election_2026_candidates/3251/stockland_green_ward_election_2026
efa5a00c13839be7,"Perryman, Pete",Reform UK,2026-05-07,,True,https://www.birmingham.gov.uk/info/50385/election_2026_candidates/3251/stockland_green_ward_election_2026
84a6de8dacda245d,"Richards, Sam",Independent,2026-05-07,,True,https://www.birmingham.gov.uk/info/50385/election_2026_candidates/3251/stockland_green_ward_election_2026
9c5264c7b0ad353d,"Roberts, Bryn Lee",Green Party,2026-05-07,,True,https://www.birmingham.gov.uk/info/50385/election_2026_candidates/3251/stockland_green_ward_election_2026
7fb248315581d7b3,"Webster, Alastair David",Green Party,2026-05-07,,True,https://www.birmingham.gov.uk/info/50385/election_2026_candidates/3251/stockland_green_ward_election_2026
cd423579a280ac58,"Dewsbery, Jan",Labour Party,2026-05-07,,True,https://www.birmingham.gov.uk/info/50385/election_2026_candidates/3252/sutton_four_oaks_ward_election_2026
acf35abb3f8b4ef0,"Graham, Alex",Green Party,2026-05-07,,True,https://www.birmingham.gov.uk/info/50385/election_2026_candidates/3252/sutton_four_oaks_ward_election_2026
3dc0cdc107a37b65,"Kaur, Kay",Reform UK,2026-05-07,,True,https://www.birmingham.gov.uk/info/50385/election_2026_candidates/3252/sutton_four_oaks_ward_election_2026
88b68c0d916e215e,Raaj Shamji,Local Conservatives,2026-05-07,,True,https://www.birmingham.gov.uk/info/50385/election_2026_candidates/3252/sutton_four_oaks_ward_election_2026
679fdca1f97680df,"Frater, Kerry",Liberal Democrats,2026-05-07,,True,https://www.birmingham.gov.uk/info/50385/election_2026_candidates/3253/sutton_mere_green_ward_election_2026
68d5ae61290e277c,"McDonald, Simon",Labour Party,2026-05-07,,True,https://www.birmingham.gov.uk/info/50385/election_2026_candidates/3253/sutton_mere_green_ward_election_2026
35b6d50a01b0392c,"Myers, Sarah Elizabeth",Reform UK,2026-05-07,,True,https://www.birmingham.gov.uk/info/50385/election_2026_candidates/3253/sutton_mere_green_ward_election_2026
5bfc73a591c441b9,"Godwin, Benjamin",Liberal Democrats,2026-05-07,,True,https://www.birmingham.gov.uk/info/50385/election_2026_candidates/3254/sutton_reddicap_ward_election_2026
dcdbefc9d8c9453d,"Kelly, James",Reform UK,2026-05-07,,True,https://www.birmingham.gov.uk/info/50385/election_2026_candidates/3254/sutton_reddicap_ward_election_2026
ef6a33dce497414b,"Lane, Jane",Labour Party,2026-05-07,,True,https://www.birmingham.gov.uk/info/50385/election_2026_candidates/3254/sutton_reddicap_ward_election_2026
1dfaa675ccafe676,"Painter, Richard",Green Party,2026-05-07,,True,https://www.birmingham.gov.uk/info/50385/election_2026_candidates/3254/sutton_reddicap_ward_election_2026
8af87474d01c50f3,Harry Parmar,Local Conservatives,2026-05-07,,True,https://www.birmingham.gov.uk/info/50385/election_2026_candidates/3255/sutton_roughley_ward_election_2026
90263062f4041c72,"Hunt, Michael",Reform UK,2026-05-07,,True,https://www.birmingham.gov.uk/info/50385/election_2026_candidates/3255/sutton_roughley_ward_election_2026
02933c75ff7b2cd2,"Passingham, Esther Caroline",Green Party,2026-05-07,,True,https://www.birmingham.gov.uk/info/50385/election_2026_candidates/3255/sutton_roughley_ward_election_2026
320d200791b6e72e,"Blenkinsop, Joe",Labour Party,2026-05-07,,True,https://www.birmingham.gov.uk/info/50385/election_2026_candidates/3256/sutton_trinity_ward_election_2026
907d402b0ba0743d,"Gardiner, Paul Maxwell",Reform UK,2026-05-07,,True,https://www.birmingham.gov.uk/info/50385/election_2026_candidates/3256/sutton_trinity_ward_election_2026
3d047270f8a00c36,Anja Pawson,Local Conservatives,2026-05-07,,True,https://www.birmingham.gov.uk/info/50385/election_2026_candidates/3257/sutton_vesey_ward_election_2026
4f606d303fe47f18,"Fieldhouse, Charlotte Julia",Labour Party,2026-05-07,,True,https://www.birmingham.gov.uk/info/50385/election_2026_candidates/3257/sutton_vesey_ward_election_2026
d9f870775886f3e9,"Hall, Gary",Reform UK,2026-05-07,,True,https://www.birmingham.gov.uk/info/50385/election_2026_candidates/3257/sutton_vesey_ward_election_2026
cb8e5c7b101b2272,"Holden, Kirsty",Reform UK,2026-05-07,,True,https://www.birmingham.gov.uk/info/50385/election_2026_candidates/3257/sutton_vesey_ward_election_2026
ab6beb6c597ed8ee,John Cooper,Local Conservatives,2026-05-07,,True,https://www.birmingham.gov.uk/info/50385/election_2026_candidates/3257/sutton_vesey_ward_election_2026
6e4c2440ccb5d7e8,"Morgner, Liron Alethea Thomas",Green Party,2026-05-07,,True,https://www.birmingham.gov.uk/info/50385/election_2026_candidates/3257/sutton_vesey_ward_election_2026
93d58d1f1c04af3b,"Stephens, Ross Douglas",Green Party,2026-05-07,,True,https://www.birmingham.gov.uk/info/50385/election_2026_candidates/3257/sutton_vesey_ward_election_2026
e9ed5bf8ab2d2897,"Wilber, Steven",Liberal Democrats,2026-05-07,,True,https://www.birmingham.gov.uk/info/50385/election_2026_candidates/3257/sutton_vesey_ward_election_2026
4a73bd73f6a2e74f,"Haycock, Adam",Green Party,2026-05-07,,True,https://www.birmingham.gov.uk/info/50385/election_2026_candidates/3258/sutton_walmley_and_minworth_ward_election_2026
701ccf0b9b312ae9,"Holton, Claire",Reform UK,2026-05-07,,True,https://www.birmingham.gov.uk/info/50385/election_2026_candidates/3258/sutton_walmley_and_minworth_ward_election_2026
bd86604cf6cfae01,"Ibrahim, Ehsan",Labour Party,2026-05-07,,True,https://www.birmingham.gov.uk/info/50385/election_2026_candidates/3258/sutton_walmley_and_minworth_ward_election_2026
812ad25160b17e1b,John Perks,Local Conservatives,2026-05-07,,True,https://www.birmingham.gov.uk/info/50385/election_2026_candidates/3258/sutton_walmley_and_minworth_ward_election_2026
c21669403f2c1c43,"Puri, Manish Kumar",Labour Party,2026-05-07,,True,https://www.birmingham.gov.uk/info/50385/election_2026_candidates/3258/sutton_walmley_and_minworth_ward_election_2026
dc669a1f278b4496,"Spargo, Jacqueline Patricia",Green Party,2026-05-07,,True,https://www.birmingham.gov.uk/info/50385/election_2026_candidates/3258/sutton_walmley_and_minworth_ward_election_2026
268ca0944644ac04,"White, James Edward",Reform UK,2026-05-07,,True,https://www.birmingham.gov.uk/info/50385/election_2026_candidates/3258/sutton_walmley_and_minworth_ward_election_2026
59f432e3f1fe3d9b,"Challenor, Zoe Rachel",Green Party,2026-05-07,,True,https://www.birmingham.gov.uk/info/50385/election_2026_candidates/3259/sutton_wylde_green_ward_election_2026
37ac58c2f9e8c7ba,"Chapman, Jon",Reform UK,2026-05-07,,True,https://www.birmingham.gov.uk/info/50385/election_2026_candidates/3259/sutton_wylde_green_ward_election_2026
a11620550e05120b,"Irfan, Adeen",Labour Party,2026-05-07,,True,https://www.birmingham.gov.uk/info/50385/election_2026_candidates/3259/sutton_wylde_green_ward_election_2026
fabb10ba381ea5c8,"Spencer, Malcolm",Liberal Democrats,2026-05-07,,True,https://www.birmingham.gov.uk/info/50385/election_2026_candidates/3259/sutton_wylde_green_ward_election_2026
29a70a5536b226f0,Atikur Rahman,Green Party,2026-05-07,,True,https://www.birmingham.gov.uk/info/50385/election_2026_candidates/3260/tyseley_and_hay_mills_ward_election_2026
eb7bf00423a35e09,"Howard, John Martin",Reform UK,2026-05-07,,True,https://www.birmingham.gov.uk/info/50385/election_2026_candidates/3260/tyseley_and_hay_mills_ward_election_2026
03e9571506064dbf,"John, Yvette Roselyn",Labour Party,2026-05-07,,True,https://www.birmingham.gov.uk/info/50385/election_2026_candidates/3260/tyseley_and_hay_mills_ward_election_2026
6358bb67a345d9fd,"Mustifa, Dawud",Your Party,2026-05-07,,True,https://www.birmingham.gov.uk/info/50385/election_2026_candidates/3260/tyseley_and_hay_mills_ward_election_2026
b94562ca206f8995,"Nadeem, Mohammad",Workers Party,2026-05-07,,True,https://www.birmingham.gov.uk/info/50385/election_2026_candidates/3260/tyseley_and_hay_mills_ward_election_2026
e262bea2001eca06,"Green, Maria Anna",Reform UK,2026-05-07,,True,https://www.birmingham.gov.uk/info/50385/election_2026_candidates/3261/ward_end_ward_election_2026
8a15c9017281d363,Harris Khaliq,Independent,2026-05-07,,True,https://www.birmingham.gov.uk/info/50385/election_2026_candidates/3261/ward_end_ward_election_2026
63fc3c046645697c,"Mehta, Aashima",Local Conservatives,2026-05-07,,True,https://www.birmingham.gov.uk/info/50385/election_2026_candidates/3261/ward_end_ward_election_2026
5e74e43162132994,"Nistor, Julian",Workers Party,2026-05-07,,True,https://www.birmingham.gov.uk/info/50385/election_2026_candidates/3261/ward_end_ward_election_2026
8d1ae0c4b2f156b1,"Tasleem, Mahreen",Independent,2026-05-07,,True,https://www.birmingham.gov.uk/info/50385/election_2026_candidates/3261/ward_end_ward_election_2026
9d8873bc5d0024b4,"Turner, Catherine",Green Party,2026-05-07,,True,https://www.birmingham.gov.uk/info/50385/election_2026_candidates/3261/ward_end_ward_election_2026
6f561252e4c76c0c,"Bhagalia, Jigar",Local Conservatives,2026-05-07,,True,https://www.birmingham.gov.uk/info/50385/election_2026_candidates/3262/weoley_and_selly_oak_ward_election_2026
a05c7080bc067276,"Buchan, Marie",Independent,2026-05-07,,True,https://www.birmingham.gov.uk/info/50385/election_2026_candidates/3262/weoley_and_selly_oak_ward_election_2026
3514015ec89f825b,Cherie Waddingham,Reform UK,2026-05-07,,True,https://www.birmingham.gov.uk/info/50385/election_2026_candidates/3262/weoley_and_selly_oak_ward_election_2026
fd7b546accd2bcef,"Cotton, Eleanor",Green Party,2026-05-07,,True,https://www.birmingham.gov.uk/info/50385/election_2026_candidates/3262/weoley_and_selly_oak_ward_election_2026
8a97b0a06becbc0d,"Fitt, Rob",Green Party,2026-05-07,,True,https://www.birmingham.gov.uk/info/50385/election_2026_candidates/3262/weoley_and_selly_oak_ward_election_2026
025955ad42544c01,Glyn Marston,Reform UK,2026-05-07,,True,https://www.birmingham.gov.uk/info/50385/election_2026_candidates/3262/weoley_and_selly_oak_ward_election_2026
6afc460d472a8b3e,"Gulia, Kiran",Labour Party,2026-05-07,,True,https://www.birmingham.gov.uk/info/50385/election_2026_candidates/3262/weoley_and_selly_oak_ward_election_2026
b991ee3abe518781,"Holroyd, Stewart David",Labour Party,2026-05-07,,True,https://www.birmingham.gov.uk/info/50385/election_2026_candidates/3262/weoley_and_selly_oak_ward_election_2026
9b00e6619ab93326,"Said Gianluca, Paolo",Liberal Democrats,2026-05-07,,True,https://www.birmingham.gov.uk/info/50385/election_2026_candidates/3262/weoley_and_selly_oak_ward_election_2026
ad900e7477a1bdf2,"Webb, George Louis",Local Conservatives,2026-05-07,,True,https://www.birmingham.gov.uk/info/50385/election_2026_candidates/3262/weoley_and_selly_oak_ward_election_2026
b2f649921c5d3e8e,"Huxley, Thomas",Local Conservatives,2026-05-07,,True,https://www.birmingham.gov.uk/info/50385/election_2026_candidates/3263/yardley_east_ward_election_2026
f071cc407d3250ca,"Miah, Rofique",Labour Party,2026-05-07,,True,https://www.birmingham.gov.uk/info/50385/election_2026_candidates/3263/yardley_east_ward_election_2026
012f993535e11044,"Raman, Vaishali Sathish Kumar",Reform UK,2026-05-07,,True,https://www.birmingham.gov.uk/info/50385/election_2026_candidates/3263/yardley_east_ward_election_2026
817165c95185349e,"Yaqoob, Naushaba",Workers Party,2026-05-07,,True,https://www.birmingham.gov.uk/info/50385/election_2026_candidates/3263/yardley_east_ward_election_2026
0df90fc01cf3cb28,"Ali, Liaqat",Labour Party,2026-05-07,,True,https://www.birmingham.gov.uk/info/50385/election_2026_candidates/3264/yardley_west_and_stechford_ward_election_2026
c43f8a9e06ab5c47,"Ameer, Mohammed Imran",Green Party,2026-05-07,,True,https://www.birmingham.gov.uk/info/50385/election_2026_candidates/3264/yardley_west_and_stechford_ward_election_2026
3f405af4f123e788,"Hardcastle, Leo",Local Conservatives,2026-05-07,,True,https://www.birmingham.gov.uk/info/50385/election_2026_candidates/3264/yardley_west_and_stechford_ward_election_2026
fe49df55e1658dbe,"Iqbal, Naila",Workers Party,2026-05-07,,True,https://www.birmingham.gov.uk/info/50385/election_2026_candidates/3264/yardley_west_and_stechford_ward_election_2026
02f3f44f77dbcff9,"Preston, Malcolm",Reform UK,2026-05-07,,True,https://www.birmingham.gov.uk/info/50385/election_2026_candidates/3264/yardley_west_and_stechford_ward_election_2026
