person_id,person_name,party_name,effective_from,effective_to,is_current,source_url
87bdc834130099cb,Ali Wajad,Conservative Party Candidate,2018-05-03,,True,https://www.birmingham.gov.uk/info/50381/past_election_results/1685/local_government_election_results_may_2018
6711b70b9f075c6c,Baker Amanda Caroline,Green Party,2018-05-03,,True,https://www.birmingham.gov.uk/info/50381/past_election_results/1685/local_government_election_results_may_2018
879f28dd240212e7,Flynn Eamonn Kevin,Trade Unionist and Socialist Coalition,2018-05-03,,True,https://www.birmingham.gov.uk/info/50381/past_election_results/1685/local_government_election_results_may_2018
1cf7a09f1777f9a9,Harmer Roger Kingdon,Liberal Democrat,2018-05-03,,True,https://www.birmingham.gov.uk/info/50381/past_election_results/1685/local_government_election_results_may_2018
1063309d855b9d74,O'Shea John,Labour Party,2018-05-03,,True,https://www.birmingham.gov.uk/info/50381/past_election_results/1685/local_government_election_results_may_2018
e17641be8b013eb1,Penny Wagg,Liberal Democrat,2018-05-03,,True,https://www.birmingham.gov.uk/info/50381/past_election_results/1685/local_government_election_results_may_2018
23d4e8c557060b1b,Watson Luke,Conservative Party Candidate,2018-05-03,,True,https://www.birmingham.gov.uk/info/50381/past_election_results/1685/local_government_election_results_may_2018
43cf005b16da0200,"Williams, Fiona",Labour Party,2018-05-03,,True,https://www.birmingham.gov.uk/info/50381/past_election_results/1685/local_government_election_results_may_2018
8dd86ab2bbdb8264,Beck Peter Charles,Green Party,2018-05-03,,True,https://www.birmingham.gov.uk/info/50381/past_election_results/1685/local_government_election_results_may_2018
9657547e2df4d589,Bedser Steve,Labour and Co-operative Party,2018-05-03,,True,https://www.birmingham.gov.uk/info/50381/past_election_results/1685/local_government_election_results_may_2018
693fdd0bc1b4876a,Fielden Claire Alexandra,Liberal Democrat,2018-05-03,,True,https://www.birmingham.gov.uk/info/50381/past_election_results/1685/local_government_election_results_may_2018
102f733614311601,Eddie Freeman,The Conservative Party,2018-05-03,,True,https://www.birmingham.gov.uk/info/50381/past_election_results/1685/local_government_election_results_may_2018
bcd5ac33c6b4f38f,Rodgers Dick,Common Good,2018-05-03,,True,https://www.birmingham.gov.uk/info/50381/past_election_results/1685/local_government_election_results_may_2018
874bd90b9aef0aea,Brookes-Bland,Conservative Party Candidate,2018-05-03,,True,https://www.birmingham.gov.uk/info/50381/past_election_results/1685/local_government_election_results_may_2018
4f8039f4354d0a85,"Idrees, Mohammed",Labour Party,2018-05-03,,True,https://www.birmingham.gov.uk/info/50381/past_election_results/1685/local_government_election_results_may_2018
0884495a333756fc,Khan Amil,Conservative Party Candidate,2018-05-03,,True,https://www.birmingham.gov.uk/info/50381/past_election_results/1685/local_government_election_results_may_2018
b8c7734b79830807,"Khan, Mariam",Labour Party,2018-05-03,,True,https://www.birmingham.gov.uk/info/50381/past_election_results/1685/local_government_election_results_may_2018
8b6712271721b5d4,Lister Thomas,Liberal Democrat,2018-05-03,,True,https://www.birmingham.gov.uk/info/50381/past_election_results/1685/local_government_election_results_may_2018
fce658ccddc1c090,Ross Colin,Liberal Democrat,2018-05-03,,True,https://www.birmingham.gov.uk/info/50381/past_election_results/1685/local_government_election_results_may_2018
3f449d7ad171322a,Afzal Muhammad,Labour Party,2018-05-03,,True,https://www.birmingham.gov.uk/info/50381/past_election_results/1685/local_government_election_results_may_2018
4dfd250770731f8f,Aziz Abdul,Independent,2018-05-03,,True,https://www.birmingham.gov.uk/info/50381/past_election_results/1685/local_government_election_results_may_2018
fe57d2cee50421a9,Bennett Margaret Sandra,Conservative Party Candidate,2018-05-03,,True,https://www.birmingham.gov.uk/info/50381/past_election_results/1685/local_government_election_results_may_2018
65e0fbf328afac45,Choudhury Jahid Ahmed,Conservative Party Candidate,2018-05-03,,True,https://www.birmingham.gov.uk/info/50381/past_election_results/1685/local_government_election_results_may_2018
d5fa29fb1a267444,Kauser Nagina,Labour Party,2018-05-03,,True,https://www.birmingham.gov.uk/info/50381/past_election_results/1685/local_government_election_results_may_2018
19738e5d1cef6c1b,Khan Ayoub,Liberal Democrat,2018-05-03,,True,https://www.birmingham.gov.uk/info/50381/past_election_results/1685/local_government_election_results_may_2018
a387574ad953eff0,Rana Vijay,Green Party,2018-05-03,,True,https://www.birmingham.gov.uk/info/50381/past_election_results/1685/local_government_election_results_may_2018
cb09f9b7ad504681,Uddin Sham,Liberal Democrat,2018-05-03,,True,https://www.birmingham.gov.uk/info/50381/past_election_results/1685/local_government_election_results_may_2018
4cf8506e3947c530,Fazel Ali,The Conservative Party Candidate,2018-05-03,,True,https://www.birmingham.gov.uk/info/50381/past_election_results/1685/local_government_election_results_may_2018
d0ca44ba6fa31be0,"Guest, Martin John",Green Party,2018-05-03,,True,https://www.birmingham.gov.uk/info/50381/past_election_results/1685/local_government_election_results_may_2018
af727a896275d356,Ibrahem Sammi,Birmingham Worker,2018-05-03,,True,https://www.birmingham.gov.uk/info/50381/past_election_results/1685/local_government_election_results_may_2018
256b83a673b841f4,Issa Islam Ahmed,Liberal Democrat,2018-05-03,,True,https://www.birmingham.gov.uk/info/50381/past_election_results/1685/local_government_election_results_may_2018
4b130b5f20d17e89,"Malik, Zhor",Labour Party,2018-05-03,,True,https://www.birmingham.gov.uk/info/50381/past_election_results/1685/local_government_election_results_may_2018
9eaf33340104d356,"Lines, Bruce John",Conservative Party Candidate,2018-05-03,,True,https://www.birmingham.gov.uk/info/50381/past_election_results/1685/local_government_election_results_may_2018
b736dab60c7c7a71,Lines John,Conservative Party Candidate,2018-05-03,,True,https://www.birmingham.gov.uk/info/50381/past_election_results/1685/local_government_election_results_may_2018
b79823f3229eacad,Osborne David,Liberal Democrat,2018-05-03,,True,https://www.birmingham.gov.uk/info/50381/past_election_results/1685/local_government_election_results_may_2018
6c2a098e3d3bd9ca,Osborne Maureen Ada,Liberal Democrat,2018-05-03,,True,https://www.birmingham.gov.uk/info/50381/past_election_results/1685/local_government_election_results_may_2018
74eec6fb3a52a98d,Preston Paul,Labour Party,2018-05-03,,True,https://www.birmingham.gov.uk/info/50381/past_election_results/1685/local_government_election_results_may_2018
ed199f894a938b68,"Robertson, James",Green Party,2018-05-03,,True,https://www.birmingham.gov.uk/info/50381/past_election_results/1685/local_government_election_results_may_2018
812e78af540c445f,"Shemmans, Joanne",Labour Party,2018-05-03,,True,https://www.birmingham.gov.uk/info/50381/past_election_results/1685/local_government_election_results_may_2018
a3bb997e3748dc6f,Davis Phil,Labour Party,2018-05-03,,True,https://www.birmingham.gov.uk/info/50381/past_election_results/1685/local_government_election_results_may_2018
0446202d1d70e0b8,Gaussen David,Green Party,2018-05-03,,True,https://www.birmingham.gov.uk/info/50381/past_election_results/1685/local_government_election_results_may_2018
47d6d1fff4c3fe1f,"Grant, Robert Andrew",Green Party,2018-05-03,,True,https://www.birmingham.gov.uk/info/50381/past_election_results/1685/local_government_election_results_may_2018
9488d43672b3fc34,Huxley Tom,Conservative Party Candidate,2018-05-03,,True,https://www.birmingham.gov.uk/info/50381/past_election_results/1685/local_government_election_results_may_2018
3898a3816eb5a6c3,James Jane,Conservative Party Candidate,2018-05-03,,True,https://www.birmingham.gov.uk/info/50381/past_election_results/1685/local_government_election_results_may_2018
bf12b9b4423e1942,Morrow Alan,Liberal Democrat,2018-05-03,,True,https://www.birmingham.gov.uk/info/50381/past_election_results/1685/local_government_election_results_may_2018
bf790498d2a48eeb,Seymour-Smith Lucy Emma,Labour Party,2018-05-03,,True,https://www.birmingham.gov.uk/info/50381/past_election_results/1685/local_government_election_results_may_2018
d3581c602cbdeef4,Wagg Philip Richard Charles,Liberal Democrat,2018-05-03,,True,https://www.birmingham.gov.uk/info/50381/past_election_results/1685/local_government_election_results_may_2018
ee5ec4d691b17863,Billah Rezaul,Liberal Democrat,2018-05-03,,True,https://www.birmingham.gov.uk/info/50381/past_election_results/1685/local_government_election_results_may_2018
8ea6dfca9efc824f,Hussain Mahmood,Labour Party,2018-05-03,,True,https://www.birmingham.gov.uk/info/50381/past_election_results/1685/local_government_election_results_may_2018
ba7ad2aac72ff44f,Khan Raja Shahpal,The Conservative Party Candidate,2018-05-03,,True,https://www.birmingham.gov.uk/info/50381/past_election_results/1685/local_government_election_results_may_2018
5ccfbe8e025e9069,Clements Liz,Labour Party,2018-05-03,,True,https://www.birmingham.gov.uk/info/50381/past_election_results/1685/local_government_election_results_may_2018
8651a0d08230797e,Douglas Osborn Peter Ernest,Conservative Party Candidate,2018-05-03,,True,https://www.birmingham.gov.uk/info/50381/past_election_results/1685/local_government_election_results_may_2018
d7b678b344afd3f3,Grindrod Fred,Labour Party,2018-05-03,,True,https://www.birmingham.gov.uk/info/50381/past_election_results/1685/local_government_election_results_may_2018
c84815032bb293c4,"Hammond, Claire Marie",Green Party,2018-05-03,,True,https://www.birmingham.gov.uk/info/50381/past_election_results/1685/local_government_election_results_may_2018
250af6464d8e3645,Masters Anna,Green Party,2018-05-03,,True,https://www.birmingham.gov.uk/info/50381/past_election_results/1685/local_government_election_results_may_2018
26145382626305ff,"Radcliffe, David Stephen",Liberal Democrat,2018-05-03,,True,https://www.birmingham.gov.uk/info/50381/past_election_results/1685/local_government_election_results_may_2018
ab02d070e341a8cc,Sealey Rob,Conservative Party Candidate,2018-05-03,,True,https://www.birmingham.gov.uk/info/50381/past_election_results/1685/local_government_election_results_may_2018
ed444aedbf198d6d,Stimpson Timothy Matthew,Liberal Democrat,2018-05-03,,True,https://www.birmingham.gov.uk/info/50381/past_election_results/1685/local_government_election_results_may_2018
dc1c72b6b5fdaedd,Walder Clive Richard,Trade Unionist and Socialist Coalition,2018-05-03,,True,https://www.birmingham.gov.uk/info/50381/past_election_results/1685/local_government_election_results_may_2018
d5cfd3e7d44e2f37,Iliff Daniel James,Liberal Democrat,2018-05-03,,True,https://www.birmingham.gov.uk/info/50381/past_election_results/1685/local_government_election_results_may_2018
c0c0f54c047af5ca,Jenkins Tom,Green Party,2018-05-03,,True,https://www.birmingham.gov.uk/info/50381/past_election_results/1685/local_government_election_results_may_2018
0e522192c744910f,Mackey Julia,The Conservative Party Candidate,2018-05-03,,True,https://www.birmingham.gov.uk/info/50381/past_election_results/1685/local_government_election_results_may_2018
32606fe94344d82b,Mosquito Yvonne Maria,Labour Party,2018-05-03,,True,https://www.birmingham.gov.uk/info/50381/past_election_results/1685/local_government_election_results_may_2018
e7e8f304a95fff9b,Clawley Alan,Green Party,2018-05-03,,True,https://www.birmingham.gov.uk/info/50381/past_election_results/1685/local_government_election_results_may_2018
f7b0cddad62d7b44,Rashid Chauhdry,Labour Party,2018-05-03,,True,https://www.birmingham.gov.uk/info/50381/past_election_results/1685/local_government_election_results_may_2018
78c507e13cbf2546,Mohammed Saeed,Liberal Democrat,2018-05-03,,True,https://www.birmingham.gov.uk/info/50381/past_election_results/1685/local_government_election_results_may_2018
5a41b350ba76a80f,Tifow Ayan,The Conservative Party Candidate,2018-05-03,,True,https://www.birmingham.gov.uk/info/50381/past_election_results/1685/local_government_election_results_may_2018
fb01e9eb18b4e219,Calcutt Jake,Liberal Democrat,2018-05-03,,True,https://www.birmingham.gov.uk/info/50381/past_election_results/1685/local_government_election_results_may_2018
37d0bc5665690e15,Gillan Angus Fraser,Conservative Party Candidate,2018-05-03,,True,https://www.birmingham.gov.uk/info/50381/past_election_results/1685/local_government_election_results_may_2018
b2ff0757fa8d6514,"Hardie, Monica Catherine",Conservative Party Candidate,2018-05-03,,True,https://www.birmingham.gov.uk/info/50381/past_election_results/1685/local_government_election_results_may_2018
5b4982d865bbba2e,Jones Brigid,Labour and Co-operative Party,2018-05-03,,True,https://www.birmingham.gov.uk/info/50381/past_election_results/1685/local_government_election_results_may_2018
bdf1231e4322f7a3,Kiff Alice Jean,Green Party,2018-05-03,,True,https://www.birmingham.gov.uk/info/50381/past_election_results/1685/local_government_election_results_may_2018
21d165db4ec38848,Mabbett Benjamin,Green Party,2018-05-03,,True,https://www.birmingham.gov.uk/info/50381/past_election_results/1685/local_government_election_results_may_2018
261b23a348daf30f,"McCarthy, Karen Teresa",Labour and Co-operative Party,2018-05-03,,True,https://www.birmingham.gov.uk/info/50381/past_election_results/1685/local_government_election_results_may_2018
b29b41bb030de319,Thornton Sophie,Liberal Democrat,2018-05-03,,True,https://www.birmingham.gov.uk/info/50381/past_election_results/1685/local_government_election_results_may_2018
43ef19df2cf4df5c,Witts Sam,Trade Unionist and Socialist Coalition,2018-05-03,,True,https://www.birmingham.gov.uk/info/50381/past_election_results/1685/local_government_election_results_may_2018
2ab41682745b0b2f,Burgess Chris,Liberal Democrat,2018-05-03,,True,https://www.birmingham.gov.uk/info/50381/past_election_results/1685/local_government_election_results_may_2018
e664620a1d1689ba,Cox Patrick,Green Party,2018-05-03,,True,https://www.birmingham.gov.uk/info/50381/past_election_results/1685/local_government_election_results_may_2018
88539a497902ac41,Cremer Katherine,Birmingham Worker,2018-05-03,,True,https://www.birmingham.gov.uk/info/50381/past_election_results/1685/local_government_election_results_may_2018
ddc9a8ecd59385f0,Franks Gordon John,Conservative Party Candidate,2018-05-03,,True,https://www.birmingham.gov.uk/info/50381/past_election_results/1685/local_government_election_results_may_2018
51bee26e2d3019b1,Gilliam Rob,Liberal Democrat,2018-05-03,,True,https://www.birmingham.gov.uk/info/50381/past_election_results/1685/local_government_election_results_may_2018
631907493c5cfcc3,Kaya Julie,Green Party,2018-05-03,,True,https://www.birmingham.gov.uk/info/50381/past_election_results/1685/local_government_election_results_may_2018
615b87ff4fffa214,Leddy Mike,Labour Party,2018-05-03,,True,https://www.birmingham.gov.uk/info/50381/past_election_results/1685/local_government_election_results_may_2018
5e7c134b3ac31704,Mackenzie-Lawrie Joshua Duncan,Conservative Party Candidate,2018-05-03,,True,https://www.birmingham.gov.uk/info/50381/past_election_results/1685/local_government_election_results_may_2018
7e8fea23e71ac9fb,Murray Bill,Trade Unionist and Socialist Coalition,2018-05-03,,True,https://www.birmingham.gov.uk/info/50381/past_election_results/1685/local_government_election_results_may_2018
4dd69b60f0f22d86,"Trickett, Lisa",Labour Party,2018-05-03,,True,https://www.birmingham.gov.uk/info/50381/past_election_results/1685/local_government_election_results_may_2018
d33c39b3b4851240,Diane Donaldson,Labour Party,2018-05-03,,True,https://www.birmingham.gov.uk/info/50381/past_election_results/1685/local_government_election_results_may_2018
30e7e31d089263a0,Majid Mahmood,Labour Party,2018-05-03,,True,https://www.birmingham.gov.uk/info/50381/past_election_results/1685/local_government_election_results_may_2018
2cb871d066b6e360,"Mehmood, Asad",Liberal Democrat,2018-05-03,,True,https://www.birmingham.gov.uk/info/50381/past_election_results/1685/local_government_election_results_may_2018
09178100c21fc61a,Neilly Gwyn,Liberal Democrat,2018-05-03,,True,https://www.birmingham.gov.uk/info/50381/past_election_results/1685/local_government_election_results_may_2018
0b2eac5073d16fad,Rahman Aminur,Conservative Party Candidate,2018-05-03,,True,https://www.birmingham.gov.uk/info/50381/past_election_results/1685/local_government_election_results_may_2018
7b0f9752c736c788,Tudor Bogdan,Conservative Party Candidate,2018-05-03,,True,https://www.birmingham.gov.uk/info/50381/past_election_results/1685/local_government_election_results_may_2018
87bdc834130099cb,Ali Wajad,Conservative Party Candidate,2018-05-03,,True,https://www.birmingham.gov.uk/info/50381/past_election_results/1685/local_government_election_results_may_2018#content
6711b70b9f075c6c,Baker Amanda Caroline,Green Party,2018-05-03,,True,https://www.birmingham.gov.uk/info/50381/past_election_results/1685/local_government_election_results_may_2018#content
879f28dd240212e7,Flynn Eamonn Kevin,Trade Unionist and Socialist Coalition,2018-05-03,,True,https://www.birmingham.gov.uk/info/50381/past_election_results/1685/local_government_election_results_may_2018#content
1cf7a09f1777f9a9,Harmer Roger Kingdon,Liberal Democrat,2018-05-03,,True,https://www.birmingham.gov.uk/info/50381/past_election_results/1685/local_government_election_results_may_2018#content
1063309d855b9d74,O'Shea John,Labour Party,2018-05-03,,True,https://www.birmingham.gov.uk/info/50381/past_election_results/1685/local_government_election_results_may_2018#content
e17641be8b013eb1,Penny Wagg,Liberal Democrat,2018-05-03,,True,https://www.birmingham.gov.uk/info/50381/past_election_results/1685/local_government_election_results_may_2018#content
23d4e8c557060b1b,Watson Luke,Conservative Party Candidate,2018-05-03,,True,https://www.birmingham.gov.uk/info/50381/past_election_results/1685/local_government_election_results_may_2018#content
43cf005b16da0200,"Williams, Fiona",Labour Party,2018-05-03,,True,https://www.birmingham.gov.uk/info/50381/past_election_results/1685/local_government_election_results_may_2018#content
8dd86ab2bbdb8264,Beck Peter Charles,Green Party,2018-05-03,,True,https://www.birmingham.gov.uk/info/50381/past_election_results/1685/local_government_election_results_may_2018#content
9657547e2df4d589,Bedser Steve,Labour and Co-operative Party,2018-05-03,,True,https://www.birmingham.gov.uk/info/50381/past_election_results/1685/local_government_election_results_may_2018#content
693fdd0bc1b4876a,Fielden Claire Alexandra,Liberal Democrat,2018-05-03,,True,https://www.birmingham.gov.uk/info/50381/past_election_results/1685/local_government_election_results_may_2018#content
102f733614311601,Eddie Freeman,The Conservative Party,2018-05-03,,True,https://www.birmingham.gov.uk/info/50381/past_election_results/1685/local_government_election_results_may_2018#content
bcd5ac33c6b4f38f,Rodgers Dick,Common Good,2018-05-03,,True,https://www.birmingham.gov.uk/info/50381/past_election_results/1685/local_government_election_results_may_2018#content
874bd90b9aef0aea,Brookes-Bland,Conservative Party Candidate,2018-05-03,,True,https://www.birmingham.gov.uk/info/50381/past_election_results/1685/local_government_election_results_may_2018#content
4f8039f4354d0a85,"Idrees, Mohammed",Labour Party,2018-05-03,,True,https://www.birmingham.gov.uk/info/50381/past_election_results/1685/local_government_election_results_may_2018#content
0884495a333756fc,Khan Amil,Conservative Party Candidate,2018-05-03,,True,https://www.birmingham.gov.uk/info/50381/past_election_results/1685/local_government_election_results_may_2018#content
b8c7734b79830807,"Khan, Mariam",Labour Party,2018-05-03,,True,https://www.birmingham.gov.uk/info/50381/past_election_results/1685/local_government_election_results_may_2018#content
8b6712271721b5d4,Lister Thomas,Liberal Democrat,2018-05-03,,True,https://www.birmingham.gov.uk/info/50381/past_election_results/1685/local_government_election_results_may_2018#content
fce658ccddc1c090,Ross Colin,Liberal Democrat,2018-05-03,,True,https://www.birmingham.gov.uk/info/50381/past_election_results/1685/local_government_election_results_may_2018#content
3f449d7ad171322a,Afzal Muhammad,Labour Party,2018-05-03,,True,https://www.birmingham.gov.uk/info/50381/past_election_results/1685/local_government_election_results_may_2018#content
4dfd250770731f8f,Aziz Abdul,Independent,2018-05-03,,True,https://www.birmingham.gov.uk/info/50381/past_election_results/1685/local_government_election_results_may_2018#content
fe57d2cee50421a9,Bennett Margaret Sandra,Conservative Party Candidate,2018-05-03,,True,https://www.birmingham.gov.uk/info/50381/past_election_results/1685/local_government_election_results_may_2018#content
65e0fbf328afac45,Choudhury Jahid Ahmed,Conservative Party Candidate,2018-05-03,,True,https://www.birmingham.gov.uk/info/50381/past_election_results/1685/local_government_election_results_may_2018#content
d5fa29fb1a267444,Kauser Nagina,Labour Party,2018-05-03,,True,https://www.birmingham.gov.uk/info/50381/past_election_results/1685/local_government_election_results_may_2018#content
19738e5d1cef6c1b,Khan Ayoub,Liberal Democrat,2018-05-03,,True,https://www.birmingham.gov.uk/info/50381/past_election_results/1685/local_government_election_results_may_2018#content
a387574ad953eff0,Rana Vijay,Green Party,2018-05-03,,True,https://www.birmingham.gov.uk/info/50381/past_election_results/1685/local_government_election_results_may_2018#content
cb09f9b7ad504681,Uddin Sham,Liberal Democrat,2018-05-03,,True,https://www.birmingham.gov.uk/info/50381/past_election_results/1685/local_government_election_results_may_2018#content
4cf8506e3947c530,Fazel Ali,The Conservative Party Candidate,2018-05-03,,True,https://www.birmingham.gov.uk/info/50381/past_election_results/1685/local_government_election_results_may_2018#content
d0ca44ba6fa31be0,"Guest, Martin John",Green Party,2018-05-03,,True,https://www.birmingham.gov.uk/info/50381/past_election_results/1685/local_government_election_results_may_2018#content
af727a896275d356,Ibrahem Sammi,Birmingham Worker,2018-05-03,,True,https://www.birmingham.gov.uk/info/50381/past_election_results/1685/local_government_election_results_may_2018#content
256b83a673b841f4,Issa Islam Ahmed,Liberal Democrat,2018-05-03,,True,https://www.birmingham.gov.uk/info/50381/past_election_results/1685/local_government_election_results_may_2018#content
4b130b5f20d17e89,"Malik, Zhor",Labour Party,2018-05-03,,True,https://www.birmingham.gov.uk/info/50381/past_election_results/1685/local_government_election_results_may_2018#content
9eaf33340104d356,"Lines, Bruce John",Conservative Party Candidate,2018-05-03,,True,https://www.birmingham.gov.uk/info/50381/past_election_results/1685/local_government_election_results_may_2018#content
b736dab60c7c7a71,Lines John,Conservative Party Candidate,2018-05-03,,True,https://www.birmingham.gov.uk/info/50381/past_election_results/1685/local_government_election_results_may_2018#content
b79823f3229eacad,Osborne David,Liberal Democrat,2018-05-03,,True,https://www.birmingham.gov.uk/info/50381/past_election_results/1685/local_government_election_results_may_2018#content
6c2a098e3d3bd9ca,Osborne Maureen Ada,Liberal Democrat,2018-05-03,,True,https://www.birmingham.gov.uk/info/50381/past_election_results/1685/local_government_election_results_may_2018#content
74eec6fb3a52a98d,Preston Paul,Labour Party,2018-05-03,,True,https://www.birmingham.gov.uk/info/50381/past_election_results/1685/local_government_election_results_may_2018#content
ed199f894a938b68,"Robertson, James",Green Party,2018-05-03,,True,https://www.birmingham.gov.uk/info/50381/past_election_results/1685/local_government_election_results_may_2018#content
812e78af540c445f,"Shemmans, Joanne",Labour Party,2018-05-03,,True,https://www.birmingham.gov.uk/info/50381/past_election_results/1685/local_government_election_results_may_2018#content
a3bb997e3748dc6f,Davis Phil,Labour Party,2018-05-03,,True,https://www.birmingham.gov.uk/info/50381/past_election_results/1685/local_government_election_results_may_2018#content
0446202d1d70e0b8,Gaussen David,Green Party,2018-05-03,,True,https://www.birmingham.gov.uk/info/50381/past_election_results/1685/local_government_election_results_may_2018#content
47d6d1fff4c3fe1f,"Grant, Robert Andrew",Green Party,2018-05-03,,True,https://www.birmingham.gov.uk/info/50381/past_election_results/1685/local_government_election_results_may_2018#content
9488d43672b3fc34,Huxley Tom,Conservative Party Candidate,2018-05-03,,True,https://www.birmingham.gov.uk/info/50381/past_election_results/1685/local_government_election_results_may_2018#content
3898a3816eb5a6c3,James Jane,Conservative Party Candidate,2018-05-03,,True,https://www.birmingham.gov.uk/info/50381/past_election_results/1685/local_government_election_results_may_2018#content
bf12b9b4423e1942,Morrow Alan,Liberal Democrat,2018-05-03,,True,https://www.birmingham.gov.uk/info/50381/past_election_results/1685/local_government_election_results_may_2018#content
bf790498d2a48eeb,Seymour-Smith Lucy Emma,Labour Party,2018-05-03,,True,https://www.birmingham.gov.uk/info/50381/past_election_results/1685/local_government_election_results_may_2018#content
d3581c602cbdeef4,Wagg Philip Richard Charles,Liberal Democrat,2018-05-03,,True,https://www.birmingham.gov.uk/info/50381/past_election_results/1685/local_government_election_results_may_2018#content
ee5ec4d691b17863,Billah Rezaul,Liberal Democrat,2018-05-03,,True,https://www.birmingham.gov.uk/info/50381/past_election_results/1685/local_government_election_results_may_2018#content
8ea6dfca9efc824f,Hussain Mahmood,Labour Party,2018-05-03,,True,https://www.birmingham.gov.uk/info/50381/past_election_results/1685/local_government_election_results_may_2018#content
ba7ad2aac72ff44f,Khan Raja Shahpal,The Conservative Party Candidate,2018-05-03,,True,https://www.birmingham.gov.uk/info/50381/past_election_results/1685/local_government_election_results_may_2018#content
5ccfbe8e025e9069,Clements Liz,Labour Party,2018-05-03,,True,https://www.birmingham.gov.uk/info/50381/past_election_results/1685/local_government_election_results_may_2018#content
8651a0d08230797e,Douglas Osborn Peter Ernest,Conservative Party Candidate,2018-05-03,,True,https://www.birmingham.gov.uk/info/50381/past_election_results/1685/local_government_election_results_may_2018#content
d7b678b344afd3f3,Grindrod Fred,Labour Party,2018-05-03,,True,https://www.birmingham.gov.uk/info/50381/past_election_results/1685/local_government_election_results_may_2018#content
c84815032bb293c4,"Hammond, Claire Marie",Green Party,2018-05-03,,True,https://www.birmingham.gov.uk/info/50381/past_election_results/1685/local_government_election_results_may_2018#content
250af6464d8e3645,Masters Anna,Green Party,2018-05-03,,True,https://www.birmingham.gov.uk/info/50381/past_election_results/1685/local_government_election_results_may_2018#content
26145382626305ff,"Radcliffe, David Stephen",Liberal Democrat,2018-05-03,,True,https://www.birmingham.gov.uk/info/50381/past_election_results/1685/local_government_election_results_may_2018#content
ab02d070e341a8cc,Sealey Rob,Conservative Party Candidate,2018-05-03,,True,https://www.birmingham.gov.uk/info/50381/past_election_results/1685/local_government_election_results_may_2018#content
ed444aedbf198d6d,Stimpson Timothy Matthew,Liberal Democrat,2018-05-03,,True,https://www.birmingham.gov.uk/info/50381/past_election_results/1685/local_government_election_results_may_2018#content
dc1c72b6b5fdaedd,Walder Clive Richard,Trade Unionist and Socialist Coalition,2018-05-03,,True,https://www.birmingham.gov.uk/info/50381/past_election_results/1685/local_government_election_results_may_2018#content
d5cfd3e7d44e2f37,Iliff Daniel James,Liberal Democrat,2018-05-03,,True,https://www.birmingham.gov.uk/info/50381/past_election_results/1685/local_government_election_results_may_2018#content
c0c0f54c047af5ca,Jenkins Tom,Green Party,2018-05-03,,True,https://www.birmingham.gov.uk/info/50381/past_election_results/1685/local_government_election_results_may_2018#content
0e522192c744910f,Mackey Julia,The Conservative Party Candidate,2018-05-03,,True,https://www.birmingham.gov.uk/info/50381/past_election_results/1685/local_government_election_results_may_2018#content
32606fe94344d82b,Mosquito Yvonne Maria,Labour Party,2018-05-03,,True,https://www.birmingham.gov.uk/info/50381/past_election_results/1685/local_government_election_results_may_2018#content
e7e8f304a95fff9b,Clawley Alan,Green Party,2018-05-03,,True,https://www.birmingham.gov.uk/info/50381/past_election_results/1685/local_government_election_results_may_2018#content
f7b0cddad62d7b44,Rashid Chauhdry,Labour Party,2018-05-03,,True,https://www.birmingham.gov.uk/info/50381/past_election_results/1685/local_government_election_results_may_2018#content
78c507e13cbf2546,Mohammed Saeed,Liberal Democrat,2018-05-03,,True,https://www.birmingham.gov.uk/info/50381/past_election_results/1685/local_government_election_results_may_2018#content
5a41b350ba76a80f,Tifow Ayan,The Conservative Party Candidate,2018-05-03,,True,https://www.birmingham.gov.uk/info/50381/past_election_results/1685/local_government_election_results_may_2018#content
fb01e9eb18b4e219,Calcutt Jake,Liberal Democrat,2018-05-03,,True,https://www.birmingham.gov.uk/info/50381/past_election_results/1685/local_government_election_results_may_2018#content
37d0bc5665690e15,Gillan Angus Fraser,Conservative Party Candidate,2018-05-03,,True,https://www.birmingham.gov.uk/info/50381/past_election_results/1685/local_government_election_results_may_2018#content
b2ff0757fa8d6514,"Hardie, Monica Catherine",Conservative Party Candidate,2018-05-03,,True,https://www.birmingham.gov.uk/info/50381/past_election_results/1685/local_government_election_results_may_2018#content
5b4982d865bbba2e,Jones Brigid,Labour and Co-operative Party,2018-05-03,,True,https://www.birmingham.gov.uk/info/50381/past_election_results/1685/local_government_election_results_may_2018#content
bdf1231e4322f7a3,Kiff Alice Jean,Green Party,2018-05-03,,True,https://www.birmingham.gov.uk/info/50381/past_election_results/1685/local_government_election_results_may_2018#content
21d165db4ec38848,Mabbett Benjamin,Green Party,2018-05-03,,True,https://www.birmingham.gov.uk/info/50381/past_election_results/1685/local_government_election_results_may_2018#content
261b23a348daf30f,"McCarthy, Karen Teresa",Labour and Co-operative Party,2018-05-03,,True,https://www.birmingham.gov.uk/info/50381/past_election_results/1685/local_government_election_results_may_2018#content
b29b41bb030de319,Thornton Sophie,Liberal Democrat,2018-05-03,,True,https://www.birmingham.gov.uk/info/50381/past_election_results/1685/local_government_election_results_may_2018#content
43ef19df2cf4df5c,Witts Sam,Trade Unionist and Socialist Coalition,2018-05-03,,True,https://www.birmingham.gov.uk/info/50381/past_election_results/1685/local_government_election_results_may_2018#content
2ab41682745b0b2f,Burgess Chris,Liberal Democrat,2018-05-03,,True,https://www.birmingham.gov.uk/info/50381/past_election_results/1685/local_government_election_results_may_2018#content
e664620a1d1689ba,Cox Patrick,Green Party,2018-05-03,,True,https://www.birmingham.gov.uk/info/50381/past_election_results/1685/local_government_election_results_may_2018#content
88539a497902ac41,Cremer Katherine,Birmingham Worker,2018-05-03,,True,https://www.birmingham.gov.uk/info/50381/past_election_results/1685/local_government_election_results_may_2018#content
ddc9a8ecd59385f0,Franks Gordon John,Conservative Party Candidate,2018-05-03,,True,https://www.birmingham.gov.uk/info/50381/past_election_results/1685/local_government_election_results_may_2018#content
51bee26e2d3019b1,Gilliam Rob,Liberal Democrat,2018-05-03,,True,https://www.birmingham.gov.uk/info/50381/past_election_results/1685/local_government_election_results_may_2018#content
631907493c5cfcc3,Kaya Julie,Green Party,2018-05-03,,True,https://www.birmingham.gov.uk/info/50381/past_election_results/1685/local_government_election_results_may_2018#content
615b87ff4fffa214,Leddy Mike,Labour Party,2018-05-03,,True,https://www.birmingham.gov.uk/info/50381/past_election_results/1685/local_government_election_results_may_2018#content
5e7c134b3ac31704,Mackenzie-Lawrie Joshua Duncan,Conservative Party Candidate,2018-05-03,,True,https://www.birmingham.gov.uk/info/50381/past_election_results/1685/local_government_election_results_may_2018#content
7e8fea23e71ac9fb,Murray Bill,Trade Unionist and Socialist Coalition,2018-05-03,,True,https://www.birmingham.gov.uk/info/50381/past_election_results/1685/local_government_election_results_may_2018#content
4dd69b60f0f22d86,"Trickett, Lisa",Labour Party,2018-05-03,,True,https://www.birmingham.gov.uk/info/50381/past_election_results/1685/local_government_election_results_may_2018#content
d33c39b3b4851240,Diane Donaldson,Labour Party,2018-05-03,,True,https://www.birmingham.gov.uk/info/50381/past_election_results/1685/local_government_election_results_may_2018#content
30e7e31d089263a0,Majid Mahmood,Labour Party,2018-05-03,,True,https://www.birmingham.gov.uk/info/50381/past_election_results/1685/local_government_election_results_may_2018#content
2cb871d066b6e360,"Mehmood, Asad",Liberal Democrat,2018-05-03,,True,https://www.birmingham.gov.uk/info/50381/past_election_results/1685/local_government_election_results_may_2018#content
09178100c21fc61a,Neilly Gwyn,Liberal Democrat,2018-05-03,,True,https://www.birmingham.gov.uk/info/50381/past_election_results/1685/local_government_election_results_may_2018#content
0b2eac5073d16fad,Rahman Aminur,Conservative Party Candidate,2018-05-03,,True,https://www.birmingham.gov.uk/info/50381/past_election_results/1685/local_government_election_results_may_2018#content
7b0f9752c736c788,Tudor Bogdan,Conservative Party Candidate,2018-05-03,,True,https://www.birmingham.gov.uk/info/50381/past_election_results/1685/local_government_election_results_may_2018#content
87bdc834130099cb,Ali Wajad,Conservative Party Candidate,2018-05-03,,True,https://www.birmingham.gov.uk/info/50381/past_election_results/1685/local_government_election_results_may_2018#navigation
6711b70b9f075c6c,Baker Amanda Caroline,Green Party,2018-05-03,,True,https://www.birmingham.gov.uk/info/50381/past_election_results/1685/local_government_election_results_may_2018#navigation
879f28dd240212e7,Flynn Eamonn Kevin,Trade Unionist and Socialist Coalition,2018-05-03,,True,https://www.birmingham.gov.uk/info/50381/past_election_results/1685/local_government_election_results_may_2018#navigation
1cf7a09f1777f9a9,Harmer Roger Kingdon,Liberal Democrat,2018-05-03,,True,https://www.birmingham.gov.uk/info/50381/past_election_results/1685/local_government_election_results_may_2018#navigation
1063309d855b9d74,O'Shea John,Labour Party,2018-05-03,,True,https://www.birmingham.gov.uk/info/50381/past_election_results/1685/local_government_election_results_may_2018#navigation
e17641be8b013eb1,Penny Wagg,Liberal Democrat,2018-05-03,,True,https://www.birmingham.gov.uk/info/50381/past_election_results/1685/local_government_election_results_may_2018#navigation
23d4e8c557060b1b,Watson Luke,Conservative Party Candidate,2018-05-03,,True,https://www.birmingham.gov.uk/info/50381/past_election_results/1685/local_government_election_results_may_2018#navigation
43cf005b16da0200,"Williams, Fiona",Labour Party,2018-05-03,,True,https://www.birmingham.gov.uk/info/50381/past_election_results/1685/local_government_election_results_may_2018#navigation
8dd86ab2bbdb8264,Beck Peter Charles,Green Party,2018-05-03,,True,https://www.birmingham.gov.uk/info/50381/past_election_results/1685/local_government_election_results_may_2018#navigation
9657547e2df4d589,Bedser Steve,Labour and Co-operative Party,2018-05-03,,True,https://www.birmingham.gov.uk/info/50381/past_election_results/1685/local_government_election_results_may_2018#navigation
693fdd0bc1b4876a,Fielden Claire Alexandra,Liberal Democrat,2018-05-03,,True,https://www.birmingham.gov.uk/info/50381/past_election_results/1685/local_government_election_results_may_2018#navigation
102f733614311601,Eddie Freeman,The Conservative Party,2018-05-03,,True,https://www.birmingham.gov.uk/info/50381/past_election_results/1685/local_government_election_results_may_2018#navigation
bcd5ac33c6b4f38f,Rodgers Dick,Common Good,2018-05-03,,True,https://www.birmingham.gov.uk/info/50381/past_election_results/1685/local_government_election_results_may_2018#navigation
874bd90b9aef0aea,Brookes-Bland,Conservative Party Candidate,2018-05-03,,True,https://www.birmingham.gov.uk/info/50381/past_election_results/1685/local_government_election_results_may_2018#navigation
4f8039f4354d0a85,"Idrees, Mohammed",Labour Party,2018-05-03,,True,https://www.birmingham.gov.uk/info/50381/past_election_results/1685/local_government_election_results_may_2018#navigation
0884495a333756fc,Khan Amil,Conservative Party Candidate,2018-05-03,,True,https://www.birmingham.gov.uk/info/50381/past_election_results/1685/local_government_election_results_may_2018#navigation
b8c7734b79830807,"Khan, Mariam",Labour Party,2018-05-03,,True,https://www.birmingham.gov.uk/info/50381/past_election_results/1685/local_government_election_results_may_2018#navigation
8b6712271721b5d4,Lister Thomas,Liberal Democrat,2018-05-03,,True,https://www.birmingham.gov.uk/info/50381/past_election_results/1685/local_government_election_results_may_2018#navigation
fce658ccddc1c090,Ross Colin,Liberal Democrat,2018-05-03,,True,https://www.birmingham.gov.uk/info/50381/past_election_results/1685/local_government_election_results_may_2018#navigation
3f449d7ad171322a,Afzal Muhammad,Labour Party,2018-05-03,,True,https://www.birmingham.gov.uk/info/50381/past_election_results/1685/local_government_election_results_may_2018#navigation
4dfd250770731f8f,Aziz Abdul,Independent,2018-05-03,,True,https://www.birmingham.gov.uk/info/50381/past_election_results/1685/local_government_election_results_may_2018#navigation
fe57d2cee50421a9,Bennett Margaret Sandra,Conservative Party Candidate,2018-05-03,,True,https://www.birmingham.gov.uk/info/50381/past_election_results/1685/local_government_election_results_may_2018#navigation
65e0fbf328afac45,Choudhury Jahid Ahmed,Conservative Party Candidate,2018-05-03,,True,https://www.birmingham.gov.uk/info/50381/past_election_results/1685/local_government_election_results_may_2018#navigation
d5fa29fb1a267444,Kauser Nagina,Labour Party,2018-05-03,,True,https://www.birmingham.gov.uk/info/50381/past_election_results/1685/local_government_election_results_may_2018#navigation
19738e5d1cef6c1b,Khan Ayoub,Liberal Democrat,2018-05-03,,True,https://www.birmingham.gov.uk/info/50381/past_election_results/1685/local_government_election_results_may_2018#navigation
a387574ad953eff0,Rana Vijay,Green Party,2018-05-03,,True,https://www.birmingham.gov.uk/info/50381/past_election_results/1685/local_government_election_results_may_2018#navigation
cb09f9b7ad504681,Uddin Sham,Liberal Democrat,2018-05-03,,True,https://www.birmingham.gov.uk/info/50381/past_election_results/1685/local_government_election_results_may_2018#navigation
4cf8506e3947c530,Fazel Ali,The Conservative Party Candidate,2018-05-03,,True,https://www.birmingham.gov.uk/info/50381/past_election_results/1685/local_government_election_results_may_2018#navigation
d0ca44ba6fa31be0,"Guest, Martin John",Green Party,2018-05-03,,True,https://www.birmingham.gov.uk/info/50381/past_election_results/1685/local_government_election_results_may_2018#navigation
af727a896275d356,Ibrahem Sammi,Birmingham Worker,2018-05-03,,True,https://www.birmingham.gov.uk/info/50381/past_election_results/1685/local_government_election_results_may_2018#navigation
256b83a673b841f4,Issa Islam Ahmed,Liberal Democrat,2018-05-03,,True,https://www.birmingham.gov.uk/info/50381/past_election_results/1685/local_government_election_results_may_2018#navigation
4b130b5f20d17e89,"Malik, Zhor",Labour Party,2018-05-03,,True,https://www.birmingham.gov.uk/info/50381/past_election_results/1685/local_government_election_results_may_2018#navigation
9eaf33340104d356,"Lines, Bruce John",Conservative Party Candidate,2018-05-03,,True,https://www.birmingham.gov.uk/info/50381/past_election_results/1685/local_government_election_results_may_2018#navigation
b736dab60c7c7a71,Lines John,Conservative Party Candidate,2018-05-03,,True,https://www.birmingham.gov.uk/info/50381/past_election_results/1685/local_government_election_results_may_2018#navigation
b79823f3229eacad,Osborne David,Liberal Democrat,2018-05-03,,True,https://www.birmingham.gov.uk/info/50381/past_election_results/1685/local_government_election_results_may_2018#navigation
6c2a098e3d3bd9ca,Osborne Maureen Ada,Liberal Democrat,2018-05-03,,True,https://www.birmingham.gov.uk/info/50381/past_election_results/1685/local_government_election_results_may_2018#navigation
74eec6fb3a52a98d,Preston Paul,Labour Party,2018-05-03,,True,https://www.birmingham.gov.uk/info/50381/past_election_results/1685/local_government_election_results_may_2018#navigation
ed199f894a938b68,"Robertson, James",Green Party,2018-05-03,,True,https://www.birmingham.gov.uk/info/50381/past_election_results/1685/local_government_election_results_may_2018#navigation
812e78af540c445f,"Shemmans, Joanne",Labour Party,2018-05-03,,True,https://www.birmingham.gov.uk/info/50381/past_election_results/1685/local_government_election_results_may_2018#navigation
a3bb997e3748dc6f,Davis Phil,Labour Party,2018-05-03,,True,https://www.birmingham.gov.uk/info/50381/past_election_results/1685/local_government_election_results_may_2018#navigation
0446202d1d70e0b8,Gaussen David,Green Party,2018-05-03,,True,https://www.birmingham.gov.uk/info/50381/past_election_results/1685/local_government_election_results_may_2018#navigation
47d6d1fff4c3fe1f,"Grant, Robert Andrew",Green Party,2018-05-03,,True,https://www.birmingham.gov.uk/info/50381/past_election_results/1685/local_government_election_results_may_2018#navigation
9488d43672b3fc34,Huxley Tom,Conservative Party Candidate,2018-05-03,,True,https://www.birmingham.gov.uk/info/50381/past_election_results/1685/local_government_election_results_may_2018#navigation
3898a3816eb5a6c3,James Jane,Conservative Party Candidate,2018-05-03,,True,https://www.birmingham.gov.uk/info/50381/past_election_results/1685/local_government_election_results_may_2018#navigation
bf12b9b4423e1942,Morrow Alan,Liberal Democrat,2018-05-03,,True,https://www.birmingham.gov.uk/info/50381/past_election_results/1685/local_government_election_results_may_2018#navigation
bf790498d2a48eeb,Seymour-Smith Lucy Emma,Labour Party,2018-05-03,,True,https://www.birmingham.gov.uk/info/50381/past_election_results/1685/local_government_election_results_may_2018#navigation
d3581c602cbdeef4,Wagg Philip Richard Charles,Liberal Democrat,2018-05-03,,True,https://www.birmingham.gov.uk/info/50381/past_election_results/1685/local_government_election_results_may_2018#navigation
ee5ec4d691b17863,Billah Rezaul,Liberal Democrat,2018-05-03,,True,https://www.birmingham.gov.uk/info/50381/past_election_results/1685/local_government_election_results_may_2018#navigation
8ea6dfca9efc824f,Hussain Mahmood,Labour Party,2018-05-03,,True,https://www.birmingham.gov.uk/info/50381/past_election_results/1685/local_government_election_results_may_2018#navigation
ba7ad2aac72ff44f,Khan Raja Shahpal,The Conservative Party Candidate,2018-05-03,,True,https://www.birmingham.gov.uk/info/50381/past_election_results/1685/local_government_election_results_may_2018#navigation
5ccfbe8e025e9069,Clements Liz,Labour Party,2018-05-03,,True,https://www.birmingham.gov.uk/info/50381/past_election_results/1685/local_government_election_results_may_2018#navigation
8651a0d08230797e,Douglas Osborn Peter Ernest,Conservative Party Candidate,2018-05-03,,True,https://www.birmingham.gov.uk/info/50381/past_election_results/1685/local_government_election_results_may_2018#navigation
d7b678b344afd3f3,Grindrod Fred,Labour Party,2018-05-03,,True,https://www.birmingham.gov.uk/info/50381/past_election_results/1685/local_government_election_results_may_2018#navigation
c84815032bb293c4,"Hammond, Claire Marie",Green Party,2018-05-03,,True,https://www.birmingham.gov.uk/info/50381/past_election_results/1685/local_government_election_results_may_2018#navigation
250af6464d8e3645,Masters Anna,Green Party,2018-05-03,,True,https://www.birmingham.gov.uk/info/50381/past_election_results/1685/local_government_election_results_may_2018#navigation
26145382626305ff,"Radcliffe, David Stephen",Liberal Democrat,2018-05-03,,True,https://www.birmingham.gov.uk/info/50381/past_election_results/1685/local_government_election_results_may_2018#navigation
ab02d070e341a8cc,Sealey Rob,Conservative Party Candidate,2018-05-03,,True,https://www.birmingham.gov.uk/info/50381/past_election_results/1685/local_government_election_results_may_2018#navigation
ed444aedbf198d6d,Stimpson Timothy Matthew,Liberal Democrat,2018-05-03,,True,https://www.birmingham.gov.uk/info/50381/past_election_results/1685/local_government_election_results_may_2018#navigation
dc1c72b6b5fdaedd,Walder Clive Richard,Trade Unionist and Socialist Coalition,2018-05-03,,True,https://www.birmingham.gov.uk/info/50381/past_election_results/1685/local_government_election_results_may_2018#navigation
d5cfd3e7d44e2f37,Iliff Daniel James,Liberal Democrat,2018-05-03,,True,https://www.birmingham.gov.uk/info/50381/past_election_results/1685/local_government_election_results_may_2018#navigation
c0c0f54c047af5ca,Jenkins Tom,Green Party,2018-05-03,,True,https://www.birmingham.gov.uk/info/50381/past_election_results/1685/local_government_election_results_may_2018#navigation
0e522192c744910f,Mackey Julia,The Conservative Party Candidate,2018-05-03,,True,https://www.birmingham.gov.uk/info/50381/past_election_results/1685/local_government_election_results_may_2018#navigation
32606fe94344d82b,Mosquito Yvonne Maria,Labour Party,2018-05-03,,True,https://www.birmingham.gov.uk/info/50381/past_election_results/1685/local_government_election_results_may_2018#navigation
e7e8f304a95fff9b,Clawley Alan,Green Party,2018-05-03,,True,https://www.birmingham.gov.uk/info/50381/past_election_results/1685/local_government_election_results_may_2018#navigation
f7b0cddad62d7b44,Rashid Chauhdry,Labour Party,2018-05-03,,True,https://www.birmingham.gov.uk/info/50381/past_election_results/1685/local_government_election_results_may_2018#navigation
78c507e13cbf2546,Mohammed Saeed,Liberal Democrat,2018-05-03,,True,https://www.birmingham.gov.uk/info/50381/past_election_results/1685/local_government_election_results_may_2018#navigation
5a41b350ba76a80f,Tifow Ayan,The Conservative Party Candidate,2018-05-03,,True,https://www.birmingham.gov.uk/info/50381/past_election_results/1685/local_government_election_results_may_2018#navigation
fb01e9eb18b4e219,Calcutt Jake,Liberal Democrat,2018-05-03,,True,https://www.birmingham.gov.uk/info/50381/past_election_results/1685/local_government_election_results_may_2018#navigation
37d0bc5665690e15,Gillan Angus Fraser,Conservative Party Candidate,2018-05-03,,True,https://www.birmingham.gov.uk/info/50381/past_election_results/1685/local_government_election_results_may_2018#navigation
b2ff0757fa8d6514,"Hardie, Monica Catherine",Conservative Party Candidate,2018-05-03,,True,https://www.birmingham.gov.uk/info/50381/past_election_results/1685/local_government_election_results_may_2018#navigation
5b4982d865bbba2e,Jones Brigid,Labour and Co-operative Party,2018-05-03,,True,https://www.birmingham.gov.uk/info/50381/past_election_results/1685/local_government_election_results_may_2018#navigation
bdf1231e4322f7a3,Kiff Alice Jean,Green Party,2018-05-03,,True,https://www.birmingham.gov.uk/info/50381/past_election_results/1685/local_government_election_results_may_2018#navigation
21d165db4ec38848,Mabbett Benjamin,Green Party,2018-05-03,,True,https://www.birmingham.gov.uk/info/50381/past_election_results/1685/local_government_election_results_may_2018#navigation
261b23a348daf30f,"McCarthy, Karen Teresa",Labour and Co-operative Party,2018-05-03,,True,https://www.birmingham.gov.uk/info/50381/past_election_results/1685/local_government_election_results_may_2018#navigation
b29b41bb030de319,Thornton Sophie,Liberal Democrat,2018-05-03,,True,https://www.birmingham.gov.uk/info/50381/past_election_results/1685/local_government_election_results_may_2018#navigation
43ef19df2cf4df5c,Witts Sam,Trade Unionist and Socialist Coalition,2018-05-03,,True,https://www.birmingham.gov.uk/info/50381/past_election_results/1685/local_government_election_results_may_2018#navigation
2ab41682745b0b2f,Burgess Chris,Liberal Democrat,2018-05-03,,True,https://www.birmingham.gov.uk/info/50381/past_election_results/1685/local_government_election_results_may_2018#navigation
e664620a1d1689ba,Cox Patrick,Green Party,2018-05-03,,True,https://www.birmingham.gov.uk/info/50381/past_election_results/1685/local_government_election_results_may_2018#navigation
88539a497902ac41,Cremer Katherine,Birmingham Worker,2018-05-03,,True,https://www.birmingham.gov.uk/info/50381/past_election_results/1685/local_government_election_results_may_2018#navigation
ddc9a8ecd59385f0,Franks Gordon John,Conservative Party Candidate,2018-05-03,,True,https://www.birmingham.gov.uk/info/50381/past_election_results/1685/local_government_election_results_may_2018#navigation
51bee26e2d3019b1,Gilliam Rob,Liberal Democrat,2018-05-03,,True,https://www.birmingham.gov.uk/info/50381/past_election_results/1685/local_government_election_results_may_2018#navigation
631907493c5cfcc3,Kaya Julie,Green Party,2018-05-03,,True,https://www.birmingham.gov.uk/info/50381/past_election_results/1685/local_government_election_results_may_2018#navigation
615b87ff4fffa214,Leddy Mike,Labour Party,2018-05-03,,True,https://www.birmingham.gov.uk/info/50381/past_election_results/1685/local_government_election_results_may_2018#navigation
5e7c134b3ac31704,Mackenzie-Lawrie Joshua Duncan,Conservative Party Candidate,2018-05-03,,True,https://www.birmingham.gov.uk/info/50381/past_election_results/1685/local_government_election_results_may_2018#navigation
7e8fea23e71ac9fb,Murray Bill,Trade Unionist and Socialist Coalition,2018-05-03,,True,https://www.birmingham.gov.uk/info/50381/past_election_results/1685/local_government_election_results_may_2018#navigation
4dd69b60f0f22d86,"Trickett, Lisa",Labour Party,2018-05-03,,True,https://www.birmingham.gov.uk/info/50381/past_election_results/1685/local_government_election_results_may_2018#navigation
d33c39b3b4851240,Diane Donaldson,Labour Party,2018-05-03,,True,https://www.birmingham.gov.uk/info/50381/past_election_results/1685/local_government_election_results_may_2018#navigation
30e7e31d089263a0,Majid Mahmood,Labour Party,2018-05-03,,True,https://www.birmingham.gov.uk/info/50381/past_election_results/1685/local_government_election_results_may_2018#navigation
2cb871d066b6e360,"Mehmood, Asad",Liberal Democrat,2018-05-03,,True,https://www.birmingham.gov.uk/info/50381/past_election_results/1685/local_government_election_results_may_2018#navigation
09178100c21fc61a,Neilly Gwyn,Liberal Democrat,2018-05-03,,True,https://www.birmingham.gov.uk/info/50381/past_election_results/1685/local_government_election_results_may_2018#navigation
0b2eac5073d16fad,Rahman Aminur,Conservative Party Candidate,2018-05-03,,True,https://www.birmingham.gov.uk/info/50381/past_election_results/1685/local_government_election_results_may_2018#navigation
7b0f9752c736c788,Tudor Bogdan,Conservative Party Candidate,2018-05-03,,True,https://www.birmingham.gov.uk/info/50381/past_election_results/1685/local_government_election_results_may_2018#navigation
a562d3f77ab2c8bc,Clinton Lynda,Labour Party,2018-05-03,,True,https://www.birmingham.gov.uk/info/50381/past_election_results/1685/local_government_election_results_may_2018/2
5a0c66c962221b24,Holtom Trevor,Liberal Democrat,2018-05-03,,True,https://www.birmingham.gov.uk/info/50381/past_election_results/1685/local_government_election_results_may_2018/2
d629c9c289717bfa,Sucilla-O'Sullivan Kris,Trade Unionist and Socialist Coalition,2018-05-03,,True,https://www.birmingham.gov.uk/info/50381/past_election_results/1685/local_government_election_results_may_2018/2
b21581a73462cc83,Webb Suzanne,The Conservative Party Candidate,2018-05-03,,True,https://www.birmingham.gov.uk/info/50381/past_election_results/1685/local_government_election_results_may_2018/2
5a8dcb8bc7afc7ed,Brittain Ben Ashley,The Conservative Party Candidate,2018-05-03,,True,https://www.birmingham.gov.uk/info/50381/past_election_results/1685/local_government_election_results_may_2018/2
3d5e017c2d6fc411,Cox Emily Rohaise,Liberal Democrat,2018-05-03,,True,https://www.birmingham.gov.uk/info/50381/past_election_results/1685/local_government_election_results_may_2018/2
ef1dae00a2b407d9,Julien Pritchard,Green Party,2018-05-03,,True,https://www.birmingham.gov.uk/info/50381/past_election_results/1685/local_government_election_results_may_2018/2
dbb678b5fcc2d69e,Quinn Victoria,Labour Party,2018-05-03,,True,https://www.birmingham.gov.uk/info/50381/past_election_results/1685/local_government_election_results_may_2018/2
0dcb543c3f319b7d,Deirdre Alden,Conservative Party Candidate,2018-05-03,,True,https://www.birmingham.gov.uk/info/50381/past_election_results/1685/local_government_election_results_may_2018/2
04e7b6e7c6c1883d,Matt Bennett,Conservative Party Candidate,2018-05-03,,True,https://www.birmingham.gov.uk/info/50381/past_election_results/1685/local_government_election_results_may_2018/2
cf3a7bf9f6af592d,Marcus Bernasconi,Labour Party,2018-05-03,,True,https://www.birmingham.gov.uk/info/50381/past_election_results/1685/local_government_election_results_may_2018/2
9e800954d0211a8e,Chamberlain Daniel Murray,Liberal Democrat,2018-05-03,,True,https://www.birmingham.gov.uk/info/50381/past_election_results/1685/local_government_election_results_may_2018/2
1eb5d325e57d4c5c,Nettle Alexander,Green Party,2018-05-03,,True,https://www.birmingham.gov.uk/info/50381/past_election_results/1685/local_government_election_results_may_2018/2
b782eeea56f219b9,Nolan Jenny,Labour Party,2018-05-03,,True,https://www.birmingham.gov.uk/info/50381/past_election_results/1685/local_government_election_results_may_2018/2
9667ba5d5c379dec,Scott Jamie Christian,Liberal Democrat,2018-05-03,,True,https://www.birmingham.gov.uk/info/50381/past_election_results/1685/local_government_election_results_may_2018/2
a433c9cd7bd1499a,Alden Robert James Cambray,Conservative Party Candidate,2018-05-03,,True,https://www.birmingham.gov.uk/info/50381/past_election_results/1685/local_government_election_results_may_2018/2
70028b3208a462d6,Collins Rebecca,Green Party,2018-05-03,,True,https://www.birmingham.gov.uk/info/50381/past_election_results/1685/local_government_election_results_may_2018/2
0b5f30c049daa6b8,Hooper Vic,Labour and Co-operative Party,2018-05-03,,True,https://www.birmingham.gov.uk/info/50381/past_election_results/1685/local_government_election_results_may_2018/2
bf35309592fe9f7b,Hunt Tom,Liberal Democrat,2018-05-03,,True,https://www.birmingham.gov.uk/info/50381/past_election_results/1685/local_government_election_results_may_2018/2
ed4040e5a082f793,Moore Gareth Raymond,Conservative Party Candidate,2018-05-03,,True,https://www.birmingham.gov.uk/info/50381/past_election_results/1685/local_government_election_results_may_2018/2
4868238ef7398916,Reilly Callum Lewis,Liberal Democrat,2018-05-03,,True,https://www.birmingham.gov.uk/info/50381/past_election_results/1685/local_government_election_results_may_2018/2
1bf9b67a97cedb68,Smyth Dee,Labour and Co-operative Party,2018-05-03,,True,https://www.birmingham.gov.uk/info/50381/past_election_results/1685/local_government_election_results_may_2018/2
ecaa036d5a220c40,Cartwright Andrew,Labour Party,2018-05-03,,True,https://www.birmingham.gov.uk/info/50381/past_election_results/1685/local_government_election_results_may_2018/2
3d4384c0cda2f59c,Jerome Gerard,Liberal Democrat,2018-05-03,,True,https://www.birmingham.gov.uk/info/50381/past_election_results/1685/local_government_election_results_may_2018/2
37a897fcecf62d99,"Morrall, Simon",The Conservative Party Candidate,2018-05-03,,True,https://www.birmingham.gov.uk/info/50381/past_election_results/1685/local_government_election_results_may_2018/2
8d25586a2959be41,Conn Simon Elliot,The Conservative Party Candidate,2018-05-03,,True,https://www.birmingham.gov.uk/info/50381/past_election_results/1685/local_government_election_results_may_2018/2
15ef9c4d37f87364,Jones Carol,Liberal Democrat,2018-05-03,,True,https://www.birmingham.gov.uk/info/50381/past_election_results/1685/local_government_election_results_may_2018/2
cb64786b9ff3b219,Saddak Miah,Labour Party,2018-05-03,,True,https://www.birmingham.gov.uk/info/50381/past_election_results/1685/local_government_election_results_may_2018/2
828f3ec20973105d,"Bridle, Marje",Labour Party,2018-05-03,,True,https://www.birmingham.gov.uk/info/50381/past_election_results/1685/local_government_election_results_may_2018/2
a7e4b01ed45173c0,Clayton Paul,Independent,2018-05-03,,True,https://www.birmingham.gov.uk/info/50381/past_election_results/1685/local_government_election_results_may_2018/2
e58baedc3ea586ca,"Cotton, John",Labour Party,2018-05-03,,True,https://www.birmingham.gov.uk/info/50381/past_election_results/1685/local_government_election_results_may_2018/2
8777ac06e9ff2118,Gasson Rosemary Elisabeth,Conservative Party Candidate,2018-05-03,,True,https://www.birmingham.gov.uk/info/50381/past_election_results/1685/local_government_election_results_may_2018/2
518d11388816be9d,Rahman Rafiqur,Liberal Democrat,2018-05-03,,True,https://www.birmingham.gov.uk/info/50381/past_election_results/1685/local_government_election_results_may_2018/2
007c55bdf1362704,Rehman Shamsur,Liberal Democrat,2018-05-03,,True,https://www.birmingham.gov.uk/info/50381/past_election_results/1685/local_government_election_results_may_2018/2
656b512a61b24089,"Robinson, Fergus David",Conservative Party Candidate,2018-05-03,,True,https://www.birmingham.gov.uk/info/50381/past_election_results/1685/local_government_election_results_may_2018/2
f6644831c60fe01b,Mick Brown,Labour and Co-operative Party,2018-05-03,,True,https://www.birmingham.gov.uk/info/50381/past_election_results/1685/local_government_election_results_may_2018/2
97c6c834fa1b8457,Mills Philip David,Liberal Democrat,2018-05-03,,True,https://www.birmingham.gov.uk/info/50381/past_election_results/1685/local_government_election_results_may_2018/2
dd8bfcfc761a8473,Nawaz Luqmaan,The Conservative Party Candidate,2018-05-03,,True,https://www.birmingham.gov.uk/info/50381/past_election_results/1685/local_government_election_results_may_2018/2
2708117e78764bf1,"Ahmed, Akhlaq",Labour Party,2018-05-03,,True,https://www.birmingham.gov.uk/info/50381/past_election_results/1685/local_government_election_results_may_2018/3
2c74a5a82f376800,Courage Gareth,Green Party,2018-05-03,,True,https://www.birmingham.gov.uk/info/50381/past_election_results/1685/local_government_election_results_may_2018/3
fde46f01873a6239,Harvey Bob,Independent,2018-05-03,,True,https://www.birmingham.gov.uk/info/50381/past_election_results/1685/local_government_election_results_may_2018/3
cfcea7e8564deada,Hussain Tukeer,Conservative Party Candidate,2018-05-03,,True,https://www.birmingham.gov.uk/info/50381/past_election_results/1685/local_government_election_results_may_2018/3
1b3f387558051a80,Robson Lou,Labour Party,2018-05-03,,True,https://www.birmingham.gov.uk/info/50381/past_election_results/1685/local_government_election_results_may_2018/3
89d49970068ca7da,Singh Sohan,Conservative Party Candidate,2018-05-03,,True,https://www.birmingham.gov.uk/info/50381/past_election_results/1685/local_government_election_results_may_2018/3
73d96befb8bb3fb3,Spruce Andrew James,Liberal Democrat,2018-05-03,,True,https://www.birmingham.gov.uk/info/50381/past_election_results/1685/local_government_election_results_may_2018/3
be795fc98c1b6db9,Spruce Stephanie Louise,Liberal Democrat,2018-05-03,,True,https://www.birmingham.gov.uk/info/50381/past_election_results/1685/local_government_election_results_may_2018/3
3913f7301f66bac8,"Evans, Jerry",Liberal Democrat,2018-05-03,,True,https://www.birmingham.gov.uk/info/50381/past_election_results/1685/local_government_election_results_may_2018/3
e1a34292eb46b02a,Grant Ulla,Green Party,2018-05-03,,True,https://www.birmingham.gov.uk/info/50381/past_election_results/1685/local_government_election_results_may_2018/3
717d1c5fc33e42d7,"Huxtable, Tim",The Conservative Party Candidate,2018-05-03,,True,https://www.birmingham.gov.uk/info/50381/past_election_results/1685/local_government_election_results_may_2018/3
8aafb2c18a5221eb,Khan Changese,Labour and Co-operative Party,2018-05-03,,True,https://www.birmingham.gov.uk/info/50381/past_election_results/1685/local_government_election_results_may_2018/3
f4915666da033e1f,Douglas Kingsley Seymour,Liberal Democrat,2018-05-03,,True,https://www.birmingham.gov.uk/info/50381/past_election_results/1685/local_government_election_results_may_2018/3
a18b4a6a3b7b7637,Green Susan,Green Party,2018-05-03,,True,https://www.birmingham.gov.uk/info/50381/past_election_results/1685/local_government_election_results_may_2018/3
d5bf5ab3b922799b,Quinnen Hendrina,Labour Party,2018-05-03,,True,https://www.birmingham.gov.uk/info/50381/past_election_results/1685/local_government_election_results_may_2018/3
5d6628049dec36ae,Rahman Enam-Ur Abu Sala Mohammed,The Conservative Party Candidate,2018-05-03,,True,https://www.birmingham.gov.uk/info/50381/past_election_results/1685/local_government_election_results_may_2018/3
5d2f0c14a4be48d1,Aathouli-Singh PG,Independent,2018-05-03,,True,https://www.birmingham.gov.uk/info/50381/past_election_results/1685/local_government_election_results_may_2018/3
c220218df4233c7e,Ali Rizwan,Liberal Democrat,2018-05-03,,True,https://www.birmingham.gov.uk/info/50381/past_election_results/1685/local_government_election_results_may_2018/3
7a21854756e71e6c,Atwal Gurdial Singh,Labour Party,2018-05-03,,True,https://www.birmingham.gov.uk/info/50381/past_election_results/1685/local_government_election_results_may_2018/3
691e65d87820ea9c,Chumber Ravi,Conservative Party Candidate,2018-05-03,,True,https://www.birmingham.gov.uk/info/50381/past_election_results/1685/local_government_election_results_may_2018/3
fdff633abc70bf36,Fairclough Eric Wyn,Green Party,2018-05-03,,True,https://www.birmingham.gov.uk/info/50381/past_election_results/1685/local_government_election_results_may_2018/3
c7fc46e38149c515,Jenkins Rachel Mary,Trade Unionist and Socialist Coalition,2018-05-03,,True,https://www.birmingham.gov.uk/info/50381/past_election_results/1685/local_government_election_results_may_2018/3
5b2edf2638a4b9fe,Jolliffe Nicholas Mabin,Liberal Democrat,2018-05-03,,True,https://www.birmingham.gov.uk/info/50381/past_election_results/1685/local_government_election_results_may_2018/3
715a4bef3c71b728,Kooner Narinder Kaur,Labour Party,2018-05-03,,True,https://www.birmingham.gov.uk/info/50381/past_election_results/1685/local_government_election_results_may_2018/3
35248bd34d1ff947,White Steve,Conservative Party Candidate,2018-05-03,,True,https://www.birmingham.gov.uk/info/50381/past_election_results/1685/local_government_election_results_may_2018/3
d17fd25d4540d0fa,Fowler Peter John,Conservative Party Candidate,2018-05-03,,True,https://www.birmingham.gov.uk/info/50381/past_election_results/1685/local_government_election_results_may_2018/3
5ac91d822b1e1d1b,Francis Jayne,Labour Party,2018-05-03,,True,https://www.birmingham.gov.uk/info/50381/past_election_results/1685/local_government_election_results_may_2018/3
639ed5c3352010e5,"Garrett, Ian Anthony George",Liberal Democrat,2018-05-03,,True,https://www.birmingham.gov.uk/info/50381/past_election_results/1685/local_government_election_results_may_2018/3
7eedbb9bac89af67,"Green, Colin Francis",Liberal Democrat,2018-05-03,,True,https://www.birmingham.gov.uk/info/50381/past_election_results/1685/local_government_election_results_may_2018/3
f7712a674bae6382,Meghani Sundip,Labour Party,2018-05-03,,True,https://www.birmingham.gov.uk/info/50381/past_election_results/1685/local_government_election_results_may_2018/3
ee6c93ab71623dae,Sidhu Akaal,Conservative Party Candidate,2018-05-03,,True,https://www.birmingham.gov.uk/info/50381/past_election_results/1685/local_government_election_results_may_2018/3
cd14be4aadeed577,Simpson Phil,Green Party,2018-05-03,,True,https://www.birmingham.gov.uk/info/50381/past_election_results/1685/local_government_election_results_may_2018/3
af7f13b0dd9a6923,Assheton Janet,Green Party,2018-05-03,,True,https://www.birmingham.gov.uk/info/50381/past_election_results/1685/local_government_election_results_may_2018/3
703e132ad9ea2923,Hussain Aftab,Independent,2018-05-03,,True,https://www.birmingham.gov.uk/info/50381/past_election_results/1685/local_government_election_results_may_2018/3
a9192492460a9e88,"Mahmood, Faisal",Liberal Democrat,2018-05-03,,True,https://www.birmingham.gov.uk/info/50381/past_election_results/1685/local_government_election_results_may_2018/3
2f961b5898b9f060,Shafique Shah,Labour Party,2018-05-03,,True,https://www.birmingham.gov.uk/info/50381/past_election_results/1685/local_government_election_results_may_2018/3
88576ed5ef1128bd,Storer Mary,The Conservative Party Candidate,2018-05-03,,True,https://www.birmingham.gov.uk/info/50381/past_election_results/1685/local_government_election_results_may_2018/3
388955b15a506fc6,Bowles Barry,Labour Party,2018-05-03,,True,https://www.birmingham.gov.uk/info/50381/past_election_results/1685/local_government_election_results_may_2018/3
3211dd877d09b759,Higgs Adam Andrew,The Conservative Party Candidate,2018-05-03,,True,https://www.birmingham.gov.uk/info/50381/past_election_results/1685/local_government_election_results_may_2018/3
4f8d2cbeb00000fa,Jerome Kirsty Anne,Liberal Democrat,2018-05-03,,True,https://www.birmingham.gov.uk/info/50381/past_election_results/1685/local_government_election_results_may_2018/3
41230697f06f601e,Thomas Clare,Green Party,2018-05-03,,True,https://www.birmingham.gov.uk/info/50381/past_election_results/1685/local_government_election_results_may_2018/3
c769cca8ae1d1f2d,Ahmed Foysol,Liberal Democrat,2018-05-03,,True,https://www.birmingham.gov.uk/info/50381/past_election_results/1685/local_government_election_results_may_2018/3
6133a596f3c3fe31,Ahmed Mujakkir,The Conservative Party Candidate,2018-05-03,,True,https://www.birmingham.gov.uk/info/50381/past_election_results/1685/local_government_election_results_may_2018/3
ad90fd32ca4b9170,Hamilton Paulette Adassa,Labour Party,2018-05-03,,True,https://www.birmingham.gov.uk/info/50381/past_election_results/1685/local_government_election_results_may_2018/3
56b88dbbe6964d31,Aitken Alex,Labour Party,2018-05-03,,True,https://www.birmingham.gov.uk/info/50381/past_election_results/1685/local_government_election_results_may_2018/3
87cd5f729c20ad18,Jevon Simon David Alan,The Conservative Party Candidate,2018-05-03,,True,https://www.birmingham.gov.uk/info/50381/past_election_results/1685/local_government_election_results_may_2018/3
dd47529554b7ddb5,Peace Brian Alec,Liberal Democrat,2018-05-03,,True,https://www.birmingham.gov.uk/info/50381/past_election_results/1685/local_government_election_results_may_2018/3
add24d8760d39beb,Griffiths Peter,Labour Party,2018-05-03,,True,https://www.birmingham.gov.uk/info/50381/past_election_results/1685/local_government_election_results_may_2018/3
86edacd24d6d6c65,Lloyd Peter James,Liberal Democrat,2018-05-03,,True,https://www.birmingham.gov.uk/info/50381/past_election_results/1685/local_government_election_results_may_2018/3
70bf16c7f4e67dc5,Wood Barbara Iris,The Conservative Party Candidate,2018-05-03,,True,https://www.birmingham.gov.uk/info/50381/past_election_results/1685/local_government_election_results_may_2018/3
3c27554558aa51fd,"Hughes, Des",Labour Party,2018-05-03,,True,https://www.birmingham.gov.uk/info/50381/past_election_results/1685/local_government_election_results_may_2018/3
42cfc518edb3117c,Jones Jane,Labour Party,2018-05-03,,True,https://www.birmingham.gov.uk/info/50381/past_election_results/1685/local_government_election_results_may_2018/3
99ad8314ba40b65a,"Mendez, Violaine",Liberal Democrat,2018-05-03,,True,https://www.birmingham.gov.uk/info/50381/past_election_results/1685/local_government_election_results_may_2018/3
4a68ccac62465e4a,"Perrott, James",Liberal Democrat,2018-05-03,,True,https://www.birmingham.gov.uk/info/50381/past_election_results/1685/local_government_election_results_may_2018/3
1e2b7993fc2fb87a,Sambrook Gary William,Conservative Party Candidate,2018-05-03,,True,https://www.birmingham.gov.uk/info/50381/past_election_results/1685/local_government_election_results_may_2018/3
1418702d9ac93f5f,"Storer, Ron",Conservative Party Candidate,2018-05-03,,True,https://www.birmingham.gov.uk/info/50381/past_election_results/1685/local_government_election_results_may_2018/3
3209833fcef538ee,Bore Albert,Labour Party,2018-05-03,,True,https://www.birmingham.gov.uk/info/50381/past_election_results/1685/local_government_election_results_may_2018/4
26c00f00a58d37c3,Dargue Lee James,Liberal Democrat,2018-05-03,,True,https://www.birmingham.gov.uk/info/50381/past_election_results/1685/local_government_election_results_may_2018/4
caabb0b4d1e819e1,Hartley Kath,Labour Party,2018-05-03,,True,https://www.birmingham.gov.uk/info/50381/past_election_results/1685/local_government_election_results_may_2018/4
fe5fda58b18c2e93,Jones Robert,Green Party,2018-05-03,,True,https://www.birmingham.gov.uk/info/50381/past_election_results/1685/local_government_election_results_may_2018/4
d542fc9067e9ffe9,Lambert Stephen James,Liberal Democrat,2018-05-03,,True,https://www.birmingham.gov.uk/info/50381/past_election_results/1685/local_government_election_results_may_2018/4
4e3e7afbeeb780ef,"Morris, Kenneth Oliver",Conservative Party Candidate,2018-05-03,,True,https://www.birmingham.gov.uk/info/50381/past_election_results/1685/local_government_election_results_may_2018/4
e1949fc32cf95fb6,Qazi Nayaz Ahmed Omar,Conservative Party Candidate,2018-05-03,,True,https://www.birmingham.gov.uk/info/50381/past_election_results/1685/local_government_election_results_may_2018/4
5b1117729220b432,Clancy Debbie,Conservative Party Candidate,2018-05-03,,True,https://www.birmingham.gov.uk/info/50381/past_election_results/1685/local_government_election_results_may_2018/4
1e32f51ede468a15,Corrigan Carmel,Labour Party,2018-05-03,,True,https://www.birmingham.gov.uk/info/50381/past_election_results/1685/local_government_election_results_may_2018/4
8f825d3a01a28879,Duffy Hubert Joseph,Liberal Democrat,2018-05-03,,True,https://www.birmingham.gov.uk/info/50381/past_election_results/1685/local_government_election_results_may_2018/4
99d8dd3598866ab7,"Knight, Graham",Conservative Party Candidate,2018-05-03,,True,https://www.birmingham.gov.uk/info/50381/past_election_results/1685/local_government_election_results_may_2018/4
4a7094b21c48c998,O'Reilly Brett,Labour Party,2018-05-03,,True,https://www.birmingham.gov.uk/info/50381/past_election_results/1685/local_government_election_results_may_2018/4
d69a6ec34991b3c7,Pearce Susan,Green Party,2018-05-03,,True,https://www.birmingham.gov.uk/info/50381/past_election_results/1685/local_government_election_results_may_2018/4
a04a80933245bde9,Whorwood James Edward,Liberal Democrat,2018-05-03,,True,https://www.birmingham.gov.uk/info/50381/past_election_results/1685/local_government_election_results_may_2018/4
25b51e03b01623b2,Hussain Moshud Sadek,Liberal Democrat,2018-05-03,,True,https://www.birmingham.gov.uk/info/50381/past_election_results/1685/local_government_election_results_may_2018/4
68819fa096dded2f,Khalique Abdul,The Conservative Party Candidate,2018-05-03,,True,https://www.birmingham.gov.uk/info/50381/past_election_results/1685/local_government_election_results_may_2018/4
9b7421fe4b71908d,Zaffar Waseem,Labour Party,2018-05-03,,True,https://www.birmingham.gov.uk/info/50381/past_election_results/1685/local_government_election_results_may_2018/4
8e6a77a8ca4aee5d,Farrow David Arthur,Liberal Democrat,2018-05-03,,True,https://www.birmingham.gov.uk/info/50381/past_election_results/1685/local_government_election_results_may_2018/4
7acab9ae086f7ac4,Jenkins Kerry Shaunna,Labour Party,2018-05-03,,True,https://www.birmingham.gov.uk/info/50381/past_election_results/1685/local_government_election_results_may_2018/4
2c6a4d331d21cde6,Knowles Izzy,Liberal Democrat,2018-05-03,,True,https://www.birmingham.gov.uk/info/50381/past_election_results/1685/local_government_election_results_may_2018/4
a15d2af1159510e9,O'Callaghan Dominic Bernard Paul Hutton,Conservative Party Candidate,2018-05-03,,True,https://www.birmingham.gov.uk/info/50381/past_election_results/1685/local_government_election_results_may_2018/4
d15d7f56cb7d8790,Straker Welds Martin Gladstone,Labour Party,2018-05-03,,True,https://www.birmingham.gov.uk/info/50381/past_election_results/1685/local_government_election_results_may_2018/4
4d6dd1eab862c67e,Turner John Robert,Conservative Party Candidate,2018-05-03,,True,https://www.birmingham.gov.uk/info/50381/past_election_results/1685/local_government_election_results_may_2018/4
089d31859a0383ba,Xerri-Brooks Rachel Ruana,Green Party,2018-05-03,,True,https://www.birmingham.gov.uk/info/50381/past_election_results/1685/local_government_election_results_may_2018/4
a5a35ec20ff9a86b,Ali Tahir,Labour Party,2018-05-03,,True,https://www.birmingham.gov.uk/info/50381/past_election_results/1685/local_government_election_results_may_2018/4
72a18bb7f2841e71,Iqbal Shazad,Liberal Democrat,2018-05-03,,True,https://www.birmingham.gov.uk/info/50381/past_election_results/1685/local_government_election_results_may_2018/4
9e2b4d204cb2882e,Shastri-Hurst Neil,The Conservative Party Candidate,2018-05-03,,True,https://www.birmingham.gov.uk/info/50381/past_election_results/1685/local_government_election_results_may_2018/4
29352f76dfc9f071,Bellavia Gino,Independent,2018-05-03,,True,https://www.birmingham.gov.uk/info/50381/past_election_results/1685/local_government_election_results_may_2018/4
f36bf7c649c3dd73,Hilton Edward Patrick,Liberal Democrat,2018-05-03,,True,https://www.birmingham.gov.uk/info/50381/past_election_results/1685/local_government_election_results_may_2018/4
b329febe2e3ef76a,Hood Jonathan Paul,Liberal Democrat,2018-05-03,,True,https://www.birmingham.gov.uk/info/50381/past_election_results/1685/local_government_election_results_may_2018/4
b959e4fe25d11501,Padda Raj,Conservative Party Candidate,2018-05-03,,True,https://www.birmingham.gov.uk/info/50381/past_election_results/1685/local_government_election_results_may_2018/4
23c65a415ff928ef,Rice Carl Joseph,Labour Party,2018-05-03,,True,https://www.birmingham.gov.uk/info/50381/past_election_results/1685/local_government_election_results_may_2018/4
be62ebb5b00fc427,Sidhu Dal,Conservative Party Candidate,2018-05-03,,True,https://www.birmingham.gov.uk/info/50381/past_election_results/1685/local_government_election_results_may_2018/4
a187181acc10abfe,Thompson Sharon,Labour Party,2018-05-03,,True,https://www.birmingham.gov.uk/info/50381/past_election_results/1685/local_government_election_results_may_2018/4
02bb1b586a26367c,Ahmed Sultan,Liberal Democrat,2018-05-03,,True,https://www.birmingham.gov.uk/info/50381/past_election_results/1685/local_government_election_results_may_2018/4
fa5ddba70bf0f486,"Islam, Ziaul",Labour Party,2018-05-03,,True,https://www.birmingham.gov.uk/info/50381/past_election_results/1685/local_government_election_results_may_2018/4
2483dec1a1aa831a,"Jaddoo, Desmond Gustavus",The Conservative Party Candidate,2018-05-03,,True,https://www.birmingham.gov.uk/info/50381/past_election_results/1685/local_government_election_results_may_2018/4
4eb1cb09e7eb1585,Armstrong Olly,Labour Party,2018-05-03,,True,https://www.birmingham.gov.uk/info/50381/past_election_results/1685/local_government_election_results_may_2018/4
65067f78a2be3d2e,Brew Randal Anthony Maddock,The Conservative Party Candidate,2018-05-03,,True,https://www.birmingham.gov.uk/info/50381/past_election_results/1685/local_government_election_results_may_2018/4
9e268145e0112d2c,Moles Andrew William,Liberal Democrat,2018-05-03,,True,https://www.birmingham.gov.uk/info/50381/past_election_results/1685/local_government_election_results_may_2018/4
354e06c0b7889896,Okole Anne Margaret,Green Party,2018-05-03,,True,https://www.birmingham.gov.uk/info/50381/past_election_results/1685/local_government_election_results_may_2018/4
3b285f18ec903223,Coffey Tom,Conservative Party Candidate,2018-05-03,,True,https://www.birmingham.gov.uk/info/50381/past_election_results/1685/local_government_election_results_may_2018/4
fe50e6e3e32bfc6e,"Dring, Barbara",Labour Party,2018-05-03,,True,https://www.birmingham.gov.uk/info/50381/past_election_results/1685/local_government_election_results_may_2018/4
0d1d3eac08252ce6,Eyles Harry,Green Party,2018-05-03,,True,https://www.birmingham.gov.uk/info/50381/past_election_results/1685/local_government_election_results_may_2018/4
d97beb4f20ec6ac7,Fullylove Andrew James,Liberal Democrat,2018-05-03,,True,https://www.birmingham.gov.uk/info/50381/past_election_results/1685/local_government_election_results_may_2018/4
a451d9e3635b015a,Hunt Marcia,Liberal Democrat,2018-05-03,,True,https://www.birmingham.gov.uk/info/50381/past_election_results/1685/local_government_election_results_may_2018/4
1a3bd5a487e11d25,Leung Leona,Conservative Party Candidate,2018-05-03,,True,https://www.birmingham.gov.uk/info/50381/past_election_results/1685/local_government_election_results_may_2018/4
3444f5ded08e93d1,Linnecor Keith William,Labour Party,2018-05-03,,True,https://www.birmingham.gov.uk/info/50381/past_election_results/1685/local_government_election_results_may_2018/4
ee251508b5c08ef3,Coffey Janet May,Conservative Party Candidate,2018-05-03,,True,https://www.birmingham.gov.uk/info/50381/past_election_results/1685/local_government_election_results_may_2018/5
96c6ff1a19872d50,"Hanif, Mohammed",Labour Party,2018-05-03,,True,https://www.birmingham.gov.uk/info/50381/past_election_results/1685/local_government_election_results_may_2018/5
8b5abd993f6a5c41,Hunt Jon,Liberal Democrat Focus Team,2018-05-03,,True,https://www.birmingham.gov.uk/info/50381/past_election_results/1685/local_government_election_results_may_2018/5
aed313001844a0ca,Morriam Jan,Liberal Democrat Focus Team,2018-05-03,,True,https://www.birmingham.gov.uk/info/50381/past_election_results/1685/local_government_election_results_may_2018/5
f560d217ef676dc3,Kaur Sukhi,Labour Party,2018-05-03,,True,https://www.birmingham.gov.uk/info/50381/past_election_results/1685/local_government_election_results_may_2018/5
01f3cf96b5dc7e47,Rashid Tariq,Conservative Party Candidate,2018-05-03,,True,https://www.birmingham.gov.uk/info/50381/past_election_results/1685/local_government_election_results_may_2018/5
53f28aaabd3dfba2,Ward Corinthia Joy,Trade Unionist and Socialist Coalition,2018-05-03,,True,https://www.birmingham.gov.uk/info/50381/past_election_results/1685/local_government_election_results_may_2018/5
13a624e0c17f7d91,"Allsop, Stephen Richard",Liberal Democrat,2018-05-03,,True,https://www.birmingham.gov.uk/info/50381/past_election_results/1685/local_government_election_results_may_2018/5
4cb24530d066b829,Beauchamp Bob,The Conservative Party Candidate,2018-05-03,,True,https://www.birmingham.gov.uk/info/50381/past_election_results/1685/local_government_election_results_may_2018/5
f9eebaf1e16ee392,"Ward, Anita",Labour and Co-operative Party,2018-05-03,,True,https://www.birmingham.gov.uk/info/50381/past_election_results/1685/local_government_election_results_may_2018/5
a4e7c825d35ada1b,Bentley John,Green Party,2018-05-03,,True,https://www.birmingham.gov.uk/info/50381/past_election_results/1685/local_government_election_results_may_2018/5
2def351e40099944,Holtom Ann,Liberal Democrat,2018-05-03,,True,https://www.birmingham.gov.uk/info/50381/past_election_results/1685/local_government_election_results_may_2018/5
5348ed4b6df217c4,Sharpe Michael John,Labour Party,2018-05-03,,True,https://www.birmingham.gov.uk/info/50381/past_election_results/1685/local_government_election_results_may_2018/5
f1b87d9045e89f06,"Welch, Clifton Frederick",The Conservative Party Candidate,2018-05-03,,True,https://www.birmingham.gov.uk/info/50381/past_election_results/1685/local_government_election_results_may_2018/5
960dd3b2f6d35bfa,Bolton James,Green Party,2018-05-03,,True,https://www.birmingham.gov.uk/info/50381/past_election_results/1685/local_government_election_results_may_2018/5
8f2be1480966da78,Booth Kate,Labour and Co-operative Party,2018-05-03,,True,https://www.birmingham.gov.uk/info/50381/past_election_results/1685/local_government_election_results_may_2018/5
b3b5998f3aa8c7a6,Chandler Georgina,Conservative Party Candidate,2018-05-03,,True,https://www.birmingham.gov.uk/info/50381/past_election_results/1685/local_government_election_results_may_2018/5
dcaf3e88c96d6be8,Clancy John Michael,Labour and Co-operative Party,2018-05-03,,True,https://www.birmingham.gov.uk/info/50381/past_election_results/1685/local_government_election_results_may_2018/5
9947c48430c9d55d,Garrett Julia Franceska,Liberal Democrat,2018-05-03,,True,https://www.birmingham.gov.uk/info/50381/past_election_results/1685/local_government_election_results_may_2018/5
48055f51109dd66d,Okello Rachel Judith,Conservative Party Candidate,2018-05-03,,True,https://www.birmingham.gov.uk/info/50381/past_election_results/1685/local_government_election_results_may_2018/5
f9463237fd0dadf3,Walker Joanna Mary,Liberal Democrat,2018-05-03,,True,https://www.birmingham.gov.uk/info/50381/past_election_results/1685/local_government_election_results_may_2018/5
5c1bfec3734ba0b6,Ball Robert,Green Party,2018-05-03,,True,https://www.birmingham.gov.uk/info/50381/past_election_results/1685/local_government_election_results_may_2018/5
51caa964faf3ac50,"Delaney, Adrian Joseph",The Conservative Party Candidate,2018-05-03,,True,https://www.birmingham.gov.uk/info/50381/past_election_results/1685/local_government_election_results_may_2018/5
c9bc02bc4c85ac9a,Griffiths Carole Lesley,Labour Party,2018-05-03,,True,https://www.birmingham.gov.uk/info/50381/past_election_results/1685/local_government_election_results_may_2018/5
d3be8051cd22b969,Hannon Kevin Francis,Liberal Democrat,2018-05-03,,True,https://www.birmingham.gov.uk/info/50381/past_election_results/1685/local_government_election_results_may_2018/5
5662586b61bc5832,Alden John Edward Cambray,The Conservative Party Candidate,2018-05-03,,True,https://www.birmingham.gov.uk/info/50381/past_election_results/1685/local_government_election_results_may_2018/6
44e183309726be95,Andrews Mark David,Trade Unionist and Socialist Coalition,2018-05-03,,True,https://www.birmingham.gov.uk/info/50381/past_election_results/1685/local_government_election_results_may_2018/6
bf5db5206a393933,"Barber, Christopher Francis",Liberal Democrat,2018-05-03,,True,https://www.birmingham.gov.uk/info/50381/past_election_results/1685/local_government_election_results_may_2018/6
e1145a465b1c9215,Harrison Michael John,Green Party,2018-05-03,,True,https://www.birmingham.gov.uk/info/50381/past_election_results/1685/local_government_election_results_may_2018/6
7156236880d78e61,Scroggie James Patrick,-,2018-05-03,,True,https://www.birmingham.gov.uk/info/50381/past_election_results/1685/local_government_election_results_may_2018/6
8bf3fb4fd4664365,Ward Ian Antony,Labour Party,2018-05-03,,True,https://www.birmingham.gov.uk/info/50381/past_election_results/1685/local_government_election_results_may_2018/6
686db484f66820b4,Abedin Md Joynal,Liberal Democrat,2018-05-03,,True,https://www.birmingham.gov.uk/info/50381/past_election_results/1685/local_government_election_results_may_2018/6
69742611131a7fec,Azim Mohammed,Labour Party,2018-05-03,,True,https://www.birmingham.gov.uk/info/50381/past_election_results/1685/local_government_election_results_may_2018/6
122aac77fe903062,Roxanne Green,Green Party,2018-05-03,,True,https://www.birmingham.gov.uk/info/50381/past_election_results/1685/local_government_election_results_may_2018/6
b84732bf5092bfe1,"Hussain, Shabrana",Labour Party,2018-05-03,,True,https://www.birmingham.gov.uk/info/50381/past_election_results/1685/local_government_election_results_may_2018/6
34243f456ed7a1b3,"Abu, Nowshed",Conservative Party Candidate,2018-05-03,,True,https://www.birmingham.gov.uk/info/50381/past_election_results/1685/local_government_election_results_may_2018/6
fb3a6c1167e85d5a,Singh Satwinder,Liberal Democrat,2018-05-03,,True,https://www.birmingham.gov.uk/info/50381/past_election_results/1685/local_government_election_results_may_2018/6
a1abdb4ccb2e3c76,Sweet Mohammed Choudhury,Conservative Party Candidate,2018-05-03,,True,https://www.birmingham.gov.uk/info/50381/past_election_results/1685/local_government_election_results_may_2018/6
46a9c8cea4ae1f92,Ali Suhel,Conservative Party Candidate,2018-05-03,,True,https://www.birmingham.gov.uk/info/50381/past_election_results/1685/local_government_election_results_may_2018/6
0bc0b5b6b8b2b070,Collins Bob,Labour Party,2018-05-03,,True,https://www.birmingham.gov.uk/info/50381/past_election_results/1685/local_government_election_results_may_2018/6
7582c9b250bd3209,Harrison Kevin,Green Party,2018-05-03,,True,https://www.birmingham.gov.uk/info/50381/past_election_results/1685/local_government_election_results_may_2018/6
4681b89e9a25cbb9,Larden Julia,Labour Party,2018-05-03,,True,https://www.birmingham.gov.uk/info/50381/past_election_results/1685/local_government_election_results_may_2018/6
4cae8fa6cd63997c,Psirides Nicholas,Conservative Party Candidate,2018-05-03,,True,https://www.birmingham.gov.uk/info/50381/past_election_results/1685/local_government_election_results_may_2018/6
c0bee63ec5589ae2,"Tilsley, Paul Calvin",Liberal Democrat,2018-05-03,,True,https://www.birmingham.gov.uk/info/50381/past_election_results/1685/local_government_election_results_may_2018/6
a76218957dae40a1,"Ward, Mike",Liberal Democrat,2018-05-03,,True,https://www.birmingham.gov.uk/info/50381/past_election_results/1685/local_government_election_results_may_2018/6
05b09e7afa3a1d00,Ahmed Shaaky,Independent,2018-05-03,,True,https://www.birmingham.gov.uk/info/50381/past_election_results/1685/local_government_election_results_may_2018/6
0c74f9427458b86b,Akhtar Pervez,Conservative Party Candidate,2018-05-03,,True,https://www.birmingham.gov.uk/info/50381/past_election_results/1685/local_government_election_results_may_2018/6
982a990bf3083a78,Akhtar Safia Alif Noor,Labour Party,2018-05-03,,True,https://www.birmingham.gov.uk/info/50381/past_election_results/1685/local_government_election_results_may_2018/6
65a962b554fdad8e,Clawley Hazel Marjorie,Green Party,2018-05-03,,True,https://www.birmingham.gov.uk/info/50381/past_election_results/1685/local_government_election_results_may_2018/6
795e8d6d311c3d6e,Shaukat Ali Khan,Liberal Democrat,2018-05-03,,True,https://www.birmingham.gov.uk/info/50381/past_election_results/1685/local_government_election_results_may_2018/6
a2825937d51e5a2b,Khan Zaheer,Labour Party,2018-05-03,,True,https://www.birmingham.gov.uk/info/50381/past_election_results/1685/local_government_election_results_may_2018/6
462606f455ea2663,"Moynihan, Gerry",Liberal Democrat,2018-05-03,,True,https://www.birmingham.gov.uk/info/50381/past_election_results/1685/local_government_election_results_may_2018/6
272f3605c3bde07b,Uddin Kabir,Conservative Party Candidate,2018-05-03,,True,https://www.birmingham.gov.uk/info/50381/past_election_results/1685/local_government_election_results_may_2018/6
c8eafd1f8d32747b,Choudhury Janatul Thamanna,Conservative Party Candidate,2018-05-03,,True,https://www.birmingham.gov.uk/info/50381/past_election_results/1685/local_government_election_results_may_2018/6
b24dcd3aaa9c239a,Dennis Kefentse,Green Party,2018-05-03,,True,https://www.birmingham.gov.uk/info/50381/past_election_results/1685/local_government_election_results_may_2018/6
b46405a9c69a0ac9,Hardy Gareth Andrew,Liberal Democrat,2018-05-03,,True,https://www.birmingham.gov.uk/info/50381/past_election_results/1685/local_government_election_results_may_2018/6
1e3f967cd3416cf5,Islam Mohammed Kaisarul,Conservative Party Candidate,2018-05-03,,True,https://www.birmingham.gov.uk/info/50381/past_election_results/1685/local_government_election_results_may_2018/6
4b2438d9be639d64,"Lal, Chaman",Labour Party,2018-05-03,,True,https://www.birmingham.gov.uk/info/50381/past_election_results/1685/local_government_election_results_may_2018/6
9285fd3a6e418019,Maxwell Richard William,Liberal Democrat,2018-05-03,,True,https://www.birmingham.gov.uk/info/50381/past_election_results/1685/local_government_election_results_may_2018/6
4baf0c3aa1c3431b,Spence Sybil,Labour Party,2018-05-03,,True,https://www.birmingham.gov.uk/info/50381/past_election_results/1685/local_government_election_results_may_2018/6
d08ebf5893ad03d9,Axford Susan,The Conservative Party Candidate,2018-05-03,,True,https://www.birmingham.gov.uk/info/50381/past_election_results/1685/local_government_election_results_may_2018/6
64708fe777e3e8cf,Choudhry Zaker Ullah,Liberal Democrat,2018-05-03,,True,https://www.birmingham.gov.uk/info/50381/past_election_results/1685/local_government_election_results_may_2018/6
64ed5faa73aae6b1,Garghan Christopher,Green Party,2018-05-03,,True,https://www.birmingham.gov.uk/info/50381/past_election_results/1685/local_government_election_results_may_2018/6
47db6ac51d75cd5a,Welburn David Arthur,Labour Party,2018-05-03,,True,https://www.birmingham.gov.uk/info/50381/past_election_results/1685/local_government_election_results_may_2018/6
dfa474b1a12da0e5,Nicky Brennan,Labour Party,2018-05-03,,True,https://www.birmingham.gov.uk/info/50381/past_election_results/1685/local_government_election_results_may_2018/6
5fd65531d753ffb3,"Choudhry, Tanveer",Liberal Democrat,2018-05-03,,True,https://www.birmingham.gov.uk/info/50381/past_election_results/1685/local_government_election_results_may_2018/6
f4991248187d8eb5,Fazal Mohammed,Labour Party,2018-05-03,,True,https://www.birmingham.gov.uk/info/50381/past_election_results/1685/local_government_election_results_may_2018/6
63ded36ceb9e9fa7,"Hussain, Tassawar",Liberal Democrat,2018-05-03,,True,https://www.birmingham.gov.uk/info/50381/past_election_results/1685/local_government_election_results_may_2018/6
9b90e62926f7e3d2,Mohammed Murad,Conservative Party Candidate,2018-05-03,,True,https://www.birmingham.gov.uk/info/50381/past_election_results/1685/local_government_election_results_may_2018/6
60c6ea6cfbbc4dc9,Talukder Mohammed Zia Uddin,Conservative Party Candidate,2018-05-03,,True,https://www.birmingham.gov.uk/info/50381/past_election_results/1685/local_government_election_results_may_2018/6
8e4ba3e35e608b8d,"Banting, Philip Andrew",Liberal Democrat,2018-05-03,,True,https://www.birmingham.gov.uk/info/50381/past_election_results/1685/local_government_election_results_may_2018/6
adf1be3426180ded,Lawrence Reuben,Birmingham Worker,2018-05-03,,True,https://www.birmingham.gov.uk/info/50381/past_election_results/1685/local_government_election_results_may_2018/6
7dd884c1540296fa,"Locke, Mary",Labour and Co-operative Party,2018-05-03,,True,https://www.birmingham.gov.uk/info/50381/past_election_results/1685/local_government_election_results_may_2018/6
021b0e17dabdd1db,"Stanton, Elly",Green Party,2018-05-03,,True,https://www.birmingham.gov.uk/info/50381/past_election_results/1685/local_government_election_results_may_2018/6
84f3717422ce3006,Williams Owen Vaughan,The Conservative Party Candidate,2018-05-03,,True,https://www.birmingham.gov.uk/info/50381/past_election_results/1685/local_government_election_results_may_2018/6
3ba220d750afdd5c,Harmer Joseph Benjamin,Liberal Democrat,2018-05-03,,True,https://www.birmingham.gov.uk/info/50381/past_election_results/1685/local_government_election_results_may_2018/6
094a0f44c50ee292,Holbrook Penny,Labour Party,2018-05-03,,True,https://www.birmingham.gov.uk/info/50381/past_election_results/1685/local_government_election_results_may_2018/6
14eddb4aa3cf0a67,Jones Josh,Labour Party,2018-05-03,,True,https://www.birmingham.gov.uk/info/50381/past_election_results/1685/local_government_election_results_may_2018/6
5ff72d811f4c5a4b,Kayani Mohammad Shahnawaz,Conservative Party Candidate,2018-05-03,,True,https://www.birmingham.gov.uk/info/50381/past_election_results/1685/local_government_election_results_may_2018/6
4f3de31d0d83a2b4,"Mehmood, Asif",Conservative Party Candidate,2018-05-03,,True,https://www.birmingham.gov.uk/info/50381/past_election_results/1685/local_government_election_results_may_2018/6
888ae821342d73f0,Syed Riz,Liberal Democrat,2018-05-03,,True,https://www.birmingham.gov.uk/info/50381/past_election_results/1685/local_government_election_results_may_2018/6
8a66678054ec316b,"Woodley, Ted",Trade Unionist and Socialist Coalition,2018-05-03,,True,https://www.birmingham.gov.uk/info/50381/past_election_results/1685/local_government_election_results_may_2018/6
3a48081de295bc2e,"Barley, Roger",Labour Party,2018-05-03,,True,https://www.birmingham.gov.uk/info/50381/past_election_results/1685/local_government_election_results_may_2018/6
189084bebee3a0d8,Cornish Maureen,The Conservative Party Candidate,2018-05-03,,True,https://www.birmingham.gov.uk/info/50381/past_election_results/1685/local_government_election_results_may_2018/6
e5b6a2dcece0adf1,Nunan Fiona,Green Party,2018-05-03,,True,https://www.birmingham.gov.uk/info/50381/past_election_results/1685/local_government_election_results_may_2018/6
9cd3a54607e87a06,"Willett, David Michael",Liberal Democrat,2018-05-03,,True,https://www.birmingham.gov.uk/info/50381/past_election_results/1685/local_government_election_results_may_2018/6
6a2243f5421d570f,Brindley Ian,Labour Party,2018-05-03,,True,https://www.birmingham.gov.uk/info/50381/past_election_results/1685/local_government_election_results_may_2018/6
7c0f87203f7d8201,Meirion Jenkins,The Conservative Party Candidate,2018-05-03,,True,https://www.birmingham.gov.uk/info/50381/past_election_results/1685/local_government_election_results_may_2018/6
21ebe63df7eac4b4,Mayner Jonny,Liberal Democrat,2018-05-03,,True,https://www.birmingham.gov.uk/info/50381/past_election_results/1685/local_government_election_results_may_2018/6
68a1e4d207c6bfe5,Ratcliff David Martin,Green Party,2018-05-03,,True,https://www.birmingham.gov.uk/info/50381/past_election_results/1685/local_government_election_results_may_2018/6
e7b795712fac9260,Cotterill Stewart James,UK Independence Party (UKIP),2018-05-03,,True,https://www.birmingham.gov.uk/info/50381/past_election_results/1685/local_government_election_results_may_2018/6
0be2b4efe91b0242,"Cotterill, Timothy James",Liberal Democrat,2018-05-03,,True,https://www.birmingham.gov.uk/info/50381/past_election_results/1685/local_government_election_results_may_2018/6
e685ca5686d48925,Hodivala Charlotte,The Conservative Party Candidate,2018-05-03,,True,https://www.birmingham.gov.uk/info/50381/past_election_results/1685/local_government_election_results_may_2018/6
624755c9fc48b523,Preston Judy,Labour Party,2018-05-03,,True,https://www.birmingham.gov.uk/info/50381/past_election_results/1685/local_government_election_results_may_2018/6
f834b2a1ba61e4f6,Greaves Will,Green Party,2018-05-03,,True,https://www.birmingham.gov.uk/info/50381/past_election_results/1685/local_government_election_results_may_2018/6
836177dbe2ef931f,Mackey Ewan,The Conservative Party Candidate,2018-05-03,,True,https://www.birmingham.gov.uk/info/50381/past_election_results/1685/local_government_election_results_may_2018/6
687582583c84dadd,Potter Kate,Liberal Democrat,2018-05-03,,True,https://www.birmingham.gov.uk/info/50381/past_election_results/1685/local_government_election_results_may_2018/6
ac6bc7f362f25707,Tomlinson Paul,Labour Party,2018-05-03,,True,https://www.birmingham.gov.uk/info/50381/past_election_results/1685/local_government_election_results_may_2018/6
055757fce0314dac,French Peter Robert,Labour Party,2018-05-03,,True,https://www.birmingham.gov.uk/info/50381/past_election_results/1685/local_government_election_results_may_2018/6
04288151cb3ab210,Madden Sean,Green Party,2018-05-03,,True,https://www.birmingham.gov.uk/info/50381/past_election_results/1685/local_government_election_results_may_2018/6
d42709ea64998f9c,David Pears,The Conservative Party Candidate,2018-05-03,,True,https://www.birmingham.gov.uk/info/50381/past_election_results/1685/local_government_election_results_may_2018/6
99cc987eac634fd0,"Wilkinson, Jenny",Liberal Democrat,2018-05-03,,True,https://www.birmingham.gov.uk/info/50381/past_election_results/1685/local_government_election_results_may_2018/6
825cf1a1ad9dac74,Cairns Janet,Conservative Party Candidate,2018-05-03,,True,https://www.birmingham.gov.uk/info/50381/past_election_results/1685/local_government_election_results_may_2018/6
eaf6c4db95c691d2,Gibson Matthew James,Liberal Democrat,2018-05-03,,True,https://www.birmingham.gov.uk/info/50381/past_election_results/1685/local_government_election_results_may_2018/6
4514641fd8f53f88,Khalid Mohammed,Liberal Democrat,2018-05-03,,True,https://www.birmingham.gov.uk/info/50381/past_election_results/1685/local_government_election_results_may_2018/6
87b01e7414708019,Marriott Colin,Green Party,2018-05-03,,True,https://www.birmingham.gov.uk/info/50381/past_election_results/1685/local_government_election_results_may_2018/6
0f3f83d8cd06332b,Passey Louise,Conservative Party Candidate,2018-05-03,,True,https://www.birmingham.gov.uk/info/50381/past_election_results/1685/local_government_election_results_may_2018/6
7fa44f64bf8018b5,"Pocock, Rob",Labour Party,2018-05-03,,True,https://www.birmingham.gov.uk/info/50381/past_election_results/1685/local_government_election_results_may_2018/6
e0184d29f136179f,Scott Kath,Labour Party,2018-05-03,,True,https://www.birmingham.gov.uk/info/50381/past_election_results/1685/local_government_election_results_may_2018/6
f7be5491f25dc8fc,"Auton, Ben",Green Party,2018-05-03,,True,https://www.birmingham.gov.uk/info/50381/past_election_results/1685/local_government_election_results_may_2018/6
b37e9dd005007858,Barrie David Stuart,Conservative Party Candidate,2018-05-03,,True,https://www.birmingham.gov.uk/info/50381/past_election_results/1685/local_government_election_results_may_2018/6
922ea744268dabb3,"Cooke, David",Liberal Democrat,2018-05-03,,True,https://www.birmingham.gov.uk/info/50381/past_election_results/1685/local_government_election_results_may_2018/6
914b9d4e175349b9,Coxall Katy,Labour Party,2018-05-03,,True,https://www.birmingham.gov.uk/info/50381/past_election_results/1685/local_government_election_results_may_2018/6
4d1b1078b92a230e,Finnegan Paul,Labour Party,2018-05-03,,True,https://www.birmingham.gov.uk/info/50381/past_election_results/1685/local_government_election_results_may_2018/6
e9257652a3078537,Garrington James Austin,Liberal Democrat,2018-05-03,,True,https://www.birmingham.gov.uk/info/50381/past_election_results/1685/local_government_election_results_may_2018/6
c93fb7f3cbab7ddc,O'Hagan David Michael,Independents for Sutton,2018-05-03,,True,https://www.birmingham.gov.uk/info/50381/past_election_results/1685/local_government_election_results_may_2018/6
fecc48b84224e02c,Ken Wood,Conservative Party Candidate,2018-05-03,,True,https://www.birmingham.gov.uk/info/50381/past_election_results/1685/local_government_election_results_may_2018/6
7c90b8902e044071,Challenor Zoe,Green Party,2018-05-03,,True,https://www.birmingham.gov.uk/info/50381/past_election_results/1685/local_government_election_results_may_2018/6
c68efa3f1e080b2e,Johnson Terry,Labour Party,2018-05-03,,True,https://www.birmingham.gov.uk/info/50381/past_election_results/1685/local_government_election_results_may_2018/6
be7cc0811de4b427,Spencer John Malcolm,Liberal Democrat,2018-05-03,,True,https://www.birmingham.gov.uk/info/50381/past_election_results/1685/local_government_election_results_may_2018/6
a3beeb3c6a10648a,Alex Yip,The Conservative Party Candidate,2018-05-03,,True,https://www.birmingham.gov.uk/info/50381/past_election_results/1685/local_government_election_results_may_2018/6
db5e17fb3c0d46a2,Ali Syed Jamshed,Liberal Democrat,2018-05-03,,True,https://www.birmingham.gov.uk/info/50381/past_election_results/1685/local_government_election_results_may_2018/7
e89ae4da88da15fd,"Iqbal, Zafar",Labour Party,2018-05-03,,True,https://www.birmingham.gov.uk/info/50381/past_election_results/1685/local_government_election_results_may_2018/7
d864752f4269b281,Khan Shafayet Ali,The Conservative Party Candidate,2018-05-03,,True,https://www.birmingham.gov.uk/info/50381/past_election_results/1685/local_government_election_results_may_2018/7
0ec0fc9eb4f60d29,Sheridan Mike,The Liberal Party Candidate,2018-05-03,,True,https://www.birmingham.gov.uk/info/50381/past_election_results/1685/local_government_election_results_may_2018/7
8c1fed6516f53982,"Aikhlaq, Mohammed",Labour Party,2018-05-03,,True,https://www.birmingham.gov.uk/info/50381/past_election_results/1685/local_government_election_results_may_2018/7
2b265f7abe27bd10,Ali Nazabit,Liberal Democrat,2018-05-03,,True,https://www.birmingham.gov.uk/info/50381/past_election_results/1685/local_government_election_results_may_2018/7
64fac60cc770465b,Hamblin Joseph David John,The Conservative Party Candidate,2018-05-03,,True,https://www.birmingham.gov.uk/info/50381/past_election_results/1685/local_government_election_results_may_2018/7
bb653d125745a51a,Hussain Wajid,Independent,2018-05-03,,True,https://www.birmingham.gov.uk/info/50381/past_election_results/1685/local_government_election_results_may_2018/7
209d84193bed00e3,Chatfield Tristan John Freeston,Labour Party,2018-05-03,,True,https://www.birmingham.gov.uk/info/50381/past_election_results/1685/local_government_election_results_may_2018/7
33e916b3b8972266,Flood Des,Conservative Party Candidate,2018-05-03,,True,https://www.birmingham.gov.uk/info/50381/past_election_results/1685/local_government_election_results_may_2018/7
00b6b3c5e5997a14,"Hardie, Andrew David",Conservative Party Candidate,2018-05-03,,True,https://www.birmingham.gov.uk/info/50381/past_election_results/1685/local_government_election_results_may_2018/7
83c04565739c5cc7,Hart Nick,Trade Unionist and Socialist Coalition,2018-05-03,,True,https://www.birmingham.gov.uk/info/50381/past_election_results/1685/local_government_election_results_may_2018/7
897aaa742f140622,Johnson Julie,Labour Party,2018-05-03,,True,https://www.birmingham.gov.uk/info/50381/past_election_results/1685/local_government_election_results_may_2018/7
8f5240e69c261416,Masters Eleanor Jane,Green Party,2018-05-03,,True,https://www.birmingham.gov.uk/info/50381/past_election_results/1685/local_government_election_results_may_2018/7
523a9aa2d3fe227a,Sword Trevor Peter,Liberal Democrat,2018-05-03,,True,https://www.birmingham.gov.uk/info/50381/past_election_results/1685/local_government_election_results_may_2018/7
da01d2e00ecc3b18,"Wright, Robert Ian",Liberal Democrat,2018-05-03,,True,https://www.birmingham.gov.uk/info/50381/past_election_results/1685/local_government_election_results_may_2018/7
4d1697a9e2cc939c,Caldecott Edwin Luke Charles,The Conservative Party Candidate,2018-05-03,,True,https://www.birmingham.gov.uk/info/50381/past_election_results/1685/local_government_election_results_may_2018/7
2c4670367cda072a,Eustace Neil Anthony,Liberal Democrat,2018-05-03,,True,https://www.birmingham.gov.uk/info/50381/past_election_results/1685/local_government_election_results_may_2018/7
795bc179f61b7aeb,Wackett Ann Ruth,Labour Party,2018-05-03,,True,https://www.birmingham.gov.uk/info/50381/past_election_results/1685/local_government_election_results_may_2018/7
d11bc87b7ab61509,Ali Mothin,The Conservative Party Candidate,2018-05-03,,True,https://www.birmingham.gov.uk/info/50381/past_election_results/1685/local_government_election_results_may_2018/7
761ddcccf898c5d4,Baber Baz,Liberal Democrat,2018-05-03,,True,https://www.birmingham.gov.uk/info/50381/past_election_results/1685/local_government_election_results_may_2018/7
47e139434522b339,Dad Basharat,Labour Party,2018-05-03,,True,https://www.birmingham.gov.uk/info/50381/past_election_results/1685/local_government_election_results_may_2018/7
87bdc834130099cb,Ali Wajad,Conservative Party Candidate,2018-05-03,,True,https://www.birmingham.gov.uk/info/50381/past_election_results/1685/local_government_election_results_may_2018#top
6711b70b9f075c6c,Baker Amanda Caroline,Green Party,2018-05-03,,True,https://www.birmingham.gov.uk/info/50381/past_election_results/1685/local_government_election_results_may_2018#top
879f28dd240212e7,Flynn Eamonn Kevin,Trade Unionist and Socialist Coalition,2018-05-03,,True,https://www.birmingham.gov.uk/info/50381/past_election_results/1685/local_government_election_results_may_2018#top
1cf7a09f1777f9a9,Harmer Roger Kingdon,Liberal Democrat,2018-05-03,,True,https://www.birmingham.gov.uk/info/50381/past_election_results/1685/local_government_election_results_may_2018#top
1063309d855b9d74,O'Shea John,Labour Party,2018-05-03,,True,https://www.birmingham.gov.uk/info/50381/past_election_results/1685/local_government_election_results_may_2018#top
e17641be8b013eb1,Penny Wagg,Liberal Democrat,2018-05-03,,True,https://www.birmingham.gov.uk/info/50381/past_election_results/1685/local_government_election_results_may_2018#top
23d4e8c557060b1b,Watson Luke,Conservative Party Candidate,2018-05-03,,True,https://www.birmingham.gov.uk/info/50381/past_election_results/1685/local_government_election_results_may_2018#top
43cf005b16da0200,"Williams, Fiona",Labour Party,2018-05-03,,True,https://www.birmingham.gov.uk/info/50381/past_election_results/1685/local_government_election_results_may_2018#top
8dd86ab2bbdb8264,Beck Peter Charles,Green Party,2018-05-03,,True,https://www.birmingham.gov.uk/info/50381/past_election_results/1685/local_government_election_results_may_2018#top
9657547e2df4d589,Bedser Steve,Labour and Co-operative Party,2018-05-03,,True,https://www.birmingham.gov.uk/info/50381/past_election_results/1685/local_government_election_results_may_2018#top
693fdd0bc1b4876a,Fielden Claire Alexandra,Liberal Democrat,2018-05-03,,True,https://www.birmingham.gov.uk/info/50381/past_election_results/1685/local_government_election_results_may_2018#top
102f733614311601,Eddie Freeman,The Conservative Party,2018-05-03,,True,https://www.birmingham.gov.uk/info/50381/past_election_results/1685/local_government_election_results_may_2018#top
bcd5ac33c6b4f38f,Rodgers Dick,Common Good,2018-05-03,,True,https://www.birmingham.gov.uk/info/50381/past_election_results/1685/local_government_election_results_may_2018#top
874bd90b9aef0aea,Brookes-Bland,Conservative Party Candidate,2018-05-03,,True,https://www.birmingham.gov.uk/info/50381/past_election_results/1685/local_government_election_results_may_2018#top
4f8039f4354d0a85,"Idrees, Mohammed",Labour Party,2018-05-03,,True,https://www.birmingham.gov.uk/info/50381/past_election_results/1685/local_government_election_results_may_2018#top
0884495a333756fc,Khan Amil,Conservative Party Candidate,2018-05-03,,True,https://www.birmingham.gov.uk/info/50381/past_election_results/1685/local_government_election_results_may_2018#top
b8c7734b79830807,"Khan, Mariam",Labour Party,2018-05-03,,True,https://www.birmingham.gov.uk/info/50381/past_election_results/1685/local_government_election_results_may_2018#top
8b6712271721b5d4,Lister Thomas,Liberal Democrat,2018-05-03,,True,https://www.birmingham.gov.uk/info/50381/past_election_results/1685/local_government_election_results_may_2018#top
fce658ccddc1c090,Ross Colin,Liberal Democrat,2018-05-03,,True,https://www.birmingham.gov.uk/info/50381/past_election_results/1685/local_government_election_results_may_2018#top
3f449d7ad171322a,Afzal Muhammad,Labour Party,2018-05-03,,True,https://www.birmingham.gov.uk/info/50381/past_election_results/1685/local_government_election_results_may_2018#top
4dfd250770731f8f,Aziz Abdul,Independent,2018-05-03,,True,https://www.birmingham.gov.uk/info/50381/past_election_results/1685/local_government_election_results_may_2018#top
fe57d2cee50421a9,Bennett Margaret Sandra,Conservative Party Candidate,2018-05-03,,True,https://www.birmingham.gov.uk/info/50381/past_election_results/1685/local_government_election_results_may_2018#top
65e0fbf328afac45,Choudhury Jahid Ahmed,Conservative Party Candidate,2018-05-03,,True,https://www.birmingham.gov.uk/info/50381/past_election_results/1685/local_government_election_results_may_2018#top
d5fa29fb1a267444,Kauser Nagina,Labour Party,2018-05-03,,True,https://www.birmingham.gov.uk/info/50381/past_election_results/1685/local_government_election_results_may_2018#top
19738e5d1cef6c1b,Khan Ayoub,Liberal Democrat,2018-05-03,,True,https://www.birmingham.gov.uk/info/50381/past_election_results/1685/local_government_election_results_may_2018#top
a387574ad953eff0,Rana Vijay,Green Party,2018-05-03,,True,https://www.birmingham.gov.uk/info/50381/past_election_results/1685/local_government_election_results_may_2018#top
cb09f9b7ad504681,Uddin Sham,Liberal Democrat,2018-05-03,,True,https://www.birmingham.gov.uk/info/50381/past_election_results/1685/local_government_election_results_may_2018#top
4cf8506e3947c530,Fazel Ali,The Conservative Party Candidate,2018-05-03,,True,https://www.birmingham.gov.uk/info/50381/past_election_results/1685/local_government_election_results_may_2018#top
d0ca44ba6fa31be0,"Guest, Martin John",Green Party,2018-05-03,,True,https://www.birmingham.gov.uk/info/50381/past_election_results/1685/local_government_election_results_may_2018#top
af727a896275d356,Ibrahem Sammi,Birmingham Worker,2018-05-03,,True,https://www.birmingham.gov.uk/info/50381/past_election_results/1685/local_government_election_results_may_2018#top
256b83a673b841f4,Issa Islam Ahmed,Liberal Democrat,2018-05-03,,True,https://www.birmingham.gov.uk/info/50381/past_election_results/1685/local_government_election_results_may_2018#top
4b130b5f20d17e89,"Malik, Zhor",Labour Party,2018-05-03,,True,https://www.birmingham.gov.uk/info/50381/past_election_results/1685/local_government_election_results_may_2018#top
9eaf33340104d356,"Lines, Bruce John",Conservative Party Candidate,2018-05-03,,True,https://www.birmingham.gov.uk/info/50381/past_election_results/1685/local_government_election_results_may_2018#top
b736dab60c7c7a71,Lines John,Conservative Party Candidate,2018-05-03,,True,https://www.birmingham.gov.uk/info/50381/past_election_results/1685/local_government_election_results_may_2018#top
b79823f3229eacad,Osborne David,Liberal Democrat,2018-05-03,,True,https://www.birmingham.gov.uk/info/50381/past_election_results/1685/local_government_election_results_may_2018#top
6c2a098e3d3bd9ca,Osborne Maureen Ada,Liberal Democrat,2018-05-03,,True,https://www.birmingham.gov.uk/info/50381/past_election_results/1685/local_government_election_results_may_2018#top
74eec6fb3a52a98d,Preston Paul,Labour Party,2018-05-03,,True,https://www.birmingham.gov.uk/info/50381/past_election_results/1685/local_government_election_results_may_2018#top
ed199f894a938b68,"Robertson, James",Green Party,2018-05-03,,True,https://www.birmingham.gov.uk/info/50381/past_election_results/1685/local_government_election_results_may_2018#top
812e78af540c445f,"Shemmans, Joanne",Labour Party,2018-05-03,,True,https://www.birmingham.gov.uk/info/50381/past_election_results/1685/local_government_election_results_may_2018#top
a3bb997e3748dc6f,Davis Phil,Labour Party,2018-05-03,,True,https://www.birmingham.gov.uk/info/50381/past_election_results/1685/local_government_election_results_may_2018#top
0446202d1d70e0b8,Gaussen David,Green Party,2018-05-03,,True,https://www.birmingham.gov.uk/info/50381/past_election_results/1685/local_government_election_results_may_2018#top
47d6d1fff4c3fe1f,"Grant, Robert Andrew",Green Party,2018-05-03,,True,https://www.birmingham.gov.uk/info/50381/past_election_results/1685/local_government_election_results_may_2018#top
9488d43672b3fc34,Huxley Tom,Conservative Party Candidate,2018-05-03,,True,https://www.birmingham.gov.uk/info/50381/past_election_results/1685/local_government_election_results_may_2018#top
3898a3816eb5a6c3,James Jane,Conservative Party Candidate,2018-05-03,,True,https://www.birmingham.gov.uk/info/50381/past_election_results/1685/local_government_election_results_may_2018#top
bf12b9b4423e1942,Morrow Alan,Liberal Democrat,2018-05-03,,True,https://www.birmingham.gov.uk/info/50381/past_election_results/1685/local_government_election_results_may_2018#top
bf790498d2a48eeb,Seymour-Smith Lucy Emma,Labour Party,2018-05-03,,True,https://www.birmingham.gov.uk/info/50381/past_election_results/1685/local_government_election_results_may_2018#top
d3581c602cbdeef4,Wagg Philip Richard Charles,Liberal Democrat,2018-05-03,,True,https://www.birmingham.gov.uk/info/50381/past_election_results/1685/local_government_election_results_may_2018#top
ee5ec4d691b17863,Billah Rezaul,Liberal Democrat,2018-05-03,,True,https://www.birmingham.gov.uk/info/50381/past_election_results/1685/local_government_election_results_may_2018#top
8ea6dfca9efc824f,Hussain Mahmood,Labour Party,2018-05-03,,True,https://www.birmingham.gov.uk/info/50381/past_election_results/1685/local_government_election_results_may_2018#top
ba7ad2aac72ff44f,Khan Raja Shahpal,The Conservative Party Candidate,2018-05-03,,True,https://www.birmingham.gov.uk/info/50381/past_election_results/1685/local_government_election_results_may_2018#top
5ccfbe8e025e9069,Clements Liz,Labour Party,2018-05-03,,True,https://www.birmingham.gov.uk/info/50381/past_election_results/1685/local_government_election_results_may_2018#top
8651a0d08230797e,Douglas Osborn Peter Ernest,Conservative Party Candidate,2018-05-03,,True,https://www.birmingham.gov.uk/info/50381/past_election_results/1685/local_government_election_results_may_2018#top
d7b678b344afd3f3,Grindrod Fred,Labour Party,2018-05-03,,True,https://www.birmingham.gov.uk/info/50381/past_election_results/1685/local_government_election_results_may_2018#top
c84815032bb293c4,"Hammond, Claire Marie",Green Party,2018-05-03,,True,https://www.birmingham.gov.uk/info/50381/past_election_results/1685/local_government_election_results_may_2018#top
250af6464d8e3645,Masters Anna,Green Party,2018-05-03,,True,https://www.birmingham.gov.uk/info/50381/past_election_results/1685/local_government_election_results_may_2018#top
26145382626305ff,"Radcliffe, David Stephen",Liberal Democrat,2018-05-03,,True,https://www.birmingham.gov.uk/info/50381/past_election_results/1685/local_government_election_results_may_2018#top
ab02d070e341a8cc,Sealey Rob,Conservative Party Candidate,2018-05-03,,True,https://www.birmingham.gov.uk/info/50381/past_election_results/1685/local_government_election_results_may_2018#top
ed444aedbf198d6d,Stimpson Timothy Matthew,Liberal Democrat,2018-05-03,,True,https://www.birmingham.gov.uk/info/50381/past_election_results/1685/local_government_election_results_may_2018#top
dc1c72b6b5fdaedd,Walder Clive Richard,Trade Unionist and Socialist Coalition,2018-05-03,,True,https://www.birmingham.gov.uk/info/50381/past_election_results/1685/local_government_election_results_may_2018#top
d5cfd3e7d44e2f37,Iliff Daniel James,Liberal Democrat,2018-05-03,,True,https://www.birmingham.gov.uk/info/50381/past_election_results/1685/local_government_election_results_may_2018#top
c0c0f54c047af5ca,Jenkins Tom,Green Party,2018-05-03,,True,https://www.birmingham.gov.uk/info/50381/past_election_results/1685/local_government_election_results_may_2018#top
0e522192c744910f,Mackey Julia,The Conservative Party Candidate,2018-05-03,,True,https://www.birmingham.gov.uk/info/50381/past_election_results/1685/local_government_election_results_may_2018#top
32606fe94344d82b,Mosquito Yvonne Maria,Labour Party,2018-05-03,,True,https://www.birmingham.gov.uk/info/50381/past_election_results/1685/local_government_election_results_may_2018#top
e7e8f304a95fff9b,Clawley Alan,Green Party,2018-05-03,,True,https://www.birmingham.gov.uk/info/50381/past_election_results/1685/local_government_election_results_may_2018#top
f7b0cddad62d7b44,Rashid Chauhdry,Labour Party,2018-05-03,,True,https://www.birmingham.gov.uk/info/50381/past_election_results/1685/local_government_election_results_may_2018#top
78c507e13cbf2546,Mohammed Saeed,Liberal Democrat,2018-05-03,,True,https://www.birmingham.gov.uk/info/50381/past_election_results/1685/local_government_election_results_may_2018#top
5a41b350ba76a80f,Tifow Ayan,The Conservative Party Candidate,2018-05-03,,True,https://www.birmingham.gov.uk/info/50381/past_election_results/1685/local_government_election_results_may_2018#top
fb01e9eb18b4e219,Calcutt Jake,Liberal Democrat,2018-05-03,,True,https://www.birmingham.gov.uk/info/50381/past_election_results/1685/local_government_election_results_may_2018#top
37d0bc5665690e15,Gillan Angus Fraser,Conservative Party Candidate,2018-05-03,,True,https://www.birmingham.gov.uk/info/50381/past_election_results/1685/local_government_election_results_may_2018#top
b2ff0757fa8d6514,"Hardie, Monica Catherine",Conservative Party Candidate,2018-05-03,,True,https://www.birmingham.gov.uk/info/50381/past_election_results/1685/local_government_election_results_may_2018#top
5b4982d865bbba2e,Jones Brigid,Labour and Co-operative Party,2018-05-03,,True,https://www.birmingham.gov.uk/info/50381/past_election_results/1685/local_government_election_results_may_2018#top
bdf1231e4322f7a3,Kiff Alice Jean,Green Party,2018-05-03,,True,https://www.birmingham.gov.uk/info/50381/past_election_results/1685/local_government_election_results_may_2018#top
21d165db4ec38848,Mabbett Benjamin,Green Party,2018-05-03,,True,https://www.birmingham.gov.uk/info/50381/past_election_results/1685/local_government_election_results_may_2018#top
261b23a348daf30f,"McCarthy, Karen Teresa",Labour and Co-operative Party,2018-05-03,,True,https://www.birmingham.gov.uk/info/50381/past_election_results/1685/local_government_election_results_may_2018#top
b29b41bb030de319,Thornton Sophie,Liberal Democrat,2018-05-03,,True,https://www.birmingham.gov.uk/info/50381/past_election_results/1685/local_government_election_results_may_2018#top
43ef19df2cf4df5c,Witts Sam,Trade Unionist and Socialist Coalition,2018-05-03,,True,https://www.birmingham.gov.uk/info/50381/past_election_results/1685/local_government_election_results_may_2018#top
2ab41682745b0b2f,Burgess Chris,Liberal Democrat,2018-05-03,,True,https://www.birmingham.gov.uk/info/50381/past_election_results/1685/local_government_election_results_may_2018#top
e664620a1d1689ba,Cox Patrick,Green Party,2018-05-03,,True,https://www.birmingham.gov.uk/info/50381/past_election_results/1685/local_government_election_results_may_2018#top
88539a497902ac41,Cremer Katherine,Birmingham Worker,2018-05-03,,True,https://www.birmingham.gov.uk/info/50381/past_election_results/1685/local_government_election_results_may_2018#top
ddc9a8ecd59385f0,Franks Gordon John,Conservative Party Candidate,2018-05-03,,True,https://www.birmingham.gov.uk/info/50381/past_election_results/1685/local_government_election_results_may_2018#top
51bee26e2d3019b1,Gilliam Rob,Liberal Democrat,2018-05-03,,True,https://www.birmingham.gov.uk/info/50381/past_election_results/1685/local_government_election_results_may_2018#top
631907493c5cfcc3,Kaya Julie,Green Party,2018-05-03,,True,https://www.birmingham.gov.uk/info/50381/past_election_results/1685/local_government_election_results_may_2018#top
615b87ff4fffa214,Leddy Mike,Labour Party,2018-05-03,,True,https://www.birmingham.gov.uk/info/50381/past_election_results/1685/local_government_election_results_may_2018#top
5e7c134b3ac31704,Mackenzie-Lawrie Joshua Duncan,Conservative Party Candidate,2018-05-03,,True,https://www.birmingham.gov.uk/info/50381/past_election_results/1685/local_government_election_results_may_2018#top
7e8fea23e71ac9fb,Murray Bill,Trade Unionist and Socialist Coalition,2018-05-03,,True,https://www.birmingham.gov.uk/info/50381/past_election_results/1685/local_government_election_results_may_2018#top
4dd69b60f0f22d86,"Trickett, Lisa",Labour Party,2018-05-03,,True,https://www.birmingham.gov.uk/info/50381/past_election_results/1685/local_government_election_results_may_2018#top
d33c39b3b4851240,Diane Donaldson,Labour Party,2018-05-03,,True,https://www.birmingham.gov.uk/info/50381/past_election_results/1685/local_government_election_results_may_2018#top
30e7e31d089263a0,Majid Mahmood,Labour Party,2018-05-03,,True,https://www.birmingham.gov.uk/info/50381/past_election_results/1685/local_government_election_results_may_2018#top
2cb871d066b6e360,"Mehmood, Asad",Liberal Democrat,2018-05-03,,True,https://www.birmingham.gov.uk/info/50381/past_election_results/1685/local_government_election_results_may_2018#top
09178100c21fc61a,Neilly Gwyn,Liberal Democrat,2018-05-03,,True,https://www.birmingham.gov.uk/info/50381/past_election_results/1685/local_government_election_results_may_2018#top
0b2eac5073d16fad,Rahman Aminur,Conservative Party Candidate,2018-05-03,,True,https://www.birmingham.gov.uk/info/50381/past_election_results/1685/local_government_election_results_may_2018#top
7b0f9752c736c788,Tudor Bogdan,Conservative Party Candidate,2018-05-03,,True,https://www.birmingham.gov.uk/info/50381/past_election_results/1685/local_government_election_results_may_2018#top
